id_propiedad,ciudad,barrio_distrito,tipo_operacion,tipo_inmueble,precio,superficie_m2,habitaciones,baños,estado,año_construccion,planta,ascensor,terraza,piscina,garaje,trastero,distancia_centro_km,fecha_publicacion,rango_m2,precio_m2
1,Madrid,Arganzuela,Venta,Piso,,57.8,2.0,1.0,Buen estado,2000-01-01,2,True,True,False,False,True,4.1,2024-11-04,40-80,
2,Madrid,Arganzuela,Alquiler,Sin_clasificar,,,3.0,1.0,Buen estado,1996-01-01,Bajo,True,True,False,False,True,5.26,2024-10-16,,
3,Madrid,Salamanca,Venta,Piso,821455.0,153.98,4.0,2.0,Buen estado,1996-01-01,3,False,True,False,False,False,5.13,2025-03-24,120-160,5334.82
4,Madrid,Arganzuela,Venta,Piso,337577.0,74.0,2.0,1.0,Buen estado,1945-01-01,Bajo,True,True,False,False,False,5.52,2024-11-18,40-80,4561.85
5,Madrid,Arganzuela,Venta,Piso,394652.0,82.0,3.0,2.0,Buen estado,1981-01-01,5,True,False,True,False,True,5.97,2024-11-04,80-120,4812.83
6,Madrid,Salamanca,Venta,Piso,270381.0,55.5,2.0,1.0,Buen estado,1994-01-01,4,True,False,True,True,True,6.83,2024-10-20,40-80,4871.73
7,Madrid,Arganzuela,Venta,Piso,290384.0,65.0,2.0,1.0,Reformado,1999-01-01,1,True,False,True,True,False,4.81,2025-02-27,40-80,4467.45
8,Madrid,Retiro,Alquiler,Piso,427541.0,94.8,3.0,2.0,Reformado,1970-01-01,9,True,False,False,False,False,7.07,2024-11-27,80-120,4509.93
9,Madrid,Arganzuela,Venta,Piso,,83.3,3.0,2.0,Obra nueva,2018-01-01,3,True,True,False,False,False,5.54,2024-11-03,80-120,
10,Madrid,Madrid-Centro,Venta,Piso,487128.0,90.1,3.0,2.0,Buen estado,1975-01-01,5,True,False,False,False,True,7.45,,80-120,5406.53
11,Madrid,Chamberí,Venta,Piso,234086.0,51.4,2.0,1.0,Buen estado,1991-01-01,1,False,True,True,False,False,,2025-03-13,40-80,4554.2
12,Madrid,Arganzuela,Venta,Piso,563753.0,99.0,3.0,2.0,Buen estado,1998-01-01,6,False,False,True,True,False,7.87,2024-12-17,80-120,5694.47
13,Madrid,Arganzuela,Venta,Piso,471044.0,101.3,3.0,2.0,Buen estado,1977-01-01,Bajo,True,True,False,False,False,5.35,2024-12-06,80-120,4649.99
14,Madrid,Salamanca,Alquiler,Piso,359713.0,79.6,2.0,1.0,Buen estado,1972-01-01,9,False,False,False,False,False,4.83,2024-12-28,40-80,4519.01
15,Madrid,Chamberí,Venta,Piso,404155.0,99.5,3.0,2.0,Reformado,1989-01-01,7,True,False,False,True,False,3.35,2024-11-14,80-120,4061.86
16,Madrid,Retiro,Venta,Piso,302729.0,73.7,2.0,1.0,Buen estado,1993-01-01,9,True,True,False,True,True,2.4,2025-01-26,40-80,4107.58
17,Madrid,Tetuán,Venta,Piso,599599.0,108.9,3.0,2.0,A reformar,1990-01-01,8,True,False,False,True,True,3.59,2025-02-12,80-120,5505.96
18,Madrid,Salamanca,Alquiler,Piso,299734.0,68.9,2.0,1.0,Buen estado,1988-01-01,2,True,True,False,False,False,7.29,2025-04-01,40-80,4350.28
19,Madrid,Madrid-Centro,Venta,Estudio,140800.0,30.9,0.0,1.0,Buen estado,1956-01-01,7,False,True,True,True,True,6.41,2025-02-21,0-40,4556.63
20,Madrid,Retiro,Alquiler,Piso,431652.0,87.8,3.0,2.0,Buen estado,1977-01-01,1,False,False,False,True,True,4.1,2025-04-01,80-120,4916.31
21,Madrid,Tetuán,Alquiler,Piso,484526.0,95.2,3.0,2.0,Buen estado,1951-01-01,4,False,False,False,True,False,5.54,2025-01-28,80-120,5089.56
22,Madrid,Chamberí,Venta,Piso,316064.0,62.3,2.0,1.0,Reformado,1978-01-01,4,False,False,False,True,True,6.45,2025-02-14,40-80,5073.26
23,Madrid,Chamberí,Venta,Ático,510165.0,99.5,3.0,2.0,Buen estado,1988-01-01,Ático,True,False,False,False,True,5.66,2025-02-15,80-120,5127.29
24,Madrid,Tetuán,Venta,Piso,416207.0,130.8,4.0,2.0,Buen estado,1976-01-01,8,False,True,False,False,False,4.13,2024-10-09,120-160,3182.01
25,Madrid,Tetuán,Venta,Piso,272025.0,61.8,2.0,1.0,Reformado,1985-01-01,4,False,False,False,True,False,6.43,2024-12-09,40-80,4401.7
26,Madrid,Salamanca,Venta,Piso,507831.0,97.2,3.0,2.0,Buen estado,1971-01-01,7,False,False,False,False,True,4.97,2024-10-26,80-120,5224.6
27,Madrid,Tetuán,Alquiler,Piso,454263.0,86.7,3.0,2.0,Buen estado,1998-01-01,8,True,False,False,False,False,3.63,2024-11-20,80-120,5239.48
28,Madrid,Retiro,Venta,Piso,425792.0,75.5,2.0,1.0,A reformar,1986-01-01,8,False,True,False,False,True,6.48,2025-04-03,40-80,5639.63
29,Madrid,Chamberí,Alquiler,Piso,370480.0,68.1,2.0,1.0,Buen estado,1974-01-01,5,False,True,False,True,False,4.46,2025-01-29,40-80,5440.23
30,Madrid,Tetuán,Venta,Piso,456013.0,81.6,3.0,2.0,Buen estado,1989-01-01,Bajo,True,True,False,True,True,,2025-03-08,80-120,5588.39
31,Madrid,Tetuán,Venta,Ático,434936.0,83.4,3.0,2.0,Buen estado,1983-01-01,Ático,True,True,True,True,False,5.08,2024-10-24,80-120,5215.06
32,Madrid,Chamberí,Venta,Piso,577461.0,92.6,3.0,2.0,Buen estado,1984-01-01,8,True,False,False,True,True,6.36,2024-12-08,80-120,6236.08
33,Madrid,Retiro,Venta,Piso,390970.0,80.7,3.0,2.0,Buen estado,2000-01-01,9,True,True,True,False,True,4.86,2025-03-05,80-120,4844.73
34,Madrid,Madrid-Centro,Venta,Piso,335042.0,72.2,2.0,1.0,Buen estado,2001-01-01,1,False,False,False,False,False,6.02,2024-11-02,40-80,4640.47
35,Madrid,Arganzuela,Venta,Piso,370080.0,79.0,2.0,1.0,Buen estado,1990-01-01,Bajo,False,False,True,True,False,,2025-03-30,40-80,4684.56
36,Madrid,Arganzuela,Alquiler,Piso,645789.0,112.8,3.0,2.0,Buen estado,1978-01-01,5,False,False,True,True,False,6.78,2024-11-05,80-120,5725.08
37,Madrid,Chamberí,Venta,Piso,282192.0,66.8,2.0,1.0,Buen estado,1990-01-01,2,False,False,False,False,False,,2024-12-19,40-80,4224.43
38,Madrid,Madrid-Centro,Venta,Piso,632835.0,114.6,3.0,2.0,Buen estado,1954-01-01,8,True,True,False,True,False,7.08,2024-11-03,80-120,5522.12
39,Madrid,Salamanca,Venta,Sin_clasificar,,,4.0,1.0,Buen estado,1996-01-01,1,True,False,False,True,True,3.92,2024-12-08,,
40,Madrid,Chamberí,Venta,Piso,296289.0,53.5,2.0,1.0,Reformado,1983-01-01,Bajo,True,True,False,True,False,6.64,2024-11-20,40-80,5538.11
41,Madrid,Madrid-Centro,Venta,Piso,387340.0,76.8,2.0,1.0,Reformado,1986-01-01,7,True,True,True,True,False,5.6,2024-12-21,40-80,5043.49
42,Madrid,Madrid-Centro,Venta,Piso,390323.0,77.9,2.0,1.0,Obra nueva,2023-01-01,7,True,True,False,False,True,5.76,2024-11-17,40-80,5010.56
43,Madrid,Chamberí,Venta,Piso,629773.0,106.8,3.0,2.0,Buen estado,2001-01-01,8,False,False,True,False,False,7.44,2024-10-24,80-120,5896.75
44,Madrid,Arganzuela,Venta,Piso,439993.0,86.5,3.0,2.0,Buen estado,1974-01-01,8,False,False,False,True,False,7.34,2024-11-18,80-120,5086.62
45,Madrid,Salamanca,Alquiler,Sin_clasificar,,,5.0,3.0,Buen estado,1950-01-01,9,False,True,True,False,False,3.4,2024-10-26,,
46,Madrid,Arganzuela,Alquiler,Piso,339996.0,65.2,2.0,1.0,Reformado,1960-01-01,9,True,False,False,True,True,7.37,2024-12-11,40-80,5214.66
47,Madrid,Tetuán,Venta,Piso,355364.0,77.1,2.0,1.0,Buen estado,1975-01-01,9,True,True,False,True,True,5.64,2025-03-02,40-80,4609.13
48,Madrid,Tetuán,Venta,Piso,375666.0,86.7,3.0,2.0,Buen estado,2007-01-01,5,True,True,False,True,True,6.63,2024-12-09,80-120,4332.94
49,Madrid,Retiro,Venta,Piso,409971.0,98.2,3.0,2.0,Buen estado,1998-01-01,5,False,True,True,False,False,4.16,2024-10-27,80-120,4174.86
50,Madrid,Salamanca,Venta,Piso,311026.0,68.0,2.0,1.0,A reformar,2010-01-01,1,True,False,False,True,False,3.41,2025-02-23,40-80,4573.91
51,Madrid,Chamberí,Venta,Piso,462193.0,98.7,3.0,2.0,Buen estado,1973-01-01,1,True,True,False,False,True,6.21,2024-12-10,80-120,4682.81
52,Madrid,Retiro,Venta,Piso,361605.0,65.8,2.0,1.0,Buen estado,1968-01-01,4,True,True,True,False,True,2.33,,40-80,5495.52
53,Madrid,Arganzuela,Venta,Ático,488325.0,99.2,3.0,2.0,Buen estado,1983-01-01,Ático,True,True,False,True,False,4.48,2024-11-04,80-120,4922.63
54,Madrid,Chamberí,Venta,Piso,502181.0,91.0,3.0,2.0,Obra nueva,2019-01-01,4,True,False,True,True,False,5.31,2024-12-20,80-120,5518.47
55,Madrid,Tetuán,Venta,Piso,248735.0,55.9,2.0,1.0,Buen estado,1983-01-01,4,True,True,False,True,True,,2025-02-15,40-80,4449.64
56,Madrid,Madrid-Centro,Venta,Ático,484158.0,99.6,3.0,2.0,Buen estado,1980-01-01,Ático,False,True,False,True,False,3.64,2025-01-25,80-120,4861.02
57,Madrid,Retiro,Venta,Piso,552851.0,101.1,3.0,2.0,Buen estado,1963-01-01,4,True,False,True,False,True,0.79,2024-11-19,80-120,5468.36
58,Madrid,Arganzuela,Venta,Sin_clasificar,,,1.0,1.0,Buen estado,1984-01-01,1,False,True,True,False,False,4.77,2024-10-28,,
59,Madrid,Arganzuela,Alquiler,Piso,403196.0,75.3,2.0,1.0,Obra nueva,2022-01-01,8,True,True,False,True,False,8.26,2024-11-15,40-80,5354.53
60,Madrid,Madrid-Centro,Venta,Piso,573348.0,98.8,3.0,2.0,Reformado,1970-01-01,Bajo,True,False,False,True,True,5.69,2025-01-08,80-120,5803.12
61,Madrid,Chamberí,Venta,Piso,352221.0,77.5,2.0,1.0,Buen estado,1974-01-01,8,False,False,True,False,False,5.51,2025-01-21,40-80,4544.79
62,Madrid,Tetuán,Alquiler,Piso,317995.0,69.2,2.0,1.0,Buen estado,1989-01-01,2,True,False,False,True,False,6.1,2024-11-23,40-80,4595.3
63,Madrid,Madrid-Centro,Venta,Piso,495633.0,118.9,3.0,2.0,Buen estado,1994-01-01,6,True,True,True,False,False,5.42,,80-120,4168.49
64,Madrid,Arganzuela,Alquiler,Piso,427817.0,94.9,3.0,2.0,Obra nueva,2018-01-01,6,False,False,False,False,False,4.43,2024-10-18,80-120,4508.08
65,Madrid,Madrid-Centro,Venta,Piso,404027.0,74.4,2.0,1.0,Buen estado,1966-01-01,4,True,False,True,True,True,6.18,2024-12-06,40-80,5430.47
66,Madrid,Chamberí,Venta,Piso,294533.0,60.3,2.0,1.0,Buen estado,1980-01-01,1,True,True,False,True,False,4.16,2024-12-19,40-80,4884.46
67,Madrid,Retiro,Venta,Sin_clasificar,,,4.0,1.0,A reformar,2000-01-01,8,True,True,False,True,False,5.13,2025-01-01,,
68,Madrid,Salamanca,Venta,Piso,1087781.0,208.01,6.0,3.0,Buen estado,1966-01-01,4,False,False,True,True,False,6.92,2024-10-18,200-240,5229.46
69,Madrid,Salamanca,Venta,Piso,443369.0,82.3,3.0,2.0,Obra nueva,2021-01-01,9,True,True,False,True,True,5.87,2025-02-16,80-120,5387.23
70,Madrid,Salamanca,Venta,Estudio,,32.2,0.0,1.0,Buen estado,1968-01-01,6,True,False,False,True,True,5.15,2024-10-09,0-40,
71,Madrid,Tetuán,Alquiler,Ático,407679.0,80.3,3.0,2.0,Obra nueva,2023-01-01,Ático,True,True,True,True,False,5.6,2024-11-28,80-120,5076.95
72,Madrid,Retiro,Venta,Piso,406332.0,81.7,3.0,2.0,Reformado,1969-01-01,9,False,True,False,False,False,6.11,2024-12-28,80-120,4973.46
73,Madrid,Arganzuela,Alquiler,Piso,474008.0,83.7,3.0,2.0,Buen estado,1998-01-01,4,True,False,False,False,False,6.18,2025-03-28,80-120,5663.18
74,Madrid,Madrid-Centro,Venta,Piso,376020.0,77.5,2.0,1.0,Buen estado,1992-01-01,3,False,True,True,False,False,3.25,2025-01-24,40-80,4851.87
75,Madrid,Arganzuela,Alquiler,Piso,371069.0,78.6,2.0,1.0,Reformado,1988-01-01,9,False,False,False,False,False,6.93,2025-03-03,40-80,4720.98
76,Madrid,Retiro,Venta,Piso,334706.0,60.7,2.0,1.0,Buen estado,1975-01-01,3,False,True,False,True,False,3.74,2025-01-27,40-80,5514.1
77,Madrid,Tetuán,Venta,Ático,537783.0,88.2,3.0,2.0,Buen estado,1972-01-01,Ático,False,False,True,True,True,7.13,2024-12-02,80-120,6097.31
78,Madrid,Tetuán,Venta,Ático,326495.0,63.8,2.0,1.0,Obra nueva,2019-01-01,Ático,True,False,True,True,False,5.88,2024-10-30,40-80,5117.48
79,Madrid,Retiro,Venta,Piso,248495.0,55.9,2.0,1.0,Buen estado,2013-01-01,3,True,False,False,False,False,3.99,2025-03-30,40-80,4445.35
80,Madrid,Retiro,Venta,Piso,465879.0,92.6,3.0,2.0,Buen estado,1974-01-01,3,False,False,False,True,False,6.88,2025-02-07,80-120,5031.09
81,Madrid,Tetuán,Alquiler,Ático,409846.0,80.2,3.0,2.0,Buen estado,1972-01-01,Ático,False,False,False,True,False,4.64,2025-03-05,80-120,5110.3
82,Madrid,Chamberí,Alquiler,Piso,238367.0,49.1,2.0,1.0,Buen estado,1998-01-01,2,True,True,False,False,False,,2025-03-25,40-80,4854.73
83,Madrid,Arganzuela,Venta,Piso,426433.0,104.9,3.0,2.0,Obra nueva,2018-01-01,6,False,True,False,True,True,5.99,,80-120,4065.14
84,Madrid,Chamberí,Alquiler,Piso,454916.0,93.5,3.0,2.0,Buen estado,1996-01-01,8,True,True,True,False,True,6.22,2024-12-11,80-120,4865.41
85,Madrid,Salamanca,Venta,Piso,499192.0,106.8,3.0,2.0,Buen estado,1986-01-01,8,True,False,False,True,False,2.38,2025-03-10,80-120,4674.08
86,Madrid,Retiro,Alquiler,Piso,379685.0,74.5,2.0,1.0,Buen estado,1983-01-01,8,True,True,True,False,True,7.82,2025-01-26,40-80,5096.44
87,Madrid,Tetuán,Venta,Piso,409655.0,80.2,3.0,2.0,Reformado,1979-01-01,7,False,False,False,True,False,3.08,2024-12-14,80-120,5107.92
88,Madrid,Chamberí,Alquiler,Ático,,68.8,2.0,1.0,Obra nueva,2021-01-01,Ático,True,False,False,True,True,4.75,2024-12-09,40-80,
89,Madrid,Retiro,Venta,Piso,380495.0,82.3,3.0,2.0,Buen estado,1954-01-01,5,True,False,False,False,False,6.14,2024-12-29,80-120,4623.27
90,Madrid,Tetuán,Venta,Piso,566618.0,109.2,3.0,2.0,Buen estado,1983-01-01,2,True,False,False,False,False,4.64,2025-04-07,80-120,5188.81
91,Madrid,Chamberí,Venta,Piso,397272.0,70.5,2.0,1.0,Buen estado,2007-01-01,6,True,False,False,True,False,,2024-10-24,40-80,5635.06
92,Madrid,Chamberí,Alquiler,Piso,326459.0,59.9,2.0,1.0,Obra nueva,2023-01-01,Bajo,False,False,False,True,True,5.46,2025-03-05,40-80,5450.07
93,Madrid,Madrid-Centro,Venta,Sin_clasificar,,,2.0,1.0,Buen estado,1974-01-01,6,True,False,False,False,True,6.44,2025-01-24,,
94,Madrid,Tetuán,Alquiler,Piso,486414.0,104.0,3.0,2.0,Buen estado,1977-01-01,3,False,False,True,False,False,6.54,2025-02-10,80-120,4677.06
95,Madrid,Chamberí,Venta,Ático,476913.0,86.4,3.0,2.0,Buen estado,2011-01-01,Ático,True,True,False,False,False,3.39,2025-03-31,80-120,5519.83
96,Madrid,Madrid-Centro,Alquiler,Piso,,65.0,2.0,1.0,Reformado,2006-01-01,9,True,True,True,True,False,3.28,2025-02-22,40-80,
97,Madrid,Salamanca,Alquiler,Piso,278262.0,47.8,2.0,1.0,Buen estado,1983-01-01,1,True,False,False,False,True,5.82,2025-03-22,40-80,5821.38
98,Madrid,Madrid-Centro,Venta,Piso,430581.0,87.0,3.0,2.0,Buen estado,1991-01-01,6,False,False,False,False,False,8.67,2024-12-31,80-120,4949.21
99,Madrid,Chamberí,Venta,Piso,258920.0,56.5,2.0,1.0,Reformado,1972-01-01,4,True,False,False,False,False,5.61,2025-01-24,40-80,4582.65
100,Madrid,Retiro,Alquiler,Piso,473869.0,98.8,3.0,2.0,Obra nueva,2018-01-01,5,False,True,True,True,False,5.23,2024-12-05,80-120,4796.24
101,Madrid,Arganzuela,Venta,Piso,350988.0,67.1,2.0,1.0,Buen estado,1996-01-01,Bajo,True,False,False,True,False,6.09,2024-12-11,40-80,5230.82
102,Madrid,Chamberí,Alquiler,Piso,422829.0,86.3,3.0,2.0,Buen estado,1978-01-01,7,True,False,False,True,True,6.64,2025-03-29,80-120,4899.52
103,Madrid,Salamanca,Venta,Piso,543811.0,110.2,3.0,2.0,Buen estado,2000-01-01,5,True,False,True,False,False,6.64,2024-11-20,80-120,4934.76
104,Madrid,Tetuán,Venta,Piso,537994.0,105.8,3.0,2.0,Buen estado,2005-01-01,2,True,False,False,True,False,7.81,,80-120,5085.01
105,Madrid,Salamanca,Venta,Piso,690870.0,130.6,4.0,2.0,Buen estado,1986-01-01,6,False,True,False,False,False,7.19,2025-01-18,120-160,5289.97
106,Madrid,Arganzuela,Venta,Piso,311319.0,62.6,2.0,1.0,Obra nueva,2019-01-01,1,True,True,False,True,False,2.85,2025-04-05,40-80,4973.15
107,Madrid,Retiro,Alquiler,Piso,253174.0,58.9,2.0,1.0,Buen estado,1992-01-01,9,True,False,True,False,False,7.92,2024-10-19,40-80,4298.37
108,Madrid,Retiro,Venta,Ático,324814.0,70.1,2.0,1.0,Buen estado,1955-01-01,Ático,False,False,False,True,True,4.78,2025-01-04,40-80,4633.58
109,Madrid,Salamanca,Alquiler,Piso,273837.0,61.1,2.0,1.0,Buen estado,2013-01-01,5,True,False,False,True,False,5.33,2025-03-20,40-80,4481.78
110,Madrid,Madrid-Centro,Alquiler,Piso,563962.0,97.7,3.0,2.0,Obra nueva,2023-01-01,4,True,True,False,False,False,5.57,2025-03-15,80-120,5772.38
111,Madrid,Tetuán,Alquiler,Piso,391537.0,71.2,2.0,1.0,Obra nueva,2022-01-01,4,True,True,False,True,False,,2024-12-30,40-80,5499.12
112,Madrid,Chamberí,Alquiler,Piso,453002.0,88.2,3.0,2.0,Reformado,1982-01-01,3,True,False,False,True,False,1.62,2025-02-04,80-120,5136.08
113,Madrid,Tetuán,Venta,Piso,284027.0,66.7,2.0,1.0,Buen estado,1989-01-01,5,True,True,False,False,False,2.58,2024-11-24,40-80,4258.28
114,Madrid,Madrid-Centro,Venta,Piso,332355.0,73.8,2.0,1.0,Buen estado,1964-01-01,9,True,False,False,True,False,5.95,2025-04-06,40-80,4503.46
115,Madrid,Retiro,Venta,Sin_clasificar,,,3.0,3.0,Buen estado,2020-01-01,3,False,False,True,True,False,6.95,2025-01-21,,
116,Madrid,Madrid-Centro,Venta,Piso,282155.0,51.2,2.0,1.0,Buen estado,1990-01-01,7,True,True,False,False,False,3.1,2025-01-31,40-80,5510.84
117,Madrid,Salamanca,Venta,Piso,263336.0,58.1,2.0,1.0,Buen estado,2003-01-01,4,True,False,False,False,False,,2025-03-27,40-80,4532.46
118,Madrid,Tetuán,Venta,Piso,381599.0,84.3,3.0,2.0,Buen estado,1940-01-01,8,False,True,False,True,False,6.86,2025-01-01,80-120,4526.68
119,Madrid,Retiro,Alquiler,Piso,,106.2,3.0,2.0,Buen estado,1995-01-01,1,False,False,True,False,False,1.84,2024-11-27,80-120,
120,Madrid,Retiro,Venta,Piso,257360.0,49.2,2.0,1.0,Obra nueva,2019-01-01,3,True,False,True,True,True,5.82,2024-12-03,40-80,5230.89
121,Madrid,Arganzuela,Venta,Piso,542896.0,106.6,3.0,2.0,A reformar,1948-01-01,8,True,True,False,False,False,6.02,2025-03-10,80-120,5092.83
122,Madrid,Retiro,Alquiler,Piso,586049.0,101.9,3.0,2.0,Buen estado,2008-01-01,5,False,False,True,True,False,2.59,2024-11-23,80-120,5751.22
123,Madrid,Retiro,Venta,Piso,442716.0,86.4,3.0,2.0,Buen estado,1987-01-01,Bajo,True,True,False,False,True,3.78,2025-02-27,80-120,5124.03
124,Madrid,Retiro,Venta,Piso,582737.0,124.4,4.0,2.0,Reformado,1973-01-01,7,True,True,False,True,False,4.61,2024-11-04,120-160,4684.38
125,Madrid,Salamanca,Venta,Piso,299620.0,73.4,2.0,1.0,Buen estado,1975-01-01,2,False,False,True,True,False,5.54,2024-10-22,40-80,4082.02
126,Madrid,Retiro,Alquiler,Piso,292059.0,50.5,2.0,1.0,Obra nueva,2021-01-01,7,True,False,True,True,False,3.97,2024-10-27,40-80,5783.35
127,Madrid,Tetuán,Venta,Piso,453347.0,98.3,3.0,2.0,Buen estado,1975-01-01,9,True,False,False,False,False,3.8,2024-12-25,80-120,4611.87
128,Madrid,Salamanca,Alquiler,Piso,537442.0,95.7,3.0,2.0,Obra nueva,2022-01-01,9,True,True,True,True,True,6.38,2025-03-16,80-120,5615.9
129,Madrid,Chamberí,Alquiler,Piso,323034.0,61.3,2.0,1.0,Reformado,1970-01-01,4,True,True,False,False,False,4.0,2025-03-08,40-80,5269.72
130,Madrid,Madrid-Centro,Venta,Piso,366868.0,82.1,3.0,2.0,Buen estado,1982-01-01,1,True,True,False,False,False,2.5,2024-12-01,80-120,4468.55
131,Madrid,Arganzuela,Venta,Piso,262263.0,63.8,2.0,1.0,Buen estado,1975-01-01,2,True,False,False,False,True,4.42,2025-02-27,40-80,4110.71
132,Madrid,Salamanca,Venta,Piso,347523.0,71.9,2.0,1.0,Buen estado,1994-01-01,7,False,False,True,False,True,2.11,2024-12-22,40-80,4833.42
133,Madrid,Salamanca,Venta,Piso,311444.0,72.1,2.0,1.0,Obra nueva,2021-01-01,1,True,True,False,True,True,4.13,,40-80,4319.61
134,Madrid,Chamberí,Alquiler,Ático,463665.0,89.3,3.0,2.0,Buen estado,1991-01-01,Ático,True,False,False,True,False,3.29,2024-11-28,80-120,5192.22
135,Madrid,Madrid-Centro,Venta,Piso,821547.0,183.65,5.0,3.0,Buen estado,1992-01-01,4,False,False,False,False,False,4.28,2024-11-14,160-200,4473.44
136,Madrid,Salamanca,Venta,Piso,322898.0,71.3,2.0,1.0,Buen estado,1966-01-01,9,True,True,False,True,False,1.59,2024-12-21,40-80,4528.72
137,Madrid,Madrid-Centro,Venta,Piso,628623.0,122.7,4.0,2.0,Buen estado,1997-01-01,4,False,False,False,True,True,4.16,2025-02-14,120-160,5123.25
138,Madrid,Tetuán,Venta,Piso,356337.0,74.8,2.0,1.0,Buen estado,1988-01-01,6,False,True,False,False,False,2.99,2024-12-30,40-80,4763.86
139,Madrid,Tetuán,Venta,Piso,445458.0,83.2,3.0,2.0,A reformar,1983-01-01,9,False,False,False,False,True,3.06,2025-03-08,80-120,5354.06
140,Madrid,Salamanca,Alquiler,Piso,542243.0,122.7,4.0,2.0,Buen estado,1981-01-01,Bajo,False,False,True,False,False,1.5,2024-11-22,120-160,4419.26
141,Madrid,Madrid-Centro,Venta,Estudio,175212.0,32.4,0.0,1.0,Buen estado,1997-01-01,9,True,False,False,True,True,6.47,2025-01-28,0-40,5407.78
142,Madrid,Arganzuela,Alquiler,Piso,365022.0,84.3,3.0,2.0,Buen estado,1978-01-01,6,False,False,False,True,False,4.78,2025-01-02,80-120,4330.04
143,Madrid,Retiro,Venta,Piso,385149.0,73.1,2.0,1.0,Buen estado,1979-01-01,7,True,False,False,False,True,4.94,,40-80,5268.8
144,Madrid,Arganzuela,Alquiler,Estudio,186455.0,32.7,0.0,1.0,Buen estado,1995-01-01,7,False,False,False,True,False,5.54,2024-10-31,0-40,5701.99
145,Madrid,Retiro,Venta,Piso,493219.0,101.7,3.0,2.0,Obra nueva,2022-01-01,Bajo,False,True,False,True,False,5.87,2025-03-26,80-120,4849.74
146,Madrid,Tetuán,Venta,Piso,410185.0,90.9,3.0,2.0,Buen estado,1997-01-01,9,True,True,False,False,True,5.89,2025-02-13,80-120,4512.49
147,Madrid,Arganzuela,Venta,Sin_clasificar,,,1.0,1.0,Buen estado,1997-01-01,2,True,False,False,False,True,5.25,2024-12-21,,
148,Madrid,Madrid-Centro,Alquiler,Ático,422899.0,79.2,2.0,1.0,Buen estado,1995-01-01,Ático,True,False,False,True,True,9.12,2025-03-13,40-80,5339.63
149,Madrid,Chamberí,Alquiler,Piso,366173.0,76.3,2.0,1.0,Buen estado,1978-01-01,6,True,False,False,False,False,3.43,2024-11-01,40-80,4799.12
150,Madrid,Chamberí,Alquiler,Piso,413753.0,87.6,3.0,2.0,Buen estado,1971-01-01,1,False,False,False,False,True,5.44,2025-03-23,80-120,4723.21
151,Madrid,Chamberí,Venta,Piso,261958.0,62.7,2.0,1.0,Buen estado,1979-01-01,4,True,False,False,False,True,5.95,2025-01-23,40-80,4177.96
152,Madrid,Madrid-Centro,Alquiler,Piso,231256.0,47.5,2.0,1.0,Buen estado,1994-01-01,6,True,True,False,False,False,5.57,2024-11-26,40-80,4868.55
153,Madrid,Tetuán,Venta,Sin_clasificar,,,2.0,1.0,Reformado,1974-01-01,4,False,False,True,True,False,5.77,2025-01-23,,
154,Madrid,Retiro,Alquiler,Piso,245817.0,45.1,2.0,1.0,Obra nueva,2020-01-01,4,True,False,False,True,False,7.74,2025-03-08,40-80,5450.49
155,Madrid,Tetuán,Alquiler,Piso,411786.0,75.2,2.0,1.0,Buen estado,1977-01-01,8,True,False,False,True,True,,2025-02-09,40-80,5475.88
156,Madrid,Retiro,Venta,Piso,471258.0,105.3,3.0,2.0,Buen estado,1978-01-01,5,True,False,True,False,False,6.08,2024-11-26,80-120,4475.38
157,Madrid,Arganzuela,Venta,Piso,,73.4,2.0,1.0,Reformado,1979-01-01,6,True,False,False,False,False,6.56,2024-10-20,40-80,
158,Madrid,Retiro,Alquiler,Ático,247066.0,49.6,2.0,1.0,Obra nueva,2021-01-01,Ático,True,True,False,True,False,4.27,2025-03-24,40-80,4981.17
159,Madrid,Chamberí,Venta,Piso,326022.0,67.6,2.0,1.0,Buen estado,2020-01-01,9,True,False,False,False,True,4.24,2025-01-01,40-80,4822.81
160,Madrid,Salamanca,Alquiler,Sin_clasificar,,,3.0,1.0,Buen estado,1980-01-01,7,True,False,False,False,False,4.7,2024-10-12,,
161,Madrid,Arganzuela,Venta,Piso,509510.0,103.4,3.0,2.0,A reformar,1989-01-01,1,True,True,False,False,False,2.95,2025-02-06,80-120,4927.56
162,Madrid,Retiro,Venta,Piso,403662.0,88.4,3.0,2.0,Buen estado,1984-01-01,5,False,False,True,True,False,5.56,2025-03-30,80-120,4566.31
163,Madrid,Tetuán,Venta,Piso,676323.0,129.3,4.0,2.0,Obra nueva,2021-01-01,8,True,False,False,False,False,6.17,2024-10-18,120-160,5230.65
164,Madrid,Tetuán,Venta,Piso,519454.0,92.6,3.0,2.0,Reformado,1967-01-01,3,True,True,False,True,True,3.99,2024-11-01,80-120,5609.65
165,Madrid,Madrid-Centro,Alquiler,Piso,365551.0,67.2,2.0,1.0,Obra nueva,2018-01-01,7,True,True,True,False,False,6.25,2024-11-20,40-80,5439.75
166,Madrid,Arganzuela,Venta,Piso,225565.0,43.2,2.0,1.0,Buen estado,1981-01-01,Bajo,True,False,True,False,True,3.14,2024-12-23,40-80,5221.41
167,Madrid,Retiro,Venta,Piso,428865.0,75.7,2.0,1.0,Buen estado,1973-01-01,9,False,True,True,False,False,5.15,2025-04-01,40-80,5665.32
168,Madrid,Chamberí,Venta,Piso,309087.0,68.7,2.0,1.0,Reformado,1963-01-01,9,True,False,True,True,False,2.28,2025-04-01,40-80,4499.08
169,Madrid,Chamberí,Venta,Ático,412666.0,83.3,3.0,2.0,Buen estado,1985-01-01,Ático,True,True,True,True,False,6.34,2024-12-13,80-120,4953.97
170,Madrid,Madrid-Centro,Venta,Ático,,,5.0,1.0,Obra nueva,2020-01-01,Ático,True,True,False,True,False,4.57,2025-02-25,,
171,Madrid,Chamberí,Venta,Piso,453137.0,82.6,3.0,2.0,A reformar,1981-01-01,4,True,False,True,True,False,4.83,2025-03-21,80-120,5485.92
172,Madrid,Madrid-Centro,Venta,Piso,850997.0,170.99,5.0,3.0,Buen estado,1985-01-01,6,False,False,False,True,False,3.56,2025-02-09,160-200,4976.88
173,Madrid,Salamanca,Venta,Piso,490342.0,86.5,3.0,2.0,Buen estado,1988-01-01,4,True,True,True,False,False,4.93,2024-10-14,80-120,5668.69
174,Madrid,Arganzuela,Venta,Piso,354865.0,65.5,2.0,1.0,Reformado,1986-01-01,Bajo,True,False,False,True,True,5.17,2025-03-13,40-80,5417.79
175,Madrid,Arganzuela,Venta,Piso,433082.0,83.6,3.0,2.0,Buen estado,1988-01-01,3,True,False,False,False,False,6.66,2025-03-13,80-120,5180.41
176,Madrid,Retiro,Venta,Ático,426681.0,82.6,3.0,2.0,Buen estado,2020-01-01,Ático,True,True,True,True,True,4.9,2025-04-01,80-120,5165.63
177,Madrid,Chamberí,Venta,Piso,257588.0,47.9,2.0,1.0,Buen estado,2008-01-01,4,True,True,False,True,False,5.84,2025-01-29,40-80,5377.62
178,Madrid,Salamanca,Venta,Piso,584523.0,110.4,3.0,2.0,Buen estado,1993-01-01,4,True,False,True,True,False,5.97,2024-12-31,80-120,5294.59
179,Madrid,Arganzuela,Venta,Piso,274915.0,64.3,2.0,1.0,Obra nueva,2020-01-01,8,True,True,True,True,True,4.41,2025-02-14,40-80,4275.51
180,Madrid,Retiro,Alquiler,Piso,675359.0,75.3,2.0,1.0,Obra nueva,2021-01-01,4,True,True,False,True,True,4.22,2025-01-03,40-80,8968.91
181,Madrid,Salamanca,Venta,Ático,610911.0,106.5,3.0,2.0,Obra nueva,2019-01-01,Ático,True,True,False,False,True,4.72,2025-03-30,80-120,5736.25
182,Madrid,Madrid-Centro,Alquiler,Piso,367065.0,83.8,3.0,2.0,Buen estado,1989-01-01,6,False,False,True,False,False,2.92,2024-10-12,80-120,4380.25
183,Madrid,Retiro,Venta,Ático,419282.0,74.1,2.0,1.0,Buen estado,1953-01-01,Ático,True,False,False,True,False,,2024-12-15,40-80,5658.33
184,Madrid,Tetuán,Venta,Ático,375994.0,79.0,2.0,1.0,Buen estado,1976-01-01,Ático,True,False,False,False,False,5.03,2024-12-07,40-80,4759.42
185,Madrid,Madrid-Centro,Venta,Piso,353371.0,80.3,3.0,2.0,Buen estado,1982-01-01,9,True,True,True,False,False,1.89,2024-12-04,80-120,4400.64
186,Madrid,Arganzuela,Venta,Piso,343972.0,79.6,2.0,1.0,Reformado,1985-01-01,4,False,True,False,False,True,7.41,2025-03-24,40-80,4321.26
187,Madrid,Madrid-Centro,Venta,Piso,,86.7,3.0,2.0,Buen estado,1968-01-01,7,True,False,False,True,True,3.85,2024-11-07,80-120,
188,Madrid,Salamanca,Venta,Piso,424298.0,81.4,3.0,2.0,Buen estado,1966-01-01,5,False,True,False,True,True,2.15,2025-03-29,80-120,5212.51
189,Madrid,Arganzuela,Venta,Piso,487924.0,91.8,3.0,2.0,Buen estado,1987-01-01,2,True,True,False,False,True,4.81,2025-01-23,80-120,5315.08
190,Madrid,Arganzuela,Venta,Piso,346000.0,75.8,2.0,1.0,Buen estado,1970-01-01,4,True,True,False,False,True,4.17,2024-10-17,40-80,4564.64
191,Madrid,Arganzuela,Venta,Piso,277944.0,64.3,2.0,1.0,A reformar,1975-01-01,5,True,True,False,False,False,6.09,2024-11-03,40-80,4322.61
192,Madrid,Arganzuela,Venta,Piso,374932.0,81.2,3.0,2.0,Buen estado,1969-01-01,Bajo,False,False,False,True,False,4.61,2025-01-18,80-120,4617.39
193,Madrid,Retiro,Venta,Piso,497603.0,96.4,3.0,2.0,Obra nueva,2021-01-01,1,False,True,True,True,True,4.19,2025-03-27,80-120,5161.86
194,Madrid,Chamberí,Venta,Piso,,105.8,3.0,2.0,Buen estado,1996-01-01,5,False,False,False,True,False,5.12,2024-12-10,80-120,
195,Madrid,Chamberí,Alquiler,Piso,469163.0,95.2,3.0,2.0,Obra nueva,2022-01-01,3,True,False,False,False,True,6.63,2025-03-08,80-120,4928.18
196,Madrid,Chamberí,Alquiler,Piso,432288.0,84.2,3.0,2.0,Obra nueva,2022-01-01,Bajo,True,False,False,True,False,2.45,2024-12-18,80-120,5134.06
197,Madrid,Chamberí,Alquiler,Ático,275408.0,68.8,2.0,1.0,Obra nueva,2018-01-01,Ático,True,True,False,False,True,3.36,2024-10-15,40-80,4003.02
198,Madrid,Chamberí,Venta,Piso,414138.0,78.6,2.0,1.0,Buen estado,1965-01-01,5,True,True,False,True,False,1.73,2024-10-13,40-80,5268.93
199,Madrid,Chamberí,Venta,Piso,219729.0,42.1,2.0,1.0,Buen estado,1986-01-01,1,True,False,False,True,False,4.73,2024-10-25,40-80,5219.22
200,Madrid,Madrid-Centro,Venta,Piso,430478.0,93.1,3.0,2.0,Buen estado,1972-01-01,7,True,False,True,True,True,4.19,2025-02-14,80-120,4623.82
201,Madrid,Chamberí,Alquiler,Piso,327465.0,67.4,2.0,1.0,Obra nueva,2023-01-01,8,True,True,True,False,False,5.99,2024-12-25,40-80,4858.53
202,Madrid,Madrid-Centro,Venta,Piso,472045.0,108.1,3.0,2.0,A reformar,1987-01-01,6,True,True,True,False,False,4.37,2025-01-26,80-120,4366.74
203,Madrid,Arganzuela,Venta,Piso,379633.0,82.2,3.0,2.0,Buen estado,1991-01-01,1,True,False,True,True,False,6.95,2024-12-30,80-120,4618.41
204,Madrid,Tetuán,Venta,Piso,553015.0,102.5,3.0,2.0,Buen estado,1973-01-01,9,False,True,True,True,False,4.0,2025-02-26,80-120,5395.27
205,Madrid,Arganzuela,Venta,Piso,464857.0,83.9,3.0,2.0,Buen estado,1979-01-01,7,True,True,True,True,False,3.67,,80-120,5540.61
206,Madrid,Tetuán,Venta,Ático,527642.0,112.4,3.0,2.0,Buen estado,1964-01-01,Ático,True,True,False,False,False,5.49,2025-03-24,80-120,4694.32
207,Madrid,Tetuán,Alquiler,Piso,503987.0,99.0,3.0,2.0,Buen estado,2008-01-01,3,True,False,True,False,True,5.84,2025-01-22,80-120,5090.78
208,Madrid,Retiro,Alquiler,Piso,416549.0,85.0,3.0,2.0,Obra nueva,2020-01-01,6,True,False,False,True,True,5.01,2024-12-28,80-120,4900.58
209,Madrid,Arganzuela,Venta,Piso,427054.0,75.8,2.0,1.0,Buen estado,1985-01-01,7,True,True,False,False,False,5.13,,40-80,5633.96
210,Madrid,Salamanca,Alquiler,Piso,308548.0,59.3,2.0,1.0,Buen estado,1978-01-01,5,True,True,True,False,False,3.18,2024-11-11,40-80,5203.17
211,Madrid,Tetuán,Venta,Ático,382077.0,86.8,3.0,2.0,Buen estado,1990-01-01,Ático,False,False,True,False,True,2.14,2024-11-09,80-120,4401.81
212,Madrid,Madrid-Centro,Venta,Piso,373794.0,85.2,3.0,2.0,Obra nueva,2023-01-01,Bajo,True,True,True,True,True,9.22,2024-12-21,80-120,4387.25
213,Madrid,Tetuán,Venta,Estudio,157954.0,32.2,0.0,1.0,Buen estado,2001-01-01,2,True,True,False,False,False,7.16,2025-03-26,0-40,4905.4
214,Madrid,Madrid-Centro,Venta,Sin_clasificar,,,3.0,2.0,Obra nueva,2020-01-01,1,True,True,True,True,True,2.49,2024-12-19,,
215,Madrid,Tetuán,Venta,Piso,397632.0,84.9,3.0,2.0,Buen estado,1958-01-01,9,False,True,True,True,False,5.73,2025-03-15,80-120,4683.53
216,Madrid,Arganzuela,Venta,Piso,635009.0,115.4,3.0,2.0,Reformado,1991-01-01,4,False,True,False,True,True,6.51,2024-10-16,80-120,5502.68
217,Madrid,Chamberí,Venta,Piso,274122.0,76.5,2.0,1.0,Reformado,1983-01-01,5,True,True,False,False,False,6.77,2024-10-10,40-80,3583.29
218,Madrid,Chamberí,Alquiler,Piso,516424.0,88.1,3.0,2.0,Buen estado,1975-01-01,2,True,True,False,True,False,6.75,2025-03-20,80-120,5861.79
219,Madrid,Salamanca,Venta,Piso,428688.0,71.1,2.0,1.0,Buen estado,1964-01-01,7,True,True,False,False,False,7.99,2025-01-04,40-80,6029.37
220,Madrid,Chamberí,Venta,Piso,464667.0,87.9,3.0,2.0,Obra nueva,2022-01-01,9,True,True,True,True,False,4.52,2024-10-30,80-120,5286.31
221,Madrid,Salamanca,Venta,Piso,248761.0,48.3,2.0,1.0,Buen estado,1955-01-01,1,True,True,False,True,True,4.12,2024-12-17,40-80,5150.33
222,Madrid,Madrid-Centro,Venta,Piso,556424.0,99.1,3.0,2.0,Buen estado,1978-01-01,4,True,False,True,False,False,5.27,2024-12-03,80-120,5614.77
223,Madrid,Tetuán,Venta,Ático,386430.0,74.5,2.0,1.0,Buen estado,2003-01-01,Ático,True,True,True,True,False,5.2,2025-03-09,40-80,5186.98
224,Madrid,Madrid-Centro,Venta,Piso,531639.0,76.7,2.0,1.0,Buen estado,1986-01-01,9,True,False,False,False,False,5.15,,40-80,6931.41
225,Madrid,Salamanca,Venta,Piso,449281.0,89.3,3.0,2.0,Obra nueva,2020-01-01,4,False,True,True,True,False,2.79,2024-12-31,80-120,5031.14
226,Madrid,Salamanca,Venta,Piso,303047.0,66.6,2.0,1.0,Buen estado,1979-01-01,6,True,False,False,False,False,8.57,2025-02-22,40-80,4550.26
227,Madrid,Arganzuela,Venta,Estudio,183902.0,39.4,0.0,1.0,Buen estado,1990-01-01,5,True,True,False,False,False,6.2,2024-10-27,0-40,4667.56
228,Madrid,Madrid-Centro,Alquiler,Piso,414811.0,86.7,3.0,2.0,Buen estado,1979-01-01,1,True,False,False,False,False,5.35,2024-12-28,80-120,4784.44
229,Madrid,Tetuán,Venta,Piso,409542.0,79.0,2.0,1.0,Buen estado,1974-01-01,4,False,False,False,False,True,3.28,2024-11-07,40-80,5184.08
230,Madrid,Madrid-Centro,Venta,Piso,282066.0,57.3,2.0,1.0,Obra nueva,2022-01-01,7,True,True,True,False,False,5.72,2025-04-03,40-80,4922.62
231,Madrid,Retiro,Venta,Piso,581936.0,109.2,3.0,2.0,Buen estado,2005-01-01,9,True,False,False,False,False,5.95,2025-01-19,80-120,5329.08
232,Madrid,Tetuán,Venta,Piso,275043.0,62.4,2.0,1.0,Obra nueva,2019-01-01,5,True,True,False,False,True,3.04,2024-11-21,40-80,4407.74
233,Madrid,Salamanca,Venta,Piso,280691.0,48.8,2.0,1.0,Buen estado,1992-01-01,5,False,True,False,False,True,6.28,2025-01-06,40-80,5751.86
234,Madrid,Arganzuela,Alquiler,Sin_clasificar,,,2.0,1.0,Buen estado,2010-01-01,1,True,False,False,False,False,5.6,2024-11-15,,
235,Madrid,Retiro,Venta,Piso,367958.0,86.8,3.0,2.0,Obra nueva,2023-01-01,1,True,True,True,True,False,6.2,,80-120,4239.15
236,Madrid,Arganzuela,Venta,Ático,456286.0,94.2,3.0,2.0,Obra nueva,2021-01-01,Ático,True,True,False,True,True,7.9,2025-03-02,80-120,4843.8
237,Madrid,Arganzuela,Venta,Ático,412170.0,87.5,3.0,2.0,Reformado,1983-01-01,Ático,True,False,True,True,True,3.99,2024-12-28,80-120,4710.51
238,Madrid,Chamberí,Venta,Sin_clasificar,,,2.0,1.0,Buen estado,2006-01-01,4,True,False,False,False,False,4.27,2025-03-09,,
239,Madrid,Salamanca,Venta,Piso,328418.0,70.0,2.0,1.0,Buen estado,1985-01-01,Bajo,True,True,False,False,False,4.83,2024-10-23,40-80,4691.69
240,Madrid,Retiro,Alquiler,Piso,335966.0,70.7,2.0,1.0,Reformado,1968-01-01,1,False,True,True,True,True,4.98,2025-03-15,40-80,4751.99
241,Madrid,Tetuán,Venta,Piso,482933.0,93.9,3.0,2.0,Buen estado,1986-01-01,Bajo,False,False,False,False,False,5.84,2025-02-01,80-120,5143.06
242,Madrid,Tetuán,Venta,Estudio,175747.0,39.4,0.0,1.0,Buen estado,1994-01-01,2,True,False,False,False,False,5.58,2024-10-24,0-40,4460.58
243,Madrid,Madrid-Centro,Venta,Piso,560429.0,99.6,3.0,2.0,Buen estado,1983-01-01,1,False,False,False,False,False,2.21,2025-02-15,80-120,5626.8
244,Madrid,Arganzuela,Venta,Piso,552083.0,100.4,3.0,2.0,Buen estado,1979-01-01,7,True,True,False,False,True,,2025-02-20,80-120,5498.83
245,Madrid,Tetuán,Venta,Estudio,153073.0,30.0,0.0,1.0,Reformado,2003-01-01,6,True,False,False,False,True,5.98,2025-01-21,0-40,5102.43
246,Madrid,Retiro,Venta,Piso,341288.0,64.0,2.0,1.0,Buen estado,1977-01-01,5,True,True,True,True,True,5.65,2024-10-25,40-80,5332.62
247,Madrid,Retiro,Venta,Ático,385475.0,71.9,2.0,1.0,Buen estado,2001-01-01,Ático,True,True,False,False,False,1.47,2025-03-12,40-80,5361.27
248,Madrid,Chamberí,Venta,Piso,448972.0,93.0,3.0,2.0,Buen estado,1976-01-01,5,True,False,False,False,False,4.72,2024-12-27,80-120,4827.66
249,Madrid,Arganzuela,Venta,Piso,277842.0,59.8,2.0,1.0,Buen estado,1977-01-01,1,False,False,False,True,False,4.73,,40-80,4646.19
250,Madrid,Tetuán,Venta,Ático,417838.0,68.1,2.0,1.0,Obra nueva,2023-01-01,Ático,True,True,False,False,False,4.31,2025-02-20,40-80,6135.65
251,Madrid,Salamanca,Venta,Piso,255779.0,48.0,2.0,1.0,Buen estado,2003-01-01,5,False,True,False,True,False,,2024-12-27,40-80,5328.73
252,Madrid,Chamberí,Alquiler,Piso,406475.0,78.1,2.0,1.0,Obra nueva,2019-01-01,3,True,True,True,True,True,6.2,2024-11-13,40-80,5204.55
253,Madrid,Chamberí,Venta,Piso,518061.0,92.3,3.0,2.0,Buen estado,1997-01-01,8,False,False,False,False,True,5.64,2025-02-20,80-120,5612.8
254,Madrid,Salamanca,Venta,Piso,377058.0,80.2,3.0,2.0,Buen estado,1993-01-01,9,True,True,False,True,True,5.73,2025-01-13,80-120,4701.47
255,Madrid,Chamberí,Venta,Piso,493273.0,97.8,3.0,2.0,Obra nueva,2019-01-01,7,True,True,True,False,False,4.19,,80-120,5043.69
256,Madrid,Madrid-Centro,Venta,Piso,420409.0,89.3,3.0,2.0,A reformar,1967-01-01,9,False,False,False,False,True,6.03,2024-12-20,80-120,4707.83
257,Madrid,Arganzuela,Alquiler,Piso,341378.0,77.97,2.0,1.0,Buen estado,1977-01-01,7,True,True,False,False,True,5.27,2024-11-27,40-80,4378.32
258,Madrid,Retiro,Venta,Piso,508117.0,95.6,3.0,2.0,Buen estado,2006-01-01,4,True,True,False,True,True,6.18,2025-01-14,80-120,5315.03
259,Madrid,Tetuán,Venta,Piso,240133.0,47.8,2.0,1.0,Obra nueva,2022-01-01,2,True,True,True,False,False,4.39,2024-12-12,40-80,5023.7
260,Madrid,Salamanca,Venta,Piso,454914.0,99.8,3.0,2.0,Buen estado,1974-01-01,1,True,False,True,True,False,2.69,2025-02-18,80-120,4558.26
261,Madrid,Salamanca,Venta,Piso,482022.0,82.9,3.0,2.0,Buen estado,1992-01-01,8,False,False,False,False,False,3.82,2024-11-15,80-120,5814.5
262,Madrid,Madrid-Centro,Venta,Sin_clasificar,,,4.0,1.0,Obra nueva,2020-01-01,Bajo,True,True,False,True,False,3.59,2025-01-23,,
263,Madrid,Salamanca,Venta,Sin_clasificar,,,1.0,1.0,Buen estado,1981-01-01,1,True,False,False,False,False,3.37,2025-01-12,,
264,Madrid,Chamberí,Venta,Piso,427711.0,82.5,3.0,2.0,Obra nueva,2023-01-01,5,True,False,False,True,False,6.34,,80-120,5184.38
265,Madrid,Chamberí,Venta,Piso,390031.0,84.4,3.0,2.0,Buen estado,1983-01-01,2,True,False,True,False,False,2.58,2025-04-07,80-120,4621.22
266,Madrid,Madrid-Centro,Venta,Piso,510349.0,86.5,3.0,2.0,Buen estado,1968-01-01,4,True,False,True,False,False,7.78,2024-12-03,80-120,5899.99
267,Madrid,Chamberí,Venta,Piso,257845.0,57.5,2.0,1.0,Buen estado,1992-01-01,1,True,True,False,True,False,8.79,2024-12-21,40-80,4484.26
268,Madrid,Chamberí,Venta,Piso,192590.0,52.1,2.0,1.0,Buen estado,2003-01-01,9,True,True,False,True,False,7.56,2025-02-03,40-80,3696.55
269,Madrid,Salamanca,Venta,Piso,347656.0,64.5,2.0,1.0,Buen estado,1969-01-01,Bajo,True,False,False,False,False,3.67,2025-03-19,40-80,5390.02
270,Madrid,Tetuán,Venta,Piso,331844.0,62.8,2.0,1.0,Buen estado,1991-01-01,Bajo,False,False,False,False,False,,2025-03-15,40-80,5284.14
271,Madrid,Retiro,Venta,Piso,362283.0,66.5,2.0,1.0,Buen estado,1975-01-01,1,True,False,False,False,True,3.25,2025-02-20,40-80,5447.86
272,Madrid,Retiro,Venta,Piso,294370.0,49.8,2.0,1.0,Buen estado,1976-01-01,8,False,False,False,True,False,6.32,2025-02-27,40-80,5911.04
273,Madrid,Salamanca,Venta,Piso,373330.0,59.4,2.0,1.0,Buen estado,1980-01-01,5,False,False,True,False,False,5.35,2024-12-12,40-80,6285.02
274,Madrid,Arganzuela,Venta,Ático,,,1.0,1.0,Buen estado,1994-01-01,Ático,False,True,True,False,True,4.53,2025-03-18,,
275,Madrid,Salamanca,Alquiler,Piso,435196.0,86.9,3.0,2.0,Buen estado,1995-01-01,Bajo,False,True,False,False,False,5.33,2025-01-07,80-120,5008.01
276,Madrid,Tetuán,Venta,Piso,366570.0,68.4,2.0,1.0,Obra nueva,2023-01-01,7,True,False,True,True,False,3.75,2025-04-05,40-80,5359.21
277,Madrid,Madrid-Centro,Venta,Piso,418043.0,90.6,3.0,2.0,Buen estado,1974-01-01,7,False,True,False,False,False,3.85,2024-10-18,80-120,4614.16
278,Madrid,Retiro,Venta,Piso,309504.0,65.6,2.0,1.0,Reformado,2009-01-01,5,False,False,False,True,True,5.52,2024-12-27,40-80,4718.05
279,Madrid,Tetuán,Venta,Sin_clasificar,,,3.0,1.0,Buen estado,1977-01-01,Bajo,True,False,True,False,False,4.0,2025-03-23,,
280,Madrid,Chamberí,Venta,Ático,552153.0,98.8,3.0,2.0,Buen estado,1986-01-01,Ático,False,False,True,False,False,6.69,2025-01-01,80-120,5588.59
281,Madrid,Retiro,Venta,Estudio,179531.0,39.3,0.0,1.0,Reformado,2001-01-01,7,False,False,False,False,True,9.64,2025-01-15,0-40,4568.22
282,Madrid,Retiro,Alquiler,Piso,366033.0,77.5,2.0,1.0,Buen estado,2020-01-01,8,True,False,True,True,False,3.93,2024-12-16,40-80,4723.01
283,Madrid,Salamanca,Alquiler,Piso,561384.0,93.0,3.0,2.0,Buen estado,1987-01-01,2,False,False,False,True,False,4.02,2025-02-25,80-120,6036.39
284,Madrid,Retiro,Venta,Piso,412563.0,75.0,2.0,1.0,Buen estado,2009-01-01,4,True,True,True,False,False,3.77,2025-01-31,40-80,5500.84
285,Madrid,Tetuán,Alquiler,Piso,407557.0,98.0,3.0,2.0,Buen estado,1992-01-01,7,True,False,False,True,False,7.2,2024-10-19,80-120,4158.74
286,Madrid,Arganzuela,Alquiler,Piso,388114.0,91.6,3.0,2.0,A reformar,1985-01-01,4,False,False,False,True,False,5.63,2025-03-21,80-120,4237.05
287,Madrid,Salamanca,Venta,Ático,390487.0,70.1,2.0,1.0,Buen estado,1970-01-01,Ático,True,False,False,False,True,4.33,2024-11-18,40-80,5570.43
288,Madrid,Salamanca,Venta,Piso,324015.0,69.2,2.0,1.0,Obra nueva,2018-01-01,2,False,False,False,False,True,6.29,2024-10-26,40-80,4682.3
289,Madrid,Chamberí,Alquiler,Piso,453806.0,84.7,3.0,2.0,Buen estado,2009-01-01,9,False,False,False,True,False,5.79,2024-10-17,80-120,5357.8
290,Madrid,Tetuán,Venta,Piso,616610.0,99.3,3.0,2.0,Buen estado,1976-01-01,7,True,False,False,False,False,3.64,2024-10-28,80-120,6209.57
291,Madrid,Tetuán,Venta,Piso,427900.0,82.5,3.0,2.0,Buen estado,2002-01-01,4,False,True,False,False,False,5.14,2024-12-11,80-120,5186.67
292,Madrid,Salamanca,Venta,Piso,,73.1,2.0,1.0,Buen estado,1992-01-01,8,True,True,False,True,True,5.54,2024-11-08,40-80,
293,Madrid,Retiro,Alquiler,Piso,296755.0,57.4,2.0,1.0,Buen estado,1989-01-01,9,False,True,True,False,True,4.09,2024-12-21,40-80,5169.95
294,Madrid,Arganzuela,Alquiler,Piso,415342.0,83.3,3.0,2.0,Buen estado,1975-01-01,1,True,True,False,False,True,8.27,2025-02-01,80-120,4986.1
295,Madrid,Chamberí,Alquiler,Ático,368896.0,62.6,2.0,1.0,Buen estado,1982-01-01,Ático,False,False,False,False,False,3.89,2024-12-29,40-80,5892.91
296,Madrid,Arganzuela,Venta,Piso,251683.0,53.1,2.0,1.0,Buen estado,1958-01-01,4,True,True,False,True,False,,2024-11-18,40-80,4739.79
297,Madrid,Arganzuela,Alquiler,Piso,555033.0,113.2,3.0,2.0,Buen estado,1970-01-01,5,True,False,False,False,False,7.01,2025-02-16,80-120,4903.12
298,Madrid,Chamberí,Venta,Piso,216165.0,44.8,2.0,1.0,Buen estado,1967-01-01,7,False,True,False,False,True,6.1,2024-10-15,40-80,4825.11
299,Madrid,Retiro,Venta,Piso,561180.0,106.5,3.0,2.0,Obra nueva,2022-01-01,2,False,True,True,False,True,4.22,,80-120,5269.3
300,Madrid,Salamanca,Venta,Piso,348249.0,59.3,2.0,1.0,Obra nueva,2021-01-01,8,True,True,True,True,True,3.16,2025-01-22,40-80,5872.66
301,Madrid,Madrid-Centro,Alquiler,Ático,333611.0,110.1,3.0,2.0,A reformar,1991-01-01,Ático,False,True,False,False,False,0.5,2024-10-27,80-120,3030.07
302,Madrid,Madrid-Centro,Venta,Piso,463539.0,85.9,3.0,2.0,Buen estado,1985-01-01,8,True,True,True,True,False,8.31,2025-03-21,80-120,5396.26
303,Madrid,Tetuán,Venta,Piso,423002.0,86.0,3.0,2.0,Buen estado,1973-01-01,Bajo,True,False,False,False,False,5.88,2024-11-09,80-120,4918.63
304,Madrid,Tetuán,Venta,Piso,,88.6,3.0,2.0,Buen estado,1980-01-01,3,False,True,False,True,False,,2025-01-05,80-120,
305,Madrid,Tetuán,Alquiler,Ático,,,1.0,1.0,Buen estado,2000-01-01,Ático,True,False,False,False,False,5.23,2025-02-27,,
306,Madrid,Retiro,Venta,Piso,328889.0,59.5,2.0,1.0,Buen estado,1963-01-01,8,True,False,True,False,False,7.87,2025-03-22,40-80,5527.55
307,Madrid,Chamberí,Venta,Estudio,172982.0,39.8,0.0,1.0,Buen estado,2009-01-01,9,True,False,False,True,False,4.49,2025-03-12,0-40,4346.28
308,Madrid,Retiro,Alquiler,Piso,525843.0,104.3,3.0,2.0,Obra nueva,2018-01-01,1,True,True,False,False,False,4.42,2024-10-20,80-120,5041.64
309,Madrid,Arganzuela,Alquiler,Piso,261765.0,61.7,2.0,1.0,Buen estado,1997-01-01,9,True,False,False,True,False,6.24,2025-01-23,40-80,4242.54
310,Madrid,Tetuán,Venta,Piso,215474.0,40.7,2.0,1.0,Buen estado,2009-01-01,4,True,True,True,False,False,4.69,2025-03-22,40-80,5294.2
311,Madrid,Retiro,Venta,Piso,231118.0,43.6,2.0,1.0,Buen estado,2011-01-01,4,True,True,False,False,True,6.87,,40-80,5300.87
312,Madrid,Salamanca,Venta,Piso,333587.0,81.1,3.0,2.0,Buen estado,1964-01-01,7,True,False,False,True,False,3.54,2024-11-30,80-120,4113.28
313,Madrid,Retiro,Venta,Sin_clasificar,,,2.0,2.0,Obra nueva,2023-01-01,5,True,True,True,False,False,5.36,2025-01-19,,
314,Madrid,Chamberí,Alquiler,Piso,425229.0,89.6,3.0,2.0,Buen estado,1971-01-01,3,False,False,True,False,False,2.84,2025-02-05,80-120,4745.86
315,Madrid,Salamanca,Venta,Piso,484614.0,81.2,3.0,2.0,Buen estado,2002-01-01,4,True,False,False,True,False,4.0,2025-01-15,80-120,5968.15
316,Madrid,Tetuán,Venta,Piso,451021.0,97.9,3.0,2.0,Reformado,1981-01-01,5,True,True,False,True,False,5.84,2025-03-05,80-120,4606.96
317,Madrid,Arganzuela,Venta,Piso,391944.0,71.3,2.0,1.0,Buen estado,1973-01-01,8,False,True,False,False,True,3.81,2025-02-05,40-80,5497.11
318,Madrid,Madrid-Centro,Alquiler,Piso,496450.0,93.9,3.0,2.0,Buen estado,1974-01-01,6,True,False,False,False,False,6.06,2025-02-15,80-120,5287.01
319,Madrid,Madrid-Centro,Alquiler,Piso,642456.0,116.8,3.0,2.0,Buen estado,1997-01-01,Bajo,False,False,False,False,False,5.64,2024-12-20,80-120,5500.48
320,Madrid,Madrid-Centro,Venta,Piso,262010.0,47.9,2.0,1.0,Buen estado,1941-01-01,4,True,False,True,True,False,3.28,2025-02-23,40-80,5469.94
321,Madrid,Salamanca,Alquiler,Piso,,87.8,3.0,2.0,Reformado,2006-01-01,5,True,True,False,False,True,4.79,2025-01-20,80-120,
322,Madrid,Retiro,Venta,Sin_clasificar,,,2.0,1.0,Buen estado,2007-01-01,5,True,False,False,True,False,6.19,2025-02-27,,
323,Madrid,Retiro,Venta,Piso,454696.0,86.7,3.0,2.0,Obra nueva,2020-01-01,9,True,True,False,True,False,4.66,2025-04-01,80-120,5244.48
324,Madrid,Tetuán,Venta,Piso,452550.0,92.6,3.0,2.0,Buen estado,1974-01-01,5,True,False,False,False,False,4.89,2025-02-28,80-120,4887.15
325,Madrid,Retiro,Alquiler,Piso,313448.0,50.7,2.0,1.0,Buen estado,2003-01-01,8,True,False,False,True,False,7.43,2024-10-19,40-80,6182.41
326,Madrid,Salamanca,Venta,Sin_clasificar,,,1.0,1.0,Obra nueva,2022-01-01,7,True,True,False,True,False,5.1,2024-11-16,,
327,Madrid,Tetuán,Alquiler,Piso,397018.0,85.6,3.0,2.0,Reformado,1986-01-01,5,False,False,False,True,False,3.58,2024-11-19,80-120,4638.06
328,Madrid,Madrid-Centro,Alquiler,Piso,282780.0,61.2,2.0,1.0,Buen estado,1973-01-01,5,False,True,True,True,True,2.07,2025-02-15,40-80,4620.59
329,Madrid,Tetuán,Venta,Piso,394506.0,88.7,3.0,2.0,Buen estado,1996-01-01,Bajo,True,True,False,False,True,3.59,2025-01-11,80-120,4447.64
330,Madrid,Retiro,Venta,Ático,360710.0,69.1,2.0,1.0,Buen estado,1987-01-01,Ático,True,False,False,False,False,5.34,2024-10-15,40-80,5220.12
331,Madrid,Tetuán,Venta,Piso,467073.0,96.2,3.0,2.0,Obra nueva,2022-01-01,9,True,False,True,True,False,4.72,2024-12-06,80-120,4855.23
332,Madrid,Arganzuela,Venta,Estudio,143729.0,30.0,0.0,1.0,Buen estado,1973-01-01,9,True,False,False,False,False,5.6,2025-01-14,0-40,4790.97
333,Madrid,Chamberí,Alquiler,Piso,221042.0,43.5,2.0,1.0,Buen estado,1969-01-01,1,False,True,False,True,False,6.0,2024-11-26,40-80,5081.43
334,Madrid,Salamanca,Venta,Piso,295334.0,56.1,2.0,1.0,Buen estado,1976-01-01,3,False,True,False,True,True,6.6,2025-01-22,40-80,5264.42
335,Madrid,Tetuán,Alquiler,Piso,452481.0,85.9,3.0,2.0,Reformado,1980-01-01,Bajo,False,False,False,True,False,3.55,2025-04-07,80-120,5267.53
336,Madrid,Chamberí,Venta,Piso,517901.0,96.7,3.0,2.0,A reformar,1987-01-01,7,True,True,False,False,False,4.56,2025-02-20,80-120,5355.75
337,Madrid,Madrid-Centro,Venta,Sin_clasificar,,,4.0,2.0,Reformado,1977-01-01,5,False,True,False,True,True,6.8,2025-02-25,,
338,Madrid,Retiro,Venta,Piso,358916.0,83.2,3.0,2.0,Buen estado,1982-01-01,4,False,True,True,False,False,5.81,2025-03-14,80-120,4313.89
339,Madrid,Madrid-Centro,Venta,Piso,441976.0,82.6,3.0,2.0,Buen estado,1999-01-01,3,True,True,False,False,True,2.71,2024-12-24,80-120,5350.8
340,Madrid,Retiro,Alquiler,Piso,277613.0,63.2,2.0,1.0,Buen estado,1968-01-01,7,True,True,True,False,False,5.92,2025-01-06,40-80,4392.61
341,Madrid,Tetuán,Alquiler,Piso,379147.0,64.7,2.0,1.0,Buen estado,1986-01-01,1,False,True,False,False,False,3.49,2025-03-04,40-80,5860.08
342,Madrid,Arganzuela,Venta,Sin_clasificar,,,,1.0,Buen estado,1996-01-01,5,True,False,False,False,False,5.33,2024-11-15,,
343,Madrid,Retiro,Venta,Piso,556799.0,100.6,3.0,2.0,Buen estado,1978-01-01,7,True,False,False,False,False,4.39,2025-03-25,80-120,5534.78
344,Madrid,Retiro,Alquiler,Piso,522887.0,107.8,3.0,2.0,Obra nueva,2020-01-01,8,True,True,False,True,False,5.12,2025-04-05,80-120,4850.53
345,Madrid,Retiro,Venta,Sin_clasificar,,,4.0,3.0,Buen estado,1989-01-01,3,True,False,False,False,False,5.0,2024-10-21,,
346,Madrid,Arganzuela,Alquiler,Piso,278878.0,58.7,2.0,1.0,Buen estado,1990-01-01,1,True,False,True,True,True,5.54,2025-01-22,40-80,4750.9
347,Madrid,Retiro,Alquiler,Piso,422609.0,90.6,3.0,2.0,Obra nueva,2018-01-01,8,True,True,False,True,False,4.95,2024-11-18,80-120,4664.56
348,Madrid,Madrid-Centro,Venta,Ático,348881.0,74.4,2.0,1.0,Buen estado,1983-01-01,Ático,False,True,True,True,False,4.74,2024-11-29,40-80,4689.26
349,Madrid,Retiro,Venta,Piso,486650.0,88.3,3.0,2.0,Reformado,2001-01-01,1,False,True,False,True,False,5.36,2025-03-24,80-120,5511.33
350,Madrid,Tetuán,Venta,Piso,472271.0,83.8,3.0,2.0,Reformado,1978-01-01,Bajo,False,False,True,False,False,4.82,2024-11-22,80-120,5635.69
351,Madrid,Madrid-Centro,Alquiler,Piso,517522.0,94.5,3.0,2.0,Reformado,2000-01-01,6,False,True,True,False,True,7.97,2025-02-12,80-120,5476.42
352,Madrid,Chamberí,Alquiler,Piso,453007.0,96.4,3.0,2.0,Reformado,1980-01-01,Bajo,False,False,False,True,True,6.83,2024-10-11,80-120,4699.24
353,Madrid,Retiro,Venta,Piso,,65.8,2.0,1.0,A reformar,1960-01-01,4,True,True,False,False,False,6.13,2025-02-02,40-80,
354,Madrid,Arganzuela,Venta,Piso,478562.0,97.5,3.0,2.0,Reformado,2002-01-01,8,True,False,False,True,False,6.52,2025-02-05,80-120,4908.33
355,Madrid,Retiro,Venta,Sin_clasificar,,,3.0,3.0,Buen estado,1976-01-01,7,True,False,False,True,True,4.67,2025-03-23,,
356,Madrid,Retiro,Alquiler,Piso,395928.0,74.1,2.0,1.0,Buen estado,1981-01-01,4,True,False,False,False,False,5.94,2025-03-03,40-80,5343.16
357,Madrid,Arganzuela,Alquiler,Piso,598799.0,109.7,3.0,2.0,Reformado,2020-01-01,6,True,False,False,False,False,4.66,2025-01-26,80-120,5458.51
358,Madrid,Tetuán,Venta,Piso,182355.0,53.1,2.0,1.0,Buen estado,1980-01-01,2,True,True,True,False,False,4.92,2025-02-08,40-80,3434.18
359,Madrid,Retiro,Alquiler,Piso,419231.0,83.2,3.0,2.0,Buen estado,1980-01-01,7,False,False,False,False,False,6.93,,80-120,5038.83
360,Madrid,Retiro,Venta,Ático,,,5.0,1.0,Buen estado,1960-01-01,Ático,True,False,False,True,False,2.52,2025-01-09,,
361,Madrid,Arganzuela,Venta,Piso,476904.0,89.4,3.0,2.0,Buen estado,1969-01-01,2,True,True,True,True,True,2.83,,80-120,5334.5
362,Madrid,Arganzuela,Venta,Piso,429831.0,76.8,2.0,1.0,Obra nueva,2020-01-01,1,False,True,False,True,True,,2025-03-21,40-80,5596.76
363,Madrid,Retiro,Venta,Piso,534829.0,104.8,3.0,2.0,A reformar,1987-01-01,7,True,True,False,True,False,5.49,2024-11-17,80-120,5103.33
364,Madrid,Madrid-Centro,Alquiler,Piso,432135.0,98.2,3.0,2.0,Buen estado,2001-01-01,8,False,False,False,True,False,7.33,2025-02-06,80-120,4400.56
365,Madrid,Tetuán,Alquiler,Piso,553692.0,107.8,3.0,2.0,Obra nueva,2023-01-01,9,True,True,True,False,True,2.35,2024-10-29,80-120,5136.29
366,Madrid,Tetuán,Venta,Estudio,141967.0,30.9,0.0,1.0,Buen estado,1984-01-01,9,True,False,False,False,False,6.34,2024-11-06,0-40,4594.4
367,Madrid,Salamanca,Alquiler,Piso,580937.0,119.2,3.0,2.0,Buen estado,1996-01-01,8,True,False,True,True,False,3.35,2024-11-16,80-120,4873.63
368,Madrid,Chamberí,Venta,Piso,481425.0,92.9,3.0,2.0,Buen estado,1986-01-01,3,True,True,False,False,False,5.05,2025-03-07,80-120,5182.19
369,Madrid,Madrid-Centro,Venta,Piso,,85.4,3.0,2.0,Obra nueva,2021-01-01,2,False,True,True,False,True,7.61,2025-02-17,80-120,
370,Madrid,Madrid-Centro,Venta,Piso,408482.0,81.1,3.0,2.0,Buen estado,1971-01-01,4,True,True,False,False,False,5.06,2024-10-14,80-120,5036.77
371,Madrid,Madrid-Centro,Venta,Piso,354140.0,87.9,3.0,2.0,Buen estado,1977-01-01,1,True,False,False,False,True,2.9,2024-10-20,80-120,4028.9
372,Madrid,Madrid-Centro,Venta,Piso,461455.0,79.2,2.0,1.0,A reformar,1984-01-01,1,True,False,False,False,True,5.18,2025-02-06,40-80,5826.45
373,Madrid,Salamanca,Venta,Ático,339724.0,57.0,2.0,1.0,Buen estado,1985-01-01,Ático,True,True,False,False,False,4.55,2025-03-23,40-80,5960.07
374,Madrid,Madrid-Centro,Venta,Piso,645448.0,101.4,3.0,2.0,Buen estado,1987-01-01,6,True,False,False,True,False,3.64,2025-01-13,80-120,6365.36
375,Madrid,Salamanca,Venta,Ático,424149.0,82.6,3.0,2.0,Buen estado,1957-01-01,Ático,True,True,False,False,True,4.08,2025-01-06,80-120,5134.98
376,Madrid,Salamanca,Venta,Piso,453596.0,83.4,3.0,2.0,Buen estado,2002-01-01,3,True,True,False,False,False,8.69,2024-10-09,80-120,5438.8
377,Madrid,Salamanca,Alquiler,Piso,584498.0,107.9,3.0,2.0,Obra nueva,2021-01-01,8,True,False,False,True,False,4.68,2025-01-14,80-120,5417.03
378,Madrid,Chamberí,Venta,Piso,311457.0,67.9,2.0,1.0,Buen estado,1995-01-01,1,True,True,False,True,True,3.43,2024-10-17,40-80,4587.0
379,Madrid,Arganzuela,Venta,Piso,293637.0,56.3,2.0,1.0,Reformado,2006-01-01,Bajo,True,False,True,False,True,3.64,2024-12-09,40-80,5215.58
380,Madrid,Chamberí,Venta,Ático,511084.0,100.5,3.0,2.0,Buen estado,1968-01-01,Ático,True,False,True,True,True,6.88,2025-04-07,80-120,5085.41
381,Madrid,Salamanca,Venta,Piso,365765.0,74.5,2.0,1.0,Buen estado,1987-01-01,8,True,False,True,True,False,4.76,2024-12-03,40-80,4909.6
382,Madrid,Salamanca,Venta,Piso,424747.0,87.3,3.0,2.0,Buen estado,1985-01-01,9,False,False,False,True,False,5.78,2024-12-29,80-120,4865.37
383,Madrid,Tetuán,Venta,Piso,446769.0,95.4,3.0,2.0,Buen estado,1981-01-01,4,False,False,False,True,True,4.18,2024-11-14,80-120,4683.11
384,Madrid,Arganzuela,Venta,Piso,425227.0,90.4,3.0,2.0,Buen estado,1983-01-01,8,True,False,False,False,True,5.22,,80-120,4703.84
385,Madrid,Arganzuela,Alquiler,Piso,373460.0,81.6,3.0,2.0,Buen estado,1970-01-01,7,False,False,False,False,False,3.75,2024-10-21,80-120,4576.72
386,Madrid,Retiro,Alquiler,Piso,,70.4,2.0,1.0,Obra nueva,2020-01-01,6,True,True,False,True,True,5.87,2025-01-21,40-80,
387,Madrid,Chamberí,Venta,Piso,285312.0,59.3,2.0,1.0,Buen estado,1999-01-01,3,False,False,False,True,False,5.33,2024-12-05,40-80,4811.33
388,Madrid,Retiro,Alquiler,Piso,543914.0,105.5,3.0,2.0,Buen estado,2003-01-01,Bajo,True,False,False,True,False,7.67,2025-03-01,80-120,5155.58
389,Madrid,Madrid-Centro,Alquiler,Piso,479400.0,97.9,3.0,2.0,Buen estado,1997-01-01,3,False,False,False,False,True,5.13,2024-12-13,80-120,4896.83
390,Madrid,Chamberí,Venta,Piso,538435.0,115.5,3.0,2.0,Buen estado,1999-01-01,5,True,True,True,False,False,3.86,,80-120,4661.77
391,Madrid,Tetuán,Alquiler,Ático,,67.5,2.0,1.0,Buen estado,1988-01-01,Ático,True,False,False,False,False,,2025-03-12,40-80,
392,Madrid,Tetuán,Venta,Ático,305658.0,68.4,2.0,1.0,Obra nueva,2022-01-01,Ático,True,True,True,True,True,6.83,2025-03-01,40-80,4468.68
393,Madrid,Chamberí,Venta,Piso,493386.0,100.7,3.0,2.0,Buen estado,1980-01-01,Bajo,True,False,True,False,True,6.11,2024-12-02,80-120,4899.56
394,Madrid,Chamberí,Alquiler,Piso,301584.0,64.9,2.0,1.0,A reformar,2007-01-01,7,True,False,True,False,True,5.47,2024-12-10,40-80,4646.9
395,Madrid,Arganzuela,Venta,Piso,351267.0,66.5,2.0,1.0,Reformado,1999-01-01,8,False,True,False,True,False,5.36,2024-12-30,40-80,5282.21
396,Madrid,Retiro,Venta,Piso,405417.0,93.8,3.0,2.0,Buen estado,1982-01-01,4,True,False,True,True,False,5.18,2025-01-09,80-120,4322.14
397,Madrid,Tetuán,Alquiler,Piso,386043.0,75.8,2.0,1.0,Obra nueva,2023-01-01,7,True,True,False,True,False,7.1,2024-12-29,40-80,5092.92
398,Madrid,Chamberí,Venta,Piso,279937.0,67.9,2.0,1.0,Buen estado,1976-01-01,3,True,False,False,False,True,4.11,2024-11-15,40-80,4122.78
399,Madrid,Salamanca,Venta,Piso,344210.0,74.4,2.0,1.0,Buen estado,1995-01-01,6,True,False,False,False,True,5.85,2024-12-23,40-80,4626.48
400,Madrid,Chamberí,Venta,Piso,416693.0,93.3,3.0,2.0,Buen estado,1997-01-01,3,False,True,False,True,True,5.25,2025-02-13,80-120,4466.16
401,Madrid,Tetuán,Venta,Piso,391486.0,86.6,3.0,2.0,Buen estado,1982-01-01,7,False,True,False,False,True,3.84,2025-03-22,80-120,4520.62
402,Madrid,Arganzuela,Venta,Piso,352811.0,69.9,2.0,1.0,Obra nueva,2019-01-01,2,True,False,False,False,False,3.99,2025-02-25,40-80,5047.37
403,Madrid,Madrid-Centro,Venta,Piso,357657.0,77.0,2.0,1.0,A reformar,1979-01-01,Bajo,False,False,False,True,True,4.18,2025-02-20,40-80,4644.9
404,Madrid,Salamanca,Alquiler,Piso,499748.0,95.3,3.0,2.0,Obra nueva,2018-01-01,Bajo,False,False,True,False,False,4.69,2025-01-22,80-120,5243.95
405,Madrid,Chamberí,Alquiler,Piso,381780.0,102.1,3.0,2.0,Obra nueva,2018-01-01,3,True,True,False,False,False,,2025-02-15,80-120,3739.28
406,Madrid,Madrid-Centro,Venta,Piso,282089.0,62.4,2.0,1.0,Buen estado,1973-01-01,9,False,False,False,False,False,5.46,2025-02-09,40-80,4520.66
407,Madrid,Arganzuela,Venta,Piso,355064.0,73.2,2.0,1.0,Buen estado,1976-01-01,Bajo,True,True,False,False,True,3.41,2024-10-13,40-80,4850.6
408,Madrid,Tetuán,Alquiler,Estudio,173762.0,30.0,0.0,1.0,Buen estado,1987-01-01,8,True,False,False,False,True,5.88,2025-04-05,0-40,5792.07
409,Madrid,Arganzuela,Venta,Piso,421393.0,81.1,3.0,2.0,Buen estado,1987-01-01,1,True,True,True,False,False,2.99,2025-02-20,80-120,5195.97
410,Madrid,Chamberí,Venta,Piso,291203.0,54.5,2.0,1.0,Buen estado,1947-01-01,5,False,True,True,False,True,,2024-12-16,40-80,5343.17
411,Madrid,Madrid-Centro,Venta,Piso,345560.0,86.1,3.0,2.0,Buen estado,1996-01-01,3,True,False,False,False,True,4.44,2025-04-05,80-120,4013.47
412,Madrid,Chamberí,Venta,Ático,524096.0,95.7,3.0,2.0,Buen estado,1991-01-01,Ático,True,False,False,False,False,3.58,2024-10-17,80-120,5476.45
413,Madrid,Salamanca,Venta,Ático,484603.0,93.1,3.0,2.0,Buen estado,1991-01-01,Ático,False,False,True,False,False,5.66,2024-10-11,80-120,5205.19
414,Madrid,Arganzuela,Venta,Piso,316813.0,80.0,3.0,2.0,Buen estado,1977-01-01,5,True,True,False,True,False,4.01,2025-03-02,80-120,3960.16
415,Madrid,Salamanca,Alquiler,Piso,387959.0,84.8,3.0,2.0,Buen estado,1958-01-01,9,True,True,True,True,False,3.16,2025-02-07,80-120,4574.99
416,Madrid,Retiro,Venta,Piso,332452.0,75.1,2.0,1.0,Reformado,1968-01-01,8,False,True,False,False,False,5.21,2025-03-02,40-80,4426.79
417,Madrid,Arganzuela,Venta,Sin_clasificar,,,3.0,3.0,Buen estado,1986-01-01,3,True,True,True,False,False,,,,
418,Madrid,Chamberí,Alquiler,Piso,463404.0,115.4,3.0,2.0,Buen estado,1965-01-01,1,True,False,True,False,False,3.07,2024-12-24,80-120,4015.63
419,Madrid,Chamberí,Venta,Piso,529940.0,105.1,3.0,2.0,Obra nueva,2023-01-01,8,False,True,False,True,False,5.79,2025-01-01,80-120,5042.25
420,Madrid,Madrid-Centro,Alquiler,Estudio,159333.0,32.2,0.0,1.0,A reformar,1987-01-01,1,True,False,False,True,True,4.45,2025-02-14,0-40,4948.23
421,Madrid,Arganzuela,Alquiler,Piso,465580.0,92.0,3.0,2.0,Buen estado,1964-01-01,1,True,True,False,False,False,6.44,2025-01-04,80-120,5060.65
422,Madrid,Tetuán,Alquiler,Piso,281222.0,46.5,2.0,1.0,Buen estado,1982-01-01,5,True,False,False,False,False,6.9,2024-10-16,40-80,6047.78
423,Madrid,Arganzuela,Venta,Piso,337963.0,78.0,2.0,1.0,Buen estado,1978-01-01,5,False,True,False,False,False,3.79,2025-02-27,40-80,4332.86
424,Madrid,Madrid-Centro,Venta,Piso,623529.0,110.8,3.0,2.0,Buen estado,1975-01-01,1,False,True,False,False,False,5.86,2025-03-16,80-120,5627.52
425,Madrid,Retiro,Alquiler,Piso,526487.0,103.2,3.0,2.0,Buen estado,1995-01-01,2,True,True,False,False,True,4.23,2025-01-14,80-120,5101.62
426,Madrid,Arganzuela,Alquiler,Piso,511870.0,108.5,3.0,2.0,Buen estado,1985-01-01,5,True,False,False,True,True,4.57,2024-11-05,80-120,4717.7
427,Madrid,Salamanca,Venta,Piso,434827.0,102.9,3.0,2.0,Buen estado,1982-01-01,4,True,False,False,False,False,5.19,2024-11-04,80-120,4225.72
428,Madrid,Chamberí,Venta,Piso,,51.8,2.0,1.0,Buen estado,2003-01-01,8,False,True,False,False,False,5.08,2025-01-21,40-80,
429,Madrid,Salamanca,Venta,Piso,417285.0,78.4,2.0,1.0,Buen estado,1994-01-01,9,False,True,False,False,False,5.03,,40-80,5322.51
430,Madrid,Madrid-Centro,Venta,Piso,434842.0,72.7,2.0,1.0,Obra nueva,2023-01-01,8,True,True,False,False,True,6.37,2024-12-10,40-80,5981.32
431,Madrid,Tetuán,Venta,Piso,464637.0,96.9,3.0,2.0,Buen estado,1997-01-01,4,True,False,True,True,False,6.11,2024-12-25,80-120,4795.02
432,Madrid,Retiro,Venta,Piso,,84.7,3.0,2.0,Buen estado,1973-01-01,6,True,True,False,False,True,7.02,2024-12-24,80-120,
433,Madrid,Madrid-Centro,Alquiler,Ático,327315.0,64.4,2.0,1.0,Reformado,2004-01-01,Ático,True,True,True,True,False,4.0,2025-02-12,40-80,5082.53
434,Madrid,Tetuán,Venta,Piso,590824.0,112.1,3.0,2.0,Buen estado,2007-01-01,Bajo,True,True,False,False,True,4.57,2025-01-18,80-120,5270.51
435,Madrid,Retiro,Alquiler,Piso,519506.0,111.4,3.0,2.0,Reformado,1976-01-01,7,True,False,True,False,False,4.07,2025-01-02,80-120,4663.43
436,Madrid,Madrid-Centro,Alquiler,Piso,457056.0,95.4,3.0,2.0,A reformar,1965-01-01,2,True,False,False,False,False,4.9,2024-12-24,80-120,4790.94
437,Madrid,Retiro,Venta,Piso,391296.0,80.9,3.0,2.0,Buen estado,1993-01-01,2,True,True,False,True,False,3.0,2025-01-18,80-120,4836.79
438,Madrid,Retiro,Venta,Piso,379832.0,85.4,3.0,2.0,Buen estado,2016-01-01,9,True,False,False,True,True,6.07,2024-12-10,80-120,4447.68
439,Madrid,Retiro,Venta,Piso,400496.0,86.2,3.0,2.0,Buen estado,1996-01-01,1,False,False,False,False,False,4.14,2025-03-02,80-120,4646.13
440,Madrid,Chamberí,Venta,Piso,600518.0,120.4,4.0,2.0,Buen estado,1966-01-01,8,True,True,False,True,True,5.78,,120-160,4987.69
441,Madrid,Arganzuela,Venta,Piso,351615.0,67.7,2.0,1.0,Buen estado,1984-01-01,4,True,False,True,False,True,2.92,2025-04-04,40-80,5193.72
442,Madrid,Salamanca,Alquiler,Piso,494465.0,100.5,3.0,2.0,Buen estado,1977-01-01,7,True,True,False,False,True,5.93,2024-11-13,80-120,4920.05
443,Madrid,Arganzuela,Venta,Piso,361598.0,65.5,2.0,1.0,Buen estado,1974-01-01,6,True,False,False,False,False,7.04,2025-01-13,40-80,5520.58
444,Madrid,Salamanca,Venta,Piso,491805.0,90.3,3.0,2.0,Buen estado,1987-01-01,8,False,True,True,True,False,6.06,2025-02-15,80-120,5446.35
445,Madrid,Arganzuela,Venta,Piso,482673.0,96.2,3.0,2.0,A reformar,1996-01-01,8,True,True,True,False,False,5.78,2025-03-10,80-120,5017.39
446,Madrid,Arganzuela,Alquiler,Ático,,146.43,4.0,2.0,Buen estado,2000-01-01,Ático,True,False,True,True,False,6.76,2025-01-07,120-160,
447,Madrid,Chamberí,Venta,Ático,346382.0,69.5,2.0,1.0,A reformar,1951-01-01,Ático,True,True,False,False,False,4.61,2025-03-23,40-80,4983.91
448,Madrid,Madrid-Centro,Alquiler,Sin_clasificar,,,1.0,1.0,Obra nueva,2018-01-01,Bajo,True,True,False,False,True,4.87,,,
449,Madrid,Retiro,Venta,Piso,424482.0,88.2,3.0,2.0,Buen estado,2001-01-01,9,False,False,False,False,False,6.95,2024-12-04,80-120,4812.72
450,Madrid,Madrid-Centro,Venta,Piso,280330.0,58.3,2.0,1.0,Buen estado,1972-01-01,8,True,False,True,True,False,4.89,2024-11-16,40-80,4808.4
451,Madrid,Retiro,Alquiler,Piso,399083.0,85.0,3.0,2.0,Buen estado,1981-01-01,1,True,True,False,False,False,5.98,2024-11-07,80-120,4695.09
452,Madrid,Arganzuela,Venta,Piso,373563.0,67.7,2.0,1.0,Buen estado,1988-01-01,3,True,True,True,False,False,2.87,2025-02-19,40-80,5517.92
453,Madrid,Madrid-Centro,Venta,Piso,349215.0,64.4,2.0,1.0,Obra nueva,2021-01-01,5,True,False,False,False,False,5.61,2024-10-26,40-80,5422.59
454,Madrid,Retiro,Venta,Piso,363430.0,72.7,2.0,1.0,Buen estado,1995-01-01,5,True,True,False,True,True,7.25,2025-03-23,40-80,4999.04
455,Madrid,Salamanca,Venta,Piso,279339.0,61.4,2.0,1.0,A reformar,1989-01-01,3,True,False,False,False,False,4.71,2025-02-18,40-80,4549.5
456,Madrid,Chamberí,Venta,Sin_clasificar,,,2.0,1.0,Buen estado,1963-01-01,7,False,False,True,True,True,3.91,2024-12-07,,
457,Madrid,Madrid-Centro,Venta,Piso,474311.0,110.3,3.0,2.0,Buen estado,1970-01-01,6,False,False,True,True,False,2.69,2024-10-16,80-120,4300.19
458,Madrid,Arganzuela,Venta,Piso,248376.0,47.8,2.0,1.0,Buen estado,1981-01-01,6,True,True,False,False,False,4.16,2024-10-10,40-80,5196.15
459,Madrid,Arganzuela,Venta,Piso,210159.0,55.7,2.0,1.0,Obra nueva,2018-01-01,9,True,False,False,True,False,5.25,2024-11-04,40-80,3773.05
460,Madrid,Tetuán,Venta,Piso,395543.0,73.9,2.0,1.0,Buen estado,1982-01-01,4,True,True,False,False,True,5.43,2025-03-29,40-80,5352.41
461,Madrid,Madrid-Centro,Venta,Piso,228472.0,54.3,2.0,1.0,Buen estado,2014-01-01,9,False,False,False,True,False,3.95,2025-01-17,40-80,4207.59
462,Madrid,Tetuán,Venta,Piso,221700.0,49.3,2.0,1.0,Buen estado,1992-01-01,2,False,True,True,True,False,,2025-03-30,40-80,4496.96
463,Madrid,Arganzuela,Alquiler,Ático,358176.0,71.7,2.0,1.0,Buen estado,1979-01-01,Ático,True,True,False,False,True,5.53,2024-11-12,40-80,4995.48
464,Madrid,Retiro,Venta,Piso,447087.0,107.7,3.0,2.0,Buen estado,1969-01-01,2,False,False,False,False,False,3.94,2025-02-16,80-120,4151.23
465,Madrid,Madrid-Centro,Venta,Piso,428462.0,94.9,3.0,2.0,Buen estado,2000-01-01,2,True,False,True,True,True,5.52,2025-02-10,80-120,4514.88
466,Madrid,Arganzuela,Venta,Piso,,89.5,3.0,2.0,Reformado,2001-01-01,2,True,False,False,False,False,4.28,2025-02-28,80-120,
467,Madrid,Chamberí,Venta,Piso,375123.0,94.4,3.0,2.0,Buen estado,1996-01-01,7,True,True,False,True,True,6.71,2025-03-16,80-120,3973.76
468,Madrid,Salamanca,Alquiler,Piso,286328.0,75.4,2.0,1.0,Buen estado,2011-01-01,3,True,False,False,True,False,5.45,2025-01-15,40-80,3797.45
469,Madrid,Tetuán,Venta,Piso,374942.0,74.7,2.0,1.0,Buen estado,1985-01-01,6,True,False,False,False,True,5.47,2025-01-30,40-80,5019.3
470,Madrid,Madrid-Centro,Venta,Piso,544786.0,104.6,3.0,2.0,Obra nueva,2019-01-01,4,True,True,False,True,False,5.66,,80-120,5208.28
471,Madrid,Retiro,Venta,Piso,412335.0,74.3,2.0,1.0,Obra nueva,2022-01-01,7,True,False,True,False,True,4.34,2025-02-26,40-80,5549.6
472,Madrid,Tetuán,Venta,Piso,535567.0,97.0,3.0,2.0,Obra nueva,2020-01-01,8,False,False,False,True,False,6.11,2024-10-19,80-120,5521.31
473,Madrid,Arganzuela,Venta,Ático,605302.0,113.7,3.0,2.0,Buen estado,1980-01-01,Ático,True,False,False,True,False,,2024-12-11,80-120,5323.68
474,Madrid,Retiro,Alquiler,Piso,368118.0,68.6,2.0,1.0,Buen estado,1976-01-01,1,True,True,False,False,False,4.94,2025-01-29,40-80,5366.15
475,Madrid,Salamanca,Alquiler,Piso,315841.0,75.5,2.0,1.0,Obra nueva,2022-01-01,5,True,False,True,False,True,4.82,2025-03-14,40-80,4183.32
476,Madrid,Arganzuela,Venta,Piso,338713.0,59.2,2.0,1.0,Obra nueva,2019-01-01,Bajo,True,True,False,True,True,6.21,2025-03-03,40-80,5721.5
477,Madrid,Retiro,Venta,Piso,180642.0,49.0,2.0,1.0,Buen estado,1995-01-01,4,False,True,True,False,True,5.08,2024-12-22,40-80,3686.57
478,Madrid,Tetuán,Venta,Ático,455528.0,109.4,3.0,2.0,A reformar,1997-01-01,Ático,False,True,False,False,False,7.12,2024-11-02,80-120,4163.88
479,Madrid,Chamberí,Alquiler,Piso,344096.0,65.7,2.0,1.0,Reformado,1974-01-01,4,True,True,False,True,True,5.18,,40-80,5237.38
480,Madrid,Chamberí,Alquiler,Piso,448977.0,89.5,3.0,2.0,Buen estado,1992-01-01,5,False,False,False,False,True,5.33,2024-12-11,80-120,5016.5
481,Madrid,Arganzuela,Venta,Ático,386706.0,88.0,3.0,2.0,Buen estado,1986-01-01,Ático,True,True,False,False,False,3.11,2025-01-23,80-120,4394.39
482,Madrid,Madrid-Centro,Venta,Piso,,128.2,4.0,2.0,Reformado,2000-01-01,1,False,False,False,True,False,6.23,2025-01-20,120-160,
483,Madrid,Tetuán,Alquiler,Piso,318403.0,65.7,2.0,1.0,Reformado,2019-01-01,7,True,True,False,False,False,4.32,2025-02-10,40-80,4846.32
484,Madrid,Retiro,Venta,Piso,358096.0,70.1,2.0,1.0,Obra nueva,2018-01-01,7,False,False,True,True,False,6.0,2025-03-20,40-80,5108.36
485,Madrid,Arganzuela,Venta,Piso,273043.0,58.3,2.0,1.0,Obra nueva,2021-01-01,3,False,True,False,True,False,6.02,2025-01-26,40-80,4683.41
486,Madrid,Chamberí,Venta,Piso,451170.0,77.8,2.0,1.0,Buen estado,1971-01-01,8,True,False,True,False,True,4.89,2025-03-05,40-80,5799.1
487,Madrid,Chamberí,Venta,Ático,619309.0,113.7,3.0,2.0,Buen estado,1992-01-01,Ático,True,False,False,False,False,4.87,2024-10-21,80-120,5446.87
488,Madrid,Salamanca,Venta,Piso,384613.0,84.1,3.0,2.0,Buen estado,1977-01-01,1,False,False,False,False,False,3.7,2024-11-18,80-120,4573.28
489,Madrid,Madrid-Centro,Venta,Piso,372943.0,76.1,2.0,1.0,Buen estado,1974-01-01,2,False,False,False,False,False,4.69,2025-03-24,40-80,4900.7
490,Madrid,Retiro,Venta,Ático,349652.0,75.3,2.0,1.0,Buen estado,1981-01-01,Ático,False,True,False,False,False,3.58,2025-01-09,40-80,4643.45
491,Madrid,Retiro,Venta,Piso,261769.0,60.2,2.0,1.0,Buen estado,1978-01-01,Bajo,True,True,True,False,False,5.1,2025-01-18,40-80,4348.32
492,Madrid,Arganzuela,Venta,Ático,324355.0,67.3,2.0,1.0,Buen estado,1971-01-01,Ático,False,False,False,False,False,6.05,2024-11-01,40-80,4819.54
493,Madrid,Arganzuela,Venta,Piso,301102.0,71.1,2.0,1.0,Buen estado,1952-01-01,9,True,True,False,False,True,4.89,2024-12-05,40-80,4234.91
494,Madrid,Tetuán,Venta,Piso,487064.0,88.5,3.0,2.0,Buen estado,1963-01-01,1,True,False,False,False,False,3.93,2025-01-25,80-120,5503.55
495,Madrid,Arganzuela,Venta,Piso,517293.0,91.9,3.0,2.0,Buen estado,1994-01-01,1,True,True,False,False,False,3.52,,80-120,5628.87
496,Madrid,Retiro,Venta,Sin_clasificar,,,1.0,1.0,Buen estado,1978-01-01,2,False,False,False,True,True,7.16,2025-03-22,,
497,Madrid,Arganzuela,Venta,Ático,,,3.0,1.0,Buen estado,1978-01-01,Ático,True,True,True,True,False,3.93,2024-11-20,,
498,Madrid,Madrid-Centro,Venta,Piso,413702.0,86.7,3.0,2.0,Obra nueva,2021-01-01,9,True,False,False,True,True,,2025-04-02,80-120,4771.65
499,Madrid,Madrid-Centro,Alquiler,Piso,502784.0,109.3,3.0,2.0,Buen estado,1977-01-01,1,True,False,False,False,False,2.89,2025-03-08,80-120,4600.04
500,Madrid,Arganzuela,Venta,Piso,350167.0,78.1,2.0,1.0,Buen estado,1977-01-01,2,True,False,False,False,False,,2024-12-11,40-80,4483.57
501,Madrid,Retiro,Venta,Piso,420834.0,76.8,2.0,1.0,Buen estado,1975-01-01,9,True,True,False,True,True,3.69,2024-12-20,40-80,5479.61
502,Madrid,Arganzuela,Venta,Piso,479243.0,97.1,3.0,2.0,Reformado,1990-01-01,3,False,True,False,False,False,3.04,2025-02-18,80-120,4935.56
503,Madrid,Tetuán,Venta,Estudio,145679.0,32.8,0.0,1.0,Buen estado,1962-01-01,Bajo,True,True,False,True,False,7.27,2024-12-09,0-40,4441.43
504,Madrid,Madrid-Centro,Venta,Sin_clasificar,,,1.0,3.0,Buen estado,1971-01-01,1,True,True,True,False,True,6.06,2025-02-21,,
505,Madrid,Salamanca,Alquiler,Piso,608511.0,124.8,4.0,2.0,Buen estado,1951-01-01,9,True,True,False,False,False,4.6,2025-01-24,120-160,4875.89
506,Madrid,Retiro,Venta,Piso,352543.0,66.8,2.0,1.0,Buen estado,1991-01-01,1,False,False,False,True,False,2.94,2024-10-13,40-80,5277.59
507,Madrid,Tetuán,Venta,Piso,337085.0,73.6,2.0,1.0,Buen estado,1964-01-01,Bajo,False,False,False,False,False,2.0,2025-01-18,40-80,4579.96
508,Madrid,Tetuán,Venta,Sin_clasificar,,,5.0,1.0,Obra nueva,2021-01-01,6,True,True,True,True,True,3.32,2024-10-30,,
509,Madrid,Arganzuela,Venta,Piso,412006.0,81.3,3.0,2.0,Buen estado,1990-01-01,4,False,False,False,True,False,6.92,2024-10-29,80-120,5067.72
510,Madrid,Tetuán,Alquiler,Piso,275676.0,52.5,2.0,1.0,Buen estado,1953-01-01,5,False,False,False,False,True,3.51,2025-01-17,40-80,5250.97
511,Madrid,Tetuán,Venta,Piso,370642.0,85.5,3.0,2.0,Buen estado,1967-01-01,1,True,False,False,True,True,5.22,2024-12-27,80-120,4334.99
512,Madrid,Arganzuela,Venta,Piso,263448.0,50.0,2.0,1.0,Buen estado,2006-01-01,3,True,True,False,False,False,7.06,,40-80,5268.96
513,Madrid,Madrid-Centro,Venta,Ático,363559.0,64.6,2.0,1.0,Buen estado,1968-01-01,Ático,True,True,False,True,False,,2025-03-26,40-80,5627.85
514,Madrid,Arganzuela,Venta,Piso,369042.0,67.5,2.0,1.0,Buen estado,1962-01-01,Bajo,False,False,False,False,False,4.53,2024-11-19,40-80,5467.29
515,Madrid,Madrid-Centro,Alquiler,Piso,454662.0,88.2,3.0,2.0,Obra nueva,2023-01-01,4,True,True,False,True,False,4.84,2024-11-20,80-120,5154.9
516,Madrid,Retiro,Venta,Piso,539290.0,104.8,3.0,2.0,Buen estado,1993-01-01,1,False,False,True,False,False,7.58,2024-10-16,80-120,5145.9
517,Madrid,Retiro,Alquiler,Piso,266913.0,58.2,2.0,1.0,Buen estado,1963-01-01,9,True,True,False,False,False,5.83,2025-03-18,40-80,4586.13
518,Madrid,Salamanca,Venta,Piso,459641.0,96.0,3.0,2.0,Buen estado,1992-01-01,9,False,False,False,True,False,3.59,2024-11-20,80-120,4787.93
519,Madrid,Retiro,Venta,Ático,453354.0,97.2,3.0,2.0,Reformado,1991-01-01,Ático,True,False,True,False,False,4.73,2024-11-07,80-120,4664.14
520,Madrid,Chamberí,Alquiler,Piso,271896.0,49.2,2.0,1.0,Reformado,1995-01-01,Bajo,False,True,False,False,True,6.12,2024-12-10,40-80,5526.34
521,Madrid,Salamanca,Venta,Piso,417997.0,76.4,2.0,1.0,Buen estado,2005-01-01,Bajo,True,False,False,True,False,3.7,2025-02-27,40-80,5471.16
522,Madrid,Arganzuela,Alquiler,Piso,286556.0,56.6,2.0,1.0,Buen estado,2003-01-01,6,False,False,False,True,True,,2024-12-29,40-80,5062.83
523,Madrid,Retiro,Alquiler,Ático,337354.0,73.3,2.0,1.0,Buen estado,2006-01-01,Ático,True,True,False,False,False,5.65,2024-10-22,40-80,4602.37
524,Madrid,Chamberí,Venta,Piso,276999.0,55.6,2.0,1.0,Buen estado,1981-01-01,6,True,False,False,False,False,4.44,2024-10-26,40-80,4982.0
525,Madrid,Madrid-Centro,Alquiler,Piso,440269.0,79.5,2.0,1.0,Buen estado,2002-01-01,1,True,False,False,True,False,4.14,2025-02-27,40-80,5537.97
526,Madrid,Madrid-Centro,Venta,Piso,494062.0,103.4,3.0,2.0,Buen estado,2003-01-01,4,False,False,False,False,False,4.33,2025-03-17,80-120,4778.16
527,Madrid,Chamberí,Venta,Piso,383785.0,68.5,2.0,1.0,Buen estado,1982-01-01,3,False,False,False,False,True,4.59,2025-02-25,40-80,5602.7
528,Madrid,Chamberí,Venta,Piso,302697.0,66.4,2.0,1.0,Buen estado,1997-01-01,8,True,False,False,False,True,6.3,2025-01-05,40-80,4558.69
529,Madrid,Arganzuela,Alquiler,Piso,506440.0,93.3,3.0,2.0,A reformar,1984-01-01,Bajo,True,False,True,False,True,3.27,2025-03-26,80-120,5428.08
530,Madrid,Madrid-Centro,Alquiler,Piso,314060.0,69.7,2.0,1.0,Buen estado,1968-01-01,8,True,False,False,True,False,6.33,2024-12-08,40-80,4505.88
531,Madrid,Madrid-Centro,Venta,Piso,459625.0,91.6,3.0,2.0,A reformar,1967-01-01,4,True,False,False,False,True,3.96,2024-11-01,80-120,5017.74
532,Madrid,Salamanca,Alquiler,Piso,401314.0,80.3,3.0,2.0,Buen estado,1966-01-01,5,True,False,False,False,True,3.92,2025-02-03,80-120,4997.68
533,Madrid,Arganzuela,Venta,Piso,469438.0,100.8,3.0,2.0,Buen estado,1975-01-01,6,True,True,False,False,False,5.92,2024-10-28,80-120,4657.12
534,Madrid,Tetuán,Venta,Piso,529941.0,101.1,3.0,2.0,A reformar,1956-01-01,3,False,False,True,True,True,4.61,2024-12-22,80-120,5241.75
535,Madrid,Retiro,Alquiler,Piso,436761.0,90.3,3.0,2.0,Buen estado,1968-01-01,5,True,False,True,True,True,6.27,2024-12-29,80-120,4836.78
536,Madrid,Madrid-Centro,Venta,Piso,507592.0,110.1,3.0,2.0,Buen estado,1993-01-01,9,False,False,False,True,False,3.5,2024-11-05,80-120,4610.28
537,Madrid,Chamberí,Venta,Piso,402337.0,77.2,2.0,1.0,Buen estado,1983-01-01,1,False,False,False,True,False,3.19,2025-02-23,40-80,5211.62
538,Madrid,Retiro,Alquiler,Piso,417552.0,96.9,3.0,2.0,Buen estado,2006-01-01,4,True,False,False,False,False,4.92,2024-11-08,80-120,4309.1
539,Madrid,Salamanca,Venta,Piso,455266.0,93.4,3.0,2.0,Obra nueva,2023-01-01,9,True,True,False,False,False,3.29,2024-10-19,80-120,4874.37
540,Madrid,Chamberí,Alquiler,Piso,485949.0,98.2,3.0,2.0,Buen estado,2010-01-01,3,True,False,False,True,True,3.93,2025-01-08,80-120,4948.56
541,Madrid,Madrid-Centro,Venta,Piso,419439.0,71.1,2.0,1.0,Buen estado,1984-01-01,2,True,False,True,True,False,4.09,2024-10-16,40-80,5899.28
542,Madrid,Madrid-Centro,Alquiler,Sin_clasificar,,,1.0,2.0,Buen estado,1988-01-01,1,True,False,False,True,True,,,,
543,Madrid,Salamanca,Alquiler,Piso,549392.0,104.4,3.0,2.0,Buen estado,1989-01-01,3,True,True,False,True,True,5.25,2024-11-11,80-120,5262.38
544,Madrid,Chamberí,Alquiler,Ático,481696.0,103.2,3.0,2.0,Buen estado,1983-01-01,Ático,True,False,True,False,False,6.84,2024-10-30,80-120,4667.6
545,Madrid,Tetuán,Venta,Piso,461882.0,92.5,3.0,2.0,Buen estado,1987-01-01,1,True,True,False,True,True,6.25,2024-11-28,80-120,4993.32
546,Madrid,Arganzuela,Venta,Piso,499270.0,101.8,3.0,2.0,Reformado,1970-01-01,5,True,True,False,True,True,7.09,2024-11-09,80-120,4904.42
547,Madrid,Salamanca,Alquiler,Piso,473663.0,95.6,3.0,2.0,Reformado,1981-01-01,6,True,False,False,True,True,4.83,2025-01-18,80-120,4954.63
548,Madrid,Madrid-Centro,Venta,Sin_clasificar,,,3.0,1.0,Buen estado,2008-01-01,3,True,False,False,True,True,3.12,2024-11-25,,
549,Madrid,Retiro,Venta,Piso,323718.0,72.1,2.0,1.0,Buen estado,2020-01-01,9,True,False,False,False,False,5.6,2025-03-15,40-80,4489.85
550,Madrid,Chamberí,Venta,Piso,306559.0,71.5,2.0,1.0,Reformado,2001-01-01,7,True,False,False,True,False,5.46,2024-10-24,40-80,4287.54
551,Madrid,Salamanca,Venta,Piso,420803.0,84.2,3.0,2.0,Buen estado,1975-01-01,8,False,False,False,True,True,5.04,2024-12-11,80-120,4997.66
552,Madrid,Arganzuela,Alquiler,Piso,299024.0,55.0,2.0,1.0,Buen estado,1997-01-01,6,True,False,False,False,False,7.23,2025-01-08,40-80,5436.8
553,Madrid,Madrid-Centro,Venta,Piso,441917.0,85.7,3.0,2.0,Reformado,1985-01-01,8,True,False,False,False,True,4.48,2024-12-30,80-120,5156.56
554,Madrid,Madrid-Centro,Venta,Piso,,87.2,3.0,2.0,Buen estado,1969-01-01,Bajo,False,True,False,False,False,5.75,2024-12-19,80-120,
555,Madrid,Salamanca,Alquiler,Piso,415715.0,77.6,2.0,1.0,Buen estado,1983-01-01,9,True,False,False,False,True,5.49,2024-12-07,40-80,5357.15
556,Madrid,Chamberí,Venta,Piso,215649.0,41.7,2.0,1.0,Buen estado,1985-01-01,Bajo,True,False,False,False,True,4.99,2024-12-04,40-80,5171.44
557,Madrid,Tetuán,Alquiler,Piso,528977.0,87.7,3.0,2.0,Buen estado,1995-01-01,2,False,True,False,False,False,4.17,2024-11-23,80-120,6031.66
558,Madrid,Chamberí,Venta,Piso,213332.0,51.9,2.0,1.0,Buen estado,2013-01-01,9,True,False,False,True,False,1.92,2024-10-16,40-80,4110.44
559,Madrid,Arganzuela,Alquiler,Piso,464480.0,88.4,3.0,2.0,Buen estado,1997-01-01,9,True,True,False,False,False,6.0,2024-11-26,80-120,5254.3
560,Madrid,Madrid-Centro,Venta,Sin_clasificar,,,,1.0,Buen estado,1982-01-01,Bajo,True,False,False,False,True,4.45,2024-12-07,,
561,Madrid,Tetuán,Venta,Piso,320244.0,72.2,2.0,1.0,Buen estado,1962-01-01,9,False,False,True,False,False,,2024-11-29,40-80,4435.51
562,Madrid,Chamberí,Venta,Piso,470824.0,84.3,3.0,2.0,Obra nueva,2020-01-01,Bajo,True,True,False,True,False,3.95,2024-10-14,80-120,5585.1
563,Madrid,Chamberí,Venta,Piso,428511.0,91.1,3.0,2.0,Obra nueva,2022-01-01,5,True,True,True,True,True,2.49,2024-10-27,80-120,4703.74
564,Madrid,Retiro,Alquiler,Piso,,96.5,3.0,2.0,Buen estado,1992-01-01,5,True,False,False,True,True,9.82,2024-12-25,80-120,
565,Madrid,Retiro,Venta,Ático,295327.0,62.5,2.0,1.0,Reformado,1985-01-01,Ático,False,True,False,False,False,,2025-02-10,40-80,4725.23
566,Madrid,Arganzuela,Venta,Piso,402344.0,81.9,3.0,2.0,Buen estado,2020-01-01,9,False,True,False,True,True,5.57,2025-01-08,80-120,4912.63
567,Madrid,Chamberí,Venta,Piso,313450.0,62.3,2.0,1.0,Buen estado,1961-01-01,4,True,False,True,True,True,4.36,2024-11-10,40-80,5031.3
568,Madrid,Chamberí,Alquiler,Piso,518157.0,95.3,3.0,2.0,Reformado,1998-01-01,6,True,False,True,False,True,4.81,2025-03-03,80-120,5437.11
569,Madrid,Salamanca,Venta,Piso,534360.0,90.7,3.0,2.0,Obra nueva,2022-01-01,3,True,True,True,False,True,5.65,2025-03-21,80-120,5891.51
570,Madrid,Tetuán,Venta,Piso,359480.0,74.5,2.0,1.0,Buen estado,1969-01-01,1,True,False,True,False,False,3.36,2024-12-08,40-80,4825.23
571,Madrid,Retiro,Alquiler,Piso,537181.0,96.2,3.0,2.0,Reformado,1969-01-01,1,False,True,False,True,False,4.3,2025-03-29,80-120,5584.0
572,Madrid,Arganzuela,Alquiler,Piso,455339.0,102.1,3.0,2.0,Buen estado,1982-01-01,3,True,True,False,False,False,7.99,2024-12-11,80-120,4459.74
573,Madrid,Arganzuela,Venta,Piso,327782.0,67.7,2.0,1.0,Buen estado,2015-01-01,Bajo,False,False,False,True,False,3.84,2024-10-21,40-80,4841.68
574,Madrid,Madrid-Centro,Venta,Piso,421705.0,91.0,3.0,2.0,Buen estado,1975-01-01,6,True,False,False,False,False,4.6,2025-02-12,80-120,4634.12
575,Madrid,Madrid-Centro,Venta,Ático,397612.0,74.7,2.0,1.0,Obra nueva,2022-01-01,Ático,True,True,False,False,False,4.62,2025-04-02,40-80,5322.78
576,Madrid,Chamberí,Venta,Piso,363656.0,86.6,3.0,2.0,Obra nueva,2020-01-01,Bajo,True,False,True,False,False,5.04,2024-12-29,80-120,4199.26
577,Madrid,Retiro,Alquiler,Piso,270984.0,64.8,2.0,1.0,Buen estado,1952-01-01,6,True,True,False,True,False,5.21,2024-11-19,40-80,4181.85
578,Madrid,Arganzuela,Venta,Piso,442595.0,84.4,3.0,2.0,A reformar,1995-01-01,5,True,True,True,False,False,4.19,2025-03-10,80-120,5244.02
579,Madrid,Tetuán,Alquiler,Ático,283777.0,56.6,2.0,1.0,Buen estado,1991-01-01,Ático,True,True,False,True,False,4.65,2024-11-20,40-80,5013.73
580,Madrid,Tetuán,Alquiler,Piso,461479.0,98.6,3.0,2.0,Buen estado,1973-01-01,3,True,False,False,True,True,5.62,2024-11-26,80-120,4680.31
581,Madrid,Madrid-Centro,Venta,Ático,232084.0,51.9,2.0,1.0,Obra nueva,2020-01-01,Ático,True,False,True,False,False,,2024-12-20,40-80,4471.75
582,Madrid,Retiro,Venta,Piso,500162.0,93.8,3.0,2.0,Buen estado,1986-01-01,7,True,False,False,True,True,6.08,2024-11-17,80-120,5332.22
583,Madrid,Salamanca,Venta,Ático,291503.0,56.8,2.0,1.0,Buen estado,1997-01-01,Ático,False,False,False,False,False,6.03,2025-03-18,40-80,5132.1
584,Madrid,Tetuán,Venta,Ático,537909.0,91.3,3.0,2.0,Buen estado,1990-01-01,Ático,False,False,True,True,False,,2024-12-22,80-120,5891.66
585,Madrid,Salamanca,Venta,Sin_clasificar,,,6.0,2.0,Obra nueva,2021-01-01,7,True,False,False,False,False,6.84,2025-03-27,,
586,Madrid,Retiro,Venta,Piso,716926.0,131.4,4.0,2.0,Buen estado,1989-01-01,6,True,False,False,False,True,4.89,2025-01-11,120-160,5456.06
587,Madrid,Chamberí,Venta,Piso,252773.0,51.1,2.0,1.0,Buen estado,1984-01-01,3,True,True,False,True,True,5.61,2024-12-16,40-80,4946.63
588,Madrid,Tetuán,Venta,Piso,490916.0,90.7,3.0,2.0,Buen estado,1971-01-01,1,True,True,False,True,True,5.42,2025-03-29,80-120,5412.52
589,Madrid,Retiro,Alquiler,Piso,465836.0,100.7,3.0,2.0,Obra nueva,2019-01-01,8,True,True,False,True,False,6.01,2024-10-24,80-120,4625.98
590,Madrid,Madrid-Centro,Alquiler,Piso,353388.0,87.7,3.0,2.0,Buen estado,2002-01-01,7,False,True,False,False,False,5.94,2025-03-04,80-120,4029.51
591,Madrid,Chamberí,Venta,Piso,421947.0,85.1,3.0,2.0,Reformado,1965-01-01,Bajo,True,False,False,True,False,7.72,2025-02-14,80-120,4958.25
592,Madrid,Tetuán,Alquiler,Piso,476964.0,101.2,3.0,2.0,Buen estado,1987-01-01,9,True,False,False,False,False,3.63,2024-11-15,80-120,4713.08
593,Madrid,Salamanca,Alquiler,Piso,606510.0,102.04,3.0,2.0,Reformado,2009-01-01,2,True,True,False,True,False,5.82,2024-12-02,80-120,5943.85
594,Madrid,Chamberí,Venta,Piso,312424.0,60.4,2.0,1.0,A reformar,1965-01-01,6,False,False,False,False,False,6.83,2024-11-29,40-80,5172.58
595,Madrid,Arganzuela,Venta,Piso,215102.0,41.1,2.0,1.0,Buen estado,1990-01-01,1,True,False,False,False,False,,2024-10-31,40-80,5233.63
596,Madrid,Madrid-Centro,Venta,Piso,436634.0,92.0,3.0,2.0,Reformado,1996-01-01,8,False,False,False,True,False,5.36,,80-120,4746.02
597,Madrid,Salamanca,Alquiler,Piso,399072.0,82.1,3.0,2.0,Buen estado,1994-01-01,6,True,True,False,True,False,5.38,2024-11-06,80-120,4860.8
598,Madrid,Madrid-Centro,Venta,Piso,391237.0,73.82,2.0,1.0,Buen estado,2002-01-01,1,True,False,False,True,True,7.75,,40-80,5299.88
599,Madrid,Tetuán,Alquiler,Piso,690589.0,133.3,4.0,2.0,Reformado,1993-01-01,5,True,False,False,False,True,5.37,2025-01-22,120-160,5180.71
600,Madrid,Retiro,Venta,Piso,396057.0,74.6,2.0,1.0,Buen estado,1963-01-01,Bajo,True,False,False,True,False,4.73,2024-11-22,40-80,5309.08
601,Madrid,Retiro,Venta,Piso,353439.0,63.0,2.0,1.0,Buen estado,1986-01-01,6,True,True,False,False,True,5.54,2024-10-18,40-80,5610.14
602,Madrid,Madrid-Centro,Alquiler,Piso,589067.0,121.0,4.0,2.0,Buen estado,1989-01-01,7,False,False,True,False,True,4.84,2024-12-16,120-160,4868.32
603,Madrid,Retiro,Venta,Piso,785945.0,85.0,3.0,2.0,Buen estado,2006-01-01,4,False,False,True,False,False,5.8,2025-02-11,80-120,9246.41
604,Madrid,Arganzuela,Venta,Piso,245343.0,44.2,2.0,1.0,Buen estado,2004-01-01,4,True,False,False,True,False,7.28,2025-01-30,40-80,5550.75
605,Madrid,Retiro,Venta,Piso,440981.0,80.2,3.0,2.0,Buen estado,2016-01-01,3,True,True,False,False,False,2.36,2025-01-30,80-120,5498.52
606,Madrid,Chamberí,Alquiler,Piso,450024.0,82.0,3.0,2.0,Buen estado,1965-01-01,8,True,True,True,False,False,6.54,2025-01-12,80-120,5488.1
607,Madrid,Salamanca,Venta,Piso,474982.0,78.2,2.0,1.0,Buen estado,1985-01-01,8,True,False,False,False,True,7.41,2025-01-20,40-80,6073.94
608,Madrid,Chamberí,Alquiler,Piso,349328.0,80.4,3.0,2.0,Buen estado,1991-01-01,2,True,False,False,False,True,6.78,2024-11-27,80-120,4344.88
609,Madrid,Chamberí,Alquiler,Piso,590545.0,116.3,3.0,2.0,Buen estado,1992-01-01,5,False,True,False,False,False,5.03,2025-04-07,80-120,5077.77
610,Madrid,Chamberí,Venta,Ático,420748.0,87.0,3.0,2.0,Buen estado,1971-01-01,Ático,True,True,False,False,False,5.97,,80-120,4836.18
611,Madrid,Arganzuela,Venta,Piso,437918.0,81.5,3.0,2.0,Buen estado,1978-01-01,2,True,True,False,True,False,5.79,2025-02-07,80-120,5373.23
612,Madrid,Tetuán,Venta,Piso,398745.0,80.7,3.0,2.0,Obra nueva,2020-01-01,1,True,True,True,True,True,3.37,2024-12-20,80-120,4941.08
613,Madrid,Salamanca,Venta,Piso,366087.0,66.7,2.0,1.0,Buen estado,2001-01-01,3,False,False,True,False,True,,2024-12-04,40-80,5488.56
614,Madrid,Arganzuela,Venta,Piso,357378.0,84.1,3.0,2.0,Buen estado,1986-01-01,8,True,False,True,False,False,5.49,2024-10-14,80-120,4249.44
615,Madrid,Arganzuela,Venta,Piso,,102.6,3.0,2.0,Buen estado,1993-01-01,9,False,False,True,False,True,2.47,2024-10-11,80-120,
616,Madrid,Chamberí,Venta,Ático,313115.0,64.6,2.0,1.0,Buen estado,1985-01-01,Ático,False,True,False,True,False,4.53,2024-12-18,40-80,4846.98
617,Madrid,Madrid-Centro,Alquiler,Piso,457772.0,101.0,3.0,2.0,Buen estado,1982-01-01,3,False,True,False,False,True,5.16,2025-02-05,80-120,4532.4
618,Madrid,Retiro,Venta,Piso,279396.0,58.6,2.0,1.0,Buen estado,1985-01-01,1,True,True,False,False,False,4.34,2024-10-10,40-80,4767.85
619,Madrid,Tetuán,Alquiler,Ático,250408.0,58.1,2.0,1.0,Obra nueva,2022-01-01,Ático,False,True,False,True,True,3.19,2025-03-10,40-80,4309.95
620,Madrid,Tetuán,Venta,Piso,449992.0,89.9,3.0,2.0,Buen estado,1997-01-01,5,False,False,False,False,True,5.68,2024-12-18,80-120,5005.47
621,Madrid,Arganzuela,Venta,Ático,310794.0,66.5,2.0,1.0,Buen estado,1996-01-01,Ático,False,False,False,True,True,6.93,2024-12-24,40-80,4673.59
622,Madrid,Chamberí,Venta,Piso,447336.0,86.4,3.0,2.0,Reformado,2011-01-01,9,True,True,False,False,True,3.54,2025-01-20,80-120,5177.5
623,Madrid,Arganzuela,Venta,Piso,288905.0,66.5,2.0,1.0,Buen estado,1980-01-01,7,False,True,True,True,False,6.42,2024-12-23,40-80,4344.44
624,Madrid,Retiro,Alquiler,Piso,425808.0,87.6,3.0,2.0,Obra nueva,2022-01-01,9,True,False,True,True,False,7.45,2024-11-26,80-120,4860.82
625,Madrid,Retiro,Alquiler,Piso,396962.0,74.3,2.0,1.0,Buen estado,1980-01-01,7,True,True,False,True,True,4.33,2025-03-29,40-80,5342.69
626,Madrid,Retiro,Venta,Piso,521942.0,105.4,3.0,2.0,Obra nueva,2022-01-01,2,True,True,True,True,True,7.17,2024-12-23,80-120,4952.01
627,Madrid,Salamanca,Venta,Piso,534329.0,111.6,3.0,2.0,Obra nueva,2022-01-01,2,True,True,False,False,False,5.6,,80-120,4787.89
628,Madrid,Retiro,Venta,Piso,534958.0,93.0,3.0,2.0,Buen estado,2013-01-01,4,True,False,False,False,True,6.54,,80-120,5752.24
629,Madrid,Retiro,Venta,Piso,269009.0,51.5,2.0,1.0,Buen estado,1988-01-01,1,True,True,False,True,False,5.94,2025-02-06,40-80,5223.48
630,Madrid,Salamanca,Alquiler,Piso,,118.8,3.0,2.0,Reformado,1999-01-01,1,True,True,False,False,False,5.06,2025-02-06,80-120,
631,Madrid,Chamberí,Venta,Piso,361199.0,66.9,2.0,1.0,Buen estado,1943-01-01,4,True,True,False,True,False,4.25,2025-01-22,40-80,5399.09
632,Madrid,Salamanca,Alquiler,Piso,236942.0,44.8,2.0,1.0,A reformar,1980-01-01,5,True,False,True,False,False,4.96,2025-01-21,40-80,5288.88
633,Madrid,Tetuán,Alquiler,Piso,526501.0,115.7,3.0,2.0,Buen estado,1985-01-01,2,True,True,True,False,False,4.14,2024-10-29,80-120,4550.57
634,Madrid,Madrid-Centro,Venta,Piso,468964.0,103.1,3.0,2.0,Buen estado,1985-01-01,Bajo,True,False,False,True,False,3.95,2024-10-10,80-120,4548.63
635,Madrid,Madrid-Centro,Venta,Piso,420821.0,85.4,3.0,2.0,Buen estado,1983-01-01,2,True,False,True,False,False,6.86,,80-120,4927.65
636,Madrid,Salamanca,Venta,Piso,481943.0,96.9,3.0,2.0,Buen estado,1989-01-01,6,False,True,False,False,True,5.24,2025-02-08,80-120,4973.61
637,Madrid,Madrid-Centro,Venta,Piso,353449.0,65.7,2.0,1.0,Obra nueva,2018-01-01,5,False,True,False,False,True,5.69,2025-02-21,40-80,5379.74
638,Madrid,Chamberí,Venta,Piso,311374.0,57.9,2.0,1.0,Obra nueva,2019-01-01,5,True,True,False,True,False,5.35,2024-12-27,40-80,5377.79
639,Madrid,Chamberí,Venta,Piso,542438.0,109.0,3.0,2.0,Buen estado,1988-01-01,1,True,True,False,False,True,5.18,2024-10-20,80-120,4976.5
640,Madrid,Retiro,Alquiler,Piso,409175.0,84.9,3.0,2.0,Buen estado,1964-01-01,8,True,False,False,True,False,5.6,2025-01-03,80-120,4819.49
641,Madrid,Madrid-Centro,Alquiler,Sin_clasificar,,,3.0,1.0,Buen estado,1978-01-01,7,True,False,False,False,False,5.42,2025-01-08,,
642,Madrid,Chamberí,Venta,Piso,519928.0,100.7,3.0,2.0,Obra nueva,2018-01-01,3,False,False,False,True,False,4.8,2024-12-05,80-120,5163.14
643,Madrid,Arganzuela,Alquiler,Piso,327754.0,81.7,3.0,2.0,Buen estado,1996-01-01,8,False,False,False,False,False,2.64,2024-11-21,80-120,4011.68
644,Madrid,Salamanca,Venta,Ático,595801.0,141.9,4.0,2.0,Buen estado,1963-01-01,Ático,True,False,False,False,False,4.16,2024-12-13,120-160,4198.74
645,Madrid,Tetuán,Venta,Piso,322273.0,66.9,2.0,1.0,Buen estado,1991-01-01,1,False,True,False,True,True,4.08,2025-03-25,40-80,4817.23
646,Madrid,Salamanca,Venta,Piso,300953.0,59.4,2.0,1.0,Buen estado,1970-01-01,1,True,False,True,False,True,5.42,,40-80,5066.55
647,Madrid,Retiro,Venta,Ático,457669.0,102.2,3.0,2.0,Buen estado,1993-01-01,Ático,False,True,False,True,False,6.21,2024-10-11,80-120,4478.17
648,Madrid,Retiro,Venta,Piso,570350.0,115.0,3.0,2.0,Buen estado,1987-01-01,9,True,True,False,False,True,4.4,2025-03-13,80-120,4959.57
649,Madrid,Arganzuela,Venta,Piso,371153.0,88.0,3.0,2.0,Buen estado,1988-01-01,9,True,True,False,False,False,5.6,2024-11-08,80-120,4217.65
650,Madrid,Retiro,Venta,Piso,348447.0,68.8,2.0,1.0,Buen estado,1979-01-01,3,True,False,True,False,True,,2024-12-15,40-80,5064.64
651,Madrid,Tetuán,Alquiler,Piso,402655.0,87.4,3.0,2.0,Buen estado,1974-01-01,2,True,False,False,False,True,5.38,2024-10-19,80-120,4607.04
652,Madrid,Tetuán,Venta,Piso,456836.0,94.1,3.0,2.0,Reformado,1972-01-01,5,False,False,False,True,False,6.85,2024-12-08,80-120,4854.79
653,Madrid,Salamanca,Venta,Piso,248603.0,53.2,2.0,1.0,Buen estado,1977-01-01,9,False,False,False,True,False,7.33,2025-03-29,40-80,4672.99
654,Madrid,Madrid-Centro,Venta,Piso,286403.0,70.3,2.0,1.0,Buen estado,2003-01-01,1,False,False,False,False,False,,2024-12-13,40-80,4074.01
655,Madrid,Arganzuela,Venta,Piso,505806.0,84.9,3.0,2.0,Buen estado,2008-01-01,7,True,True,False,False,True,5.49,2024-10-21,80-120,5957.67
656,Madrid,Salamanca,Alquiler,Piso,578368.0,108.5,3.0,2.0,Reformado,1995-01-01,5,True,True,False,False,False,7.79,,80-120,5330.58
657,Madrid,Retiro,Venta,Piso,358405.0,80.6,3.0,2.0,Reformado,1982-01-01,Bajo,True,True,True,False,True,,2024-10-11,80-120,4446.71
658,Madrid,Chamberí,Venta,Piso,331402.0,66.5,2.0,1.0,Buen estado,1995-01-01,7,True,False,False,False,False,6.65,2025-03-17,40-80,4983.49
659,Madrid,Retiro,Alquiler,Piso,403033.0,93.8,3.0,2.0,Obra nueva,2019-01-01,1,True,True,True,True,False,3.78,2025-01-19,80-120,4296.73
660,Madrid,Madrid-Centro,Alquiler,Piso,344763.0,63.0,2.0,1.0,Buen estado,1966-01-01,7,True,False,False,False,False,5.31,2025-01-24,40-80,5472.43
661,Madrid,Arganzuela,Alquiler,Piso,459126.0,87.6,3.0,2.0,Buen estado,1987-01-01,Bajo,False,False,False,True,True,3.45,2024-11-18,80-120,5241.16
662,Madrid,Salamanca,Venta,Piso,252561.0,62.2,2.0,1.0,Obra nueva,2023-01-01,7,False,True,True,True,True,8.14,2024-11-24,40-80,4060.47
663,Madrid,Tetuán,Venta,Ático,407175.0,70.4,2.0,1.0,Buen estado,1974-01-01,Ático,False,False,False,False,False,5.43,,40-80,5783.74
664,Madrid,Madrid-Centro,Alquiler,Piso,491504.0,104.6,3.0,2.0,Buen estado,1970-01-01,Bajo,False,False,False,False,False,5.8,2024-10-25,80-120,4698.89
665,Madrid,Retiro,Venta,Piso,581816.0,106.4,3.0,2.0,Reformado,1977-01-01,8,False,True,False,False,False,6.67,2025-03-05,80-120,5468.2
666,Madrid,Arganzuela,Venta,Piso,269699.0,58.7,2.0,1.0,Buen estado,1984-01-01,5,True,False,False,True,False,8.17,2025-02-18,40-80,4594.53
667,Madrid,Tetuán,Venta,Piso,396721.0,90.2,3.0,2.0,Buen estado,2008-01-01,3,False,True,False,False,True,6.05,2025-02-09,80-120,4398.24
668,Madrid,Retiro,Venta,Sin_clasificar,,,1.0,3.0,Buen estado,1987-01-01,8,False,True,False,False,True,4.27,2025-03-14,,
669,Madrid,Salamanca,Venta,Piso,299187.0,66.6,2.0,1.0,Buen estado,1996-01-01,7,True,False,False,False,False,6.03,2025-02-12,40-80,4492.3
670,Madrid,Chamberí,Venta,Piso,386252.0,89.8,3.0,2.0,Buen estado,1981-01-01,4,True,True,False,False,False,7.17,2024-10-21,80-120,4301.25
671,Madrid,Tetuán,Venta,Piso,437343.0,90.3,3.0,2.0,Buen estado,2014-01-01,3,True,True,False,False,False,4.29,2024-10-29,80-120,4843.22
672,Madrid,Madrid-Centro,Venta,Piso,380637.0,81.4,3.0,2.0,Buen estado,1994-01-01,7,True,True,False,False,False,5.17,2025-01-31,80-120,4676.13
673,Madrid,Retiro,Venta,Estudio,174768.0,30.4,0.0,1.0,Buen estado,1997-01-01,1,True,False,False,False,False,5.38,2025-01-20,0-40,5748.95
674,Madrid,Madrid-Centro,Venta,Piso,349825.0,72.8,2.0,1.0,Obra nueva,2022-01-01,9,True,False,False,True,True,3.89,2025-03-21,40-80,4805.29
675,Madrid,Retiro,Alquiler,Estudio,155747.0,33.0,0.0,1.0,Buen estado,1971-01-01,7,False,False,False,False,False,6.03,2025-01-04,0-40,4719.61
676,Madrid,Retiro,Alquiler,Piso,426763.0,85.5,3.0,2.0,Obra nueva,2020-01-01,8,True,True,False,True,True,5.89,2025-03-16,80-120,4991.38
677,Madrid,Tetuán,Venta,Piso,335083.0,65.0,2.0,1.0,Obra nueva,2018-01-01,1,True,False,False,True,False,4.19,2025-03-26,40-80,5155.12
678,Madrid,Chamberí,Venta,Piso,458654.0,85.8,3.0,2.0,Buen estado,2003-01-01,4,True,True,False,False,False,4.49,2025-02-26,80-120,5345.62
679,Madrid,Tetuán,Venta,Piso,,45.4,2.0,1.0,Reformado,2004-01-01,7,True,False,True,False,False,4.99,2024-11-13,40-80,
680,Madrid,Arganzuela,Alquiler,Piso,394810.0,86.3,3.0,2.0,Buen estado,1970-01-01,3,True,False,False,False,False,5.59,2024-11-26,80-120,4574.86
681,Madrid,Salamanca,Alquiler,Piso,312663.0,60.5,2.0,1.0,Buen estado,1984-01-01,3,True,True,False,False,True,,2025-01-03,40-80,5167.98
682,Madrid,Salamanca,Alquiler,Ático,462139.0,95.0,3.0,2.0,Buen estado,1969-01-01,Ático,True,False,False,False,False,3.55,2025-03-08,80-120,4864.62
683,Madrid,Salamanca,Alquiler,Piso,513295.0,97.5,3.0,2.0,Buen estado,1998-01-01,8,False,True,False,True,True,5.23,2024-11-12,80-120,5264.56
684,Madrid,Madrid-Centro,Venta,Piso,747378.0,166.89,5.0,3.0,Buen estado,1959-01-01,6,False,True,False,False,False,3.05,2025-03-07,160-200,4478.27
685,Madrid,Madrid-Centro,Alquiler,Piso,288602.0,68.2,2.0,1.0,Reformado,2008-01-01,9,True,True,False,False,False,7.16,,40-80,4231.7
686,Madrid,Arganzuela,Alquiler,Piso,371023.0,96.6,3.0,2.0,Buen estado,1994-01-01,9,True,False,True,True,False,5.09,2024-12-30,80-120,3840.82
687,Madrid,Tetuán,Alquiler,Piso,445645.0,91.6,3.0,2.0,Buen estado,2020-01-01,3,False,False,False,False,True,3.31,2024-12-18,80-120,4865.12
688,Madrid,Madrid-Centro,Alquiler,Piso,331424.0,66.3,2.0,1.0,Buen estado,1987-01-01,2,True,False,False,True,False,4.97,2024-11-13,40-80,4998.85
689,Madrid,Madrid-Centro,Venta,Piso,322360.0,65.9,2.0,1.0,Buen estado,1995-01-01,8,False,False,True,False,True,4.88,2024-12-28,40-80,4891.65
690,Madrid,Arganzuela,Alquiler,Piso,414153.0,76.2,2.0,1.0,Buen estado,2018-01-01,3,False,False,False,False,True,2.47,2025-03-17,40-80,5435.08
691,Madrid,Arganzuela,Venta,Ático,430858.0,89.8,3.0,2.0,Buen estado,2004-01-01,Ático,True,True,False,False,False,,2024-11-23,80-120,4797.97
692,Madrid,Tetuán,Venta,Piso,,88.5,3.0,2.0,Obra nueva,2020-01-01,8,True,True,False,True,True,,2025-02-08,80-120,
693,Madrid,Tetuán,Venta,Piso,329028.0,68.4,2.0,1.0,Buen estado,1970-01-01,8,False,False,True,True,False,7.32,2024-12-21,40-80,4810.35
694,Madrid,Madrid-Centro,Alquiler,Piso,580714.0,98.3,3.0,2.0,Buen estado,1979-01-01,2,False,True,False,True,True,4.92,,80-120,5907.57
695,Madrid,Arganzuela,Venta,Ático,428568.0,79.5,2.0,1.0,Obra nueva,2020-01-01,Ático,True,True,False,False,False,2.89,2024-12-12,40-80,5390.79
696,Madrid,Chamberí,Alquiler,Piso,370055.0,73.6,2.0,1.0,Buen estado,1965-01-01,8,False,True,False,False,False,3.8,2024-10-17,40-80,5027.92
697,Madrid,Retiro,Alquiler,Piso,340198.0,66.4,2.0,1.0,Reformado,1967-01-01,8,False,True,False,False,False,4.68,2024-12-05,40-80,5123.46
698,Madrid,Arganzuela,Venta,Sin_clasificar,,,1.0,2.0,Buen estado,1966-01-01,4,True,True,False,True,False,4.31,2025-04-04,,
699,Madrid,Arganzuela,Venta,Ático,532401.0,95.2,3.0,2.0,Buen estado,1991-01-01,Ático,False,False,True,False,True,6.69,2024-12-28,80-120,5592.45
700,Madrid,Tetuán,Venta,Piso,326366.0,60.5,2.0,1.0,Buen estado,1972-01-01,7,True,True,False,False,False,6.24,2024-12-05,40-80,5394.48
701,Madrid,Arganzuela,Alquiler,Piso,366659.0,73.4,2.0,1.0,Obra nueva,2022-01-01,9,True,True,True,True,True,4.86,2024-11-28,40-80,4995.35
702,Madrid,Arganzuela,Alquiler,Ático,396012.0,76.2,2.0,1.0,Buen estado,1986-01-01,Ático,False,True,True,False,False,4.12,2024-10-28,40-80,5197.01
703,Madrid,Chamberí,Alquiler,Piso,569124.0,114.4,3.0,2.0,Buen estado,1988-01-01,Bajo,False,False,False,True,False,,2025-01-26,80-120,4974.86
704,Madrid,Retiro,Venta,Piso,313461.0,71.2,2.0,1.0,Buen estado,1983-01-01,4,False,False,False,True,True,3.85,2024-10-10,40-80,4402.54
705,Madrid,Retiro,Venta,Piso,223672.0,43.0,2.0,1.0,Buen estado,1975-01-01,5,True,True,False,False,False,5.23,2025-03-10,40-80,5201.67
706,Madrid,Salamanca,Alquiler,Piso,528941.0,101.3,3.0,2.0,Obra nueva,2020-01-01,7,True,True,False,False,False,5.24,2025-03-04,80-120,5221.53
707,Madrid,Tetuán,Venta,Piso,624492.0,111.7,3.0,2.0,Buen estado,2005-01-01,3,False,True,False,False,True,6.75,,80-120,5590.8
708,Madrid,Tetuán,Venta,Piso,386935.0,85.5,3.0,2.0,Buen estado,1983-01-01,8,False,False,False,True,True,4.78,2025-01-20,80-120,4525.56
709,Madrid,Salamanca,Venta,Piso,473556.0,93.2,3.0,2.0,Buen estado,1997-01-01,5,True,False,True,True,True,5.75,2025-01-09,80-120,5081.07
710,Madrid,Retiro,Venta,Piso,,69.6,2.0,1.0,Buen estado,1988-01-01,8,False,False,True,False,False,4.0,2025-03-24,40-80,
711,Madrid,Salamanca,Venta,Ático,475282.0,99.1,3.0,2.0,Buen estado,1994-01-01,Ático,False,True,False,False,True,5.36,2025-03-15,80-120,4795.98
712,Madrid,Tetuán,Venta,Piso,534669.0,100.9,3.0,2.0,Reformado,1978-01-01,6,False,False,False,False,False,2.64,2024-11-07,80-120,5299.0
713,Madrid,Madrid-Centro,Venta,Piso,529724.0,93.3,3.0,2.0,Buen estado,1980-01-01,8,False,True,True,False,False,6.2,,80-120,5677.64
714,Madrid,Tetuán,Alquiler,Ático,304288.0,59.9,2.0,1.0,Buen estado,2020-01-01,Ático,False,True,False,False,True,8.19,2024-11-27,40-80,5079.93
715,Madrid,Retiro,Venta,Piso,369380.0,79.4,2.0,1.0,Buen estado,1982-01-01,8,True,False,False,True,True,4.37,2025-02-22,40-80,4652.14
716,Madrid,Salamanca,Venta,Piso,361880.0,71.8,2.0,1.0,Buen estado,1976-01-01,3,False,False,False,True,False,0.95,2025-04-02,40-80,5040.11
717,Madrid,Madrid-Centro,Alquiler,Piso,259605.0,48.2,2.0,1.0,Obra nueva,2023-01-01,6,True,True,True,False,True,3.68,2025-03-23,40-80,5386.0
718,Madrid,Salamanca,Alquiler,Piso,400446.0,81.6,3.0,2.0,Buen estado,1965-01-01,5,False,True,False,False,False,6.44,2024-10-18,80-120,4907.43
719,Madrid,Salamanca,Venta,Piso,463004.0,100.6,3.0,2.0,Buen estado,2001-01-01,1,True,False,False,True,False,6.37,2025-03-05,80-120,4602.43
720,Madrid,Chamberí,Alquiler,Piso,434161.0,94.0,3.0,2.0,Buen estado,1981-01-01,6,False,True,False,True,False,3.96,2025-01-27,80-120,4618.73
721,Madrid,Retiro,Venta,Ático,239177.0,43.6,2.0,1.0,Buen estado,1991-01-01,Ático,False,False,False,True,False,4.64,2025-03-16,40-80,5485.71
722,Madrid,Salamanca,Alquiler,Piso,377330.0,91.6,3.0,2.0,Obra nueva,2018-01-01,5,True,False,False,True,True,4.79,2025-02-14,80-120,4119.32
723,Madrid,Salamanca,Venta,Piso,506173.0,93.0,3.0,2.0,Buen estado,1990-01-01,4,False,False,False,True,False,9.38,2025-01-29,80-120,5442.72
724,Madrid,Madrid-Centro,Venta,Piso,445254.0,83.5,3.0,2.0,Buen estado,1975-01-01,8,True,False,False,True,False,3.55,2024-12-04,80-120,5332.38
725,Madrid,Chamberí,Alquiler,Ático,,,1.0,1.0,Obra nueva,2020-01-01,Ático,True,True,True,False,False,3.59,2024-11-14,,
726,Madrid,Retiro,Venta,Ático,376004.0,77.4,2.0,1.0,Obra nueva,2023-01-01,Ático,True,True,False,False,True,5.21,2025-01-12,40-80,4857.93
727,Madrid,Salamanca,Venta,Piso,489778.0,97.2,3.0,2.0,Buen estado,1990-01-01,Bajo,True,False,False,True,True,5.2,2025-03-04,80-120,5038.87
728,Madrid,Tetuán,Venta,Piso,180687.0,40.7,2.0,1.0,Buen estado,2004-01-01,3,False,False,False,False,False,2.91,2025-01-05,40-80,4439.48
729,Madrid,Chamberí,Venta,Piso,256092.0,51.3,2.0,1.0,Buen estado,1990-01-01,2,True,False,True,True,False,5.1,2024-11-25,40-80,4992.05
730,Madrid,Chamberí,Venta,Ático,515136.0,101.5,3.0,2.0,Buen estado,1976-01-01,Ático,False,True,False,False,False,4.06,2025-03-03,80-120,5075.23
731,Madrid,Salamanca,Alquiler,Piso,363473.0,61.9,2.0,1.0,A reformar,1996-01-01,7,False,False,False,False,False,6.77,2025-03-23,40-80,5871.94
732,Madrid,Tetuán,Venta,Piso,458868.0,98.3,3.0,2.0,Buen estado,1995-01-01,3,True,False,False,False,False,3.0,2025-03-06,80-120,4668.04
733,Madrid,Madrid-Centro,Alquiler,Piso,460415.0,79.7,2.0,1.0,Buen estado,1969-01-01,3,True,True,False,False,False,6.02,2024-11-03,40-80,5776.85
734,Madrid,Retiro,Venta,Piso,626539.0,128.5,4.0,2.0,Buen estado,1979-01-01,7,True,True,False,True,True,1.95,2025-01-01,120-160,4875.79
735,Madrid,Tetuán,Venta,Piso,305030.0,67.5,2.0,1.0,Buen estado,1983-01-01,9,True,True,True,False,False,,2025-01-10,40-80,4518.96
736,Madrid,Retiro,Alquiler,Piso,362085.0,66.7,2.0,1.0,Buen estado,1999-01-01,3,True,True,False,False,False,5.77,2025-03-22,40-80,5428.56
737,Madrid,Madrid-Centro,Venta,Piso,523284.0,99.1,3.0,2.0,Buen estado,1960-01-01,5,False,True,False,True,False,8.32,2025-02-08,80-120,5280.36
738,Madrid,Madrid-Centro,Venta,Piso,494817.0,84.1,3.0,2.0,Buen estado,1982-01-01,1,False,True,False,True,True,4.29,2024-11-22,80-120,5883.67
739,Madrid,Arganzuela,Venta,Piso,420406.0,85.6,3.0,2.0,Reformado,2010-01-01,2,True,False,False,False,False,3.89,2025-02-23,80-120,4911.29
740,Madrid,Chamberí,Venta,Piso,390879.0,76.65,2.0,1.0,Buen estado,1965-01-01,1,False,False,False,False,True,,2024-10-13,40-80,5099.53
741,Madrid,Tetuán,Venta,Piso,602727.0,111.2,3.0,2.0,Buen estado,1992-01-01,9,True,True,False,False,False,7.13,2024-12-02,80-120,5420.21
742,Madrid,Salamanca,Venta,Piso,525287.0,100.3,3.0,2.0,A reformar,1967-01-01,7,True,True,False,False,True,,2025-03-25,80-120,5237.16
743,Madrid,Chamberí,Venta,Piso,399057.0,86.9,3.0,2.0,Obra nueva,2023-01-01,4,True,False,False,False,True,,2024-11-12,80-120,4592.14
744,Madrid,Madrid-Centro,Venta,Piso,340841.0,77.9,2.0,1.0,Buen estado,2020-01-01,Bajo,False,True,True,True,False,5.34,2025-03-27,40-80,4375.37
745,Madrid,Chamberí,Alquiler,Piso,343966.0,75.6,2.0,1.0,Buen estado,2007-01-01,2,False,True,False,True,True,4.9,2025-02-17,40-80,4549.81
746,Madrid,Chamberí,Venta,Ático,473252.0,100.0,3.0,2.0,Reformado,1985-01-01,Ático,True,True,True,False,False,4.13,2024-11-15,80-120,4732.52
747,Madrid,Arganzuela,Alquiler,Piso,346012.0,67.9,2.0,1.0,Buen estado,1981-01-01,7,False,True,False,False,False,4.05,2024-12-07,40-80,5095.91
748,Madrid,Salamanca,Venta,Piso,265571.0,56.7,2.0,1.0,Buen estado,1954-01-01,8,True,False,False,False,True,4.44,2025-01-09,40-80,4683.79
749,Madrid,Madrid-Centro,Venta,Ático,243110.0,57.1,2.0,1.0,Buen estado,1990-01-01,Ático,False,True,False,True,False,6.06,2024-12-30,40-80,4257.62
750,Madrid,Salamanca,Alquiler,Piso,254919.0,50.1,2.0,1.0,Obra nueva,2023-01-01,4,False,True,True,False,True,2.34,2025-03-06,40-80,5088.2
751,Madrid,Tetuán,Venta,Estudio,176772.0,33.4,0.0,1.0,Buen estado,1978-01-01,9,False,False,False,True,True,,2025-03-25,0-40,5292.57
752,Madrid,Salamanca,Venta,Piso,,84.3,3.0,2.0,Reformado,1999-01-01,8,False,False,False,False,False,8.51,2025-01-20,80-120,
753,Madrid,Retiro,Alquiler,Piso,389777.0,85.8,3.0,2.0,Obra nueva,2022-01-01,Bajo,True,True,False,False,False,2.95,2025-02-14,80-120,4542.86
754,Madrid,Chamberí,Venta,Piso,372163.0,65.8,2.0,1.0,Buen estado,1997-01-01,4,True,False,False,False,False,4.94,2024-12-02,40-80,5655.97
755,Madrid,Chamberí,Venta,Ático,,,1.0,1.0,Obra nueva,2018-01-01,Ático,False,True,True,True,True,1.78,2024-12-06,,
756,Madrid,Madrid-Centro,Alquiler,Piso,310185.0,64.6,2.0,1.0,Buen estado,1978-01-01,7,True,True,False,True,False,5.03,2025-02-08,40-80,4801.63
757,Madrid,Chamberí,Venta,Piso,398644.0,91.6,3.0,2.0,Buen estado,1984-01-01,3,True,False,True,False,False,5.17,2024-10-20,80-120,4352.01
758,Madrid,Chamberí,Venta,Piso,,120.7,4.0,2.0,Buen estado,1998-01-01,Bajo,True,False,True,True,False,3.0,2025-03-04,120-160,
759,Madrid,Chamberí,Venta,Piso,622531.0,124.4,4.0,2.0,Buen estado,1975-01-01,6,True,True,False,False,False,4.57,2025-03-11,120-160,5004.27
760,Madrid,Tetuán,Venta,Piso,623854.0,118.7,3.0,2.0,Obra nueva,2020-01-01,1,True,True,False,False,False,6.08,2024-12-03,80-120,5255.72
761,Madrid,Madrid-Centro,Venta,Piso,505593.0,83.7,3.0,2.0,Buen estado,1976-01-01,3,False,True,False,False,False,7.04,2025-01-22,80-120,6040.54
762,Madrid,Tetuán,Venta,Ático,402783.0,95.1,3.0,2.0,Obra nueva,2022-01-01,Ático,True,True,False,False,False,3.61,2025-02-16,80-120,4235.36
763,Madrid,Retiro,Venta,Piso,354795.0,74.6,2.0,1.0,Reformado,1974-01-01,9,False,True,False,False,True,1.2,,40-80,4755.97
764,Madrid,Salamanca,Venta,Piso,255385.0,55.1,2.0,1.0,Buen estado,1957-01-01,3,False,True,False,True,False,3.67,2025-02-19,40-80,4634.94
765,Madrid,Tetuán,Venta,Piso,306516.0,66.6,2.0,1.0,Buen estado,1976-01-01,2,True,False,False,False,False,4.29,2025-02-07,40-80,4602.34
766,Madrid,Tetuán,Venta,Piso,370430.0,70.7,2.0,1.0,Buen estado,1968-01-01,1,True,False,False,False,False,5.98,2024-11-01,40-80,5239.46
767,Madrid,Madrid-Centro,Venta,Sin_clasificar,,,1.0,1.0,Buen estado,1986-01-01,Bajo,False,False,False,False,True,6.81,2025-03-31,,
768,Madrid,Arganzuela,Venta,Piso,430180.0,88.3,3.0,2.0,Reformado,1965-01-01,8,True,False,False,False,False,3.81,2025-01-26,80-120,4871.8
769,Madrid,Chamberí,Alquiler,Piso,341142.0,67.2,2.0,1.0,Obra nueva,2020-01-01,9,True,True,True,True,True,1.57,2025-04-05,40-80,5076.52
770,Madrid,Tetuán,Venta,Piso,548789.0,96.1,3.0,2.0,Buen estado,2009-01-01,3,True,False,False,False,False,6.17,2024-10-30,80-120,5710.6
771,Madrid,Retiro,Venta,Sin_clasificar,,,1.0,1.0,Buen estado,2013-01-01,Bajo,False,False,False,True,False,3.25,2024-10-10,,
772,Madrid,Tetuán,Venta,Piso,471600.0,102.5,3.0,2.0,Buen estado,1974-01-01,3,True,False,False,False,False,3.38,2025-04-03,80-120,4600.98
773,Madrid,Retiro,Venta,Piso,421916.0,85.2,3.0,2.0,Buen estado,1973-01-01,9,False,False,True,True,False,4.34,2024-12-12,80-120,4952.07
774,Madrid,Retiro,Alquiler,Piso,452851.0,87.5,3.0,2.0,Buen estado,2015-01-01,4,True,False,False,True,False,4.6,2025-04-01,80-120,5175.44
775,Madrid,Madrid-Centro,Alquiler,Piso,468184.0,82.1,3.0,2.0,Obra nueva,2021-01-01,2,True,True,False,True,True,7.9,2025-01-11,80-120,5702.61
776,Madrid,Tetuán,Venta,Piso,330797.0,67.5,2.0,1.0,Buen estado,2019-01-01,5,False,False,False,False,True,2.22,2025-04-07,40-80,4900.7
777,Madrid,Madrid-Centro,Alquiler,Piso,356293.0,77.1,2.0,1.0,Buen estado,1967-01-01,3,False,False,False,False,False,7.78,2025-01-31,40-80,4621.18
778,Madrid,Arganzuela,Alquiler,Piso,232946.0,51.0,2.0,1.0,Buen estado,1992-01-01,5,False,False,False,False,False,4.16,2025-02-26,40-80,4567.57
779,Madrid,Tetuán,Venta,Ático,394702.0,80.7,3.0,2.0,Buen estado,1999-01-01,Ático,False,True,False,True,False,4.05,,80-120,4890.98
780,Madrid,Salamanca,Alquiler,Piso,331334.0,69.5,2.0,1.0,Buen estado,1993-01-01,1,True,False,True,True,False,6.35,2024-10-25,40-80,4767.4
781,Madrid,Retiro,Venta,Piso,392733.0,92.1,3.0,2.0,Buen estado,1996-01-01,6,True,True,False,False,False,5.31,2025-01-19,80-120,4264.2
782,Madrid,Tetuán,Venta,Piso,544170.0,101.4,3.0,2.0,A reformar,1977-01-01,Bajo,True,False,False,True,True,5.11,2024-11-22,80-120,5366.57
783,Madrid,Arganzuela,Venta,Piso,275943.0,51.7,2.0,1.0,Reformado,1985-01-01,8,True,True,False,False,False,4.85,2024-12-21,40-80,5337.39
784,Madrid,Chamberí,Venta,Piso,415414.0,79.1,2.0,1.0,Buen estado,1986-01-01,3,True,False,False,True,False,2.09,2025-03-15,40-80,5251.76
785,Madrid,Chamberí,Venta,Piso,421919.0,75.3,2.0,1.0,Buen estado,1989-01-01,2,True,False,True,False,False,3.94,2024-10-31,40-80,5603.17
786,Madrid,Retiro,Alquiler,Piso,450549.0,76.6,2.0,1.0,Buen estado,2008-01-01,9,True,False,False,False,True,2.89,2024-11-29,40-80,5881.84
787,Madrid,Tetuán,Venta,Piso,446495.0,89.0,3.0,2.0,Reformado,1997-01-01,8,False,False,False,False,False,4.5,2024-12-20,80-120,5016.8
788,Madrid,Arganzuela,Alquiler,Piso,552188.0,103.6,3.0,2.0,Buen estado,2013-01-01,4,False,False,False,True,False,1.67,2024-12-05,80-120,5330.0
789,Madrid,Tetuán,Alquiler,Piso,333339.0,73.7,2.0,1.0,Buen estado,1976-01-01,Bajo,True,False,False,False,False,4.85,2024-12-14,40-80,4522.92
790,Madrid,Chamberí,Venta,Piso,546204.0,96.8,3.0,2.0,Buen estado,1980-01-01,4,True,False,False,True,False,5.23,2025-01-04,80-120,5642.6
791,Madrid,Salamanca,Alquiler,Piso,359985.0,71.8,2.0,1.0,Reformado,1982-01-01,9,True,True,False,True,False,5.14,2024-12-12,40-80,5013.72
792,Madrid,Arganzuela,Venta,Piso,355374.0,69.9,2.0,1.0,Buen estado,1977-01-01,3,False,True,True,False,False,7.03,2025-01-03,40-80,5084.03
793,Madrid,Madrid-Centro,Venta,Piso,559321.0,100.8,3.0,2.0,Reformado,1972-01-01,7,True,False,False,False,False,5.09,2024-11-07,80-120,5548.82
794,Madrid,Retiro,Venta,Ático,,,3.0,3.0,A reformar,2012-01-01,Ático,False,False,True,False,True,5.55,2025-04-06,,
795,Madrid,Chamberí,Alquiler,Piso,,83.1,3.0,2.0,Buen estado,1989-01-01,8,False,False,False,False,False,,2024-10-11,80-120,
796,Madrid,Arganzuela,Alquiler,Ático,215395.0,49.0,2.0,1.0,Buen estado,1986-01-01,Ático,True,True,False,False,False,7.27,2025-01-04,40-80,4395.82
797,Madrid,Salamanca,Venta,Piso,406208.0,88.1,3.0,2.0,Buen estado,1993-01-01,3,False,True,False,True,False,6.62,2025-03-04,80-120,4610.76
798,Madrid,Retiro,Venta,Piso,217693.0,60.2,2.0,1.0,Reformado,2014-01-01,3,True,False,False,True,True,5.42,2025-02-13,40-80,3616.16
799,Madrid,Arganzuela,Venta,Piso,299306.0,51.0,2.0,1.0,Reformado,1995-01-01,3,False,False,True,True,False,5.27,2024-12-06,40-80,5868.75
800,Madrid,Chamberí,Alquiler,Piso,360059.0,71.9,2.0,1.0,Buen estado,2005-01-01,1,False,True,True,False,False,7.04,2024-11-08,40-80,5007.77
801,Madrid,Salamanca,Venta,Piso,617931.0,123.9,4.0,2.0,Buen estado,1963-01-01,8,True,False,False,False,False,6.43,2024-10-19,120-160,4987.34
802,Madrid,Madrid-Centro,Venta,Piso,492348.0,80.7,3.0,2.0,Reformado,1975-01-01,9,True,True,False,True,True,2.2,2024-12-18,80-120,6100.97
803,Madrid,Madrid-Centro,Venta,Piso,388795.0,79.4,2.0,1.0,Buen estado,1968-01-01,6,False,False,False,True,False,3.57,2024-12-04,40-80,4896.66
804,Madrid,Tetuán,Venta,Sin_clasificar,,,1.0,1.0,Buen estado,1969-01-01,8,True,False,True,True,False,3.84,2024-10-17,,
805,Madrid,Tetuán,Venta,Piso,460306.0,92.3,3.0,2.0,Obra nueva,2021-01-01,1,True,False,True,False,False,,2025-04-05,80-120,4987.06
806,Madrid,Tetuán,Venta,Piso,,64.4,2.0,1.0,Buen estado,1965-01-01,3,False,False,False,False,False,3.74,2025-01-14,40-80,
807,Madrid,Tetuán,Venta,Piso,433490.0,88.1,3.0,2.0,Reformado,1990-01-01,2,False,True,True,False,False,7.0,2025-02-26,80-120,4920.43
808,Madrid,Retiro,Venta,Piso,399396.0,77.9,2.0,1.0,Buen estado,1990-01-01,5,False,False,True,False,False,3.4,2024-11-25,40-80,5127.03
809,Madrid,Madrid-Centro,Venta,Piso,430764.0,72.5,2.0,1.0,Obra nueva,2020-01-01,6,True,False,False,False,True,3.85,2024-12-19,40-80,5941.57
810,Madrid,Madrid-Centro,Venta,Piso,437202.0,86.0,3.0,2.0,Buen estado,1998-01-01,3,True,False,False,True,False,,2024-11-03,80-120,5083.74
811,Madrid,Arganzuela,Venta,Piso,,83.5,3.0,2.0,Buen estado,1968-01-01,6,True,True,False,True,False,,2024-11-28,80-120,
812,Madrid,Chamberí,Alquiler,Piso,331491.0,83.8,3.0,2.0,Buen estado,2009-01-01,Bajo,True,False,False,False,False,4.14,2024-11-23,80-120,3955.74
813,Madrid,Madrid-Centro,Venta,Piso,289606.0,53.1,2.0,1.0,Obra nueva,2022-01-01,8,True,True,False,False,False,6.16,2024-12-28,40-80,5453.97
814,Madrid,Madrid-Centro,Venta,Piso,531113.0,104.2,3.0,2.0,Buen estado,1997-01-01,6,True,False,False,False,True,4.69,2024-11-03,80-120,5097.05
815,Madrid,Arganzuela,Venta,Ático,383531.0,79.9,2.0,1.0,Buen estado,2003-01-01,Ático,False,False,False,True,False,3.53,2024-11-02,40-80,4800.14
816,Madrid,Madrid-Centro,Alquiler,Sin_clasificar,,,2.0,1.0,Buen estado,1977-01-01,8,True,True,True,False,False,6.25,2024-12-13,,
817,Madrid,Retiro,Venta,Piso,470119.0,89.9,3.0,2.0,Reformado,1980-01-01,9,True,False,False,True,True,5.16,2024-11-28,80-120,5229.35
818,Madrid,Tetuán,Venta,Sin_clasificar,,,3.0,1.0,Buen estado,1988-01-01,4,False,True,False,True,False,6.87,2025-01-07,,
819,Madrid,Retiro,Venta,Piso,285307.0,53.2,2.0,1.0,Obra nueva,2018-01-01,6,False,True,False,False,False,7.7,2025-03-15,40-80,5362.91
820,Madrid,Retiro,Venta,Ático,248354.0,53.8,2.0,1.0,Reformado,1985-01-01,Ático,False,False,False,True,False,4.67,2025-01-03,40-80,4616.25
821,Madrid,Madrid-Centro,Venta,Piso,308519.0,60.7,2.0,1.0,Obra nueva,2018-01-01,1,True,True,False,True,True,2.02,2024-11-19,40-80,5082.69
822,Madrid,Retiro,Venta,Piso,663921.0,125.2,4.0,2.0,Buen estado,2006-01-01,4,True,True,False,False,False,3.92,2025-03-12,120-160,5302.88
823,Madrid,Arganzuela,Venta,Piso,553660.0,94.7,3.0,2.0,Obra nueva,2020-01-01,9,True,False,True,False,True,7.11,2025-02-19,80-120,5846.46
824,Madrid,Madrid-Centro,Venta,Sin_clasificar,,,2.0,1.0,Buen estado,1981-01-01,3,True,True,True,False,True,3.16,2025-03-27,,
825,Madrid,Retiro,Alquiler,Piso,343508.0,74.3,2.0,1.0,Buen estado,2020-01-01,2,False,True,False,True,False,4.74,2025-01-18,40-80,4623.26
826,Madrid,Salamanca,Venta,Piso,,62.6,2.0,1.0,Buen estado,1991-01-01,Bajo,True,True,False,False,False,6.16,2024-10-15,40-80,
827,Madrid,Madrid-Centro,Venta,Piso,232048.0,44.5,2.0,1.0,Buen estado,1997-01-01,9,True,True,True,False,False,3.38,2024-11-17,40-80,5214.56
828,Madrid,Salamanca,Venta,Piso,367734.0,85.1,3.0,2.0,Buen estado,1968-01-01,3,True,False,False,False,False,4.57,2024-12-20,80-120,4321.2
829,Madrid,Madrid-Centro,Venta,Piso,452348.0,85.5,3.0,2.0,Obra nueva,2018-01-01,Bajo,True,True,True,False,True,4.15,2025-03-27,80-120,5290.62
830,Madrid,Retiro,Alquiler,Piso,395814.0,82.0,3.0,2.0,Buen estado,2006-01-01,8,True,True,False,False,True,3.72,2024-12-17,80-120,4827.0
831,Madrid,Tetuán,Venta,Piso,379542.0,85.6,3.0,2.0,Buen estado,2018-01-01,2,False,False,True,False,False,2.09,2025-03-09,80-120,4433.9
832,Madrid,Tetuán,Venta,Piso,427129.0,78.9,2.0,1.0,Reformado,1990-01-01,6,False,True,False,False,True,5.72,2025-02-20,40-80,5413.55
833,Madrid,Arganzuela,Venta,Piso,336532.0,71.1,2.0,1.0,Buen estado,1974-01-01,8,True,False,False,True,False,5.18,2024-12-06,40-80,4733.22
834,Madrid,Salamanca,Venta,Piso,290276.0,58.7,2.0,1.0,Buen estado,2012-01-01,4,True,False,True,True,False,6.04,2024-10-11,40-80,4945.08
835,Madrid,Salamanca,Venta,Piso,,70.7,2.0,1.0,Buen estado,1982-01-01,4,True,False,False,True,True,4.16,2025-02-06,40-80,
836,Madrid,Tetuán,Venta,Piso,491838.0,100.0,3.0,2.0,Reformado,1957-01-01,7,True,False,False,True,True,2.27,2024-12-24,80-120,4918.38
837,Madrid,Salamanca,Alquiler,Piso,344245.0,66.0,2.0,1.0,Buen estado,1950-01-01,Bajo,False,False,False,True,True,3.69,2025-02-26,40-80,5215.83
838,Madrid,Retiro,Venta,Piso,,72.8,2.0,1.0,Buen estado,1996-01-01,3,False,False,False,False,True,6.52,2024-11-19,40-80,
839,Madrid,Arganzuela,Alquiler,Estudio,127496.0,30.0,0.0,1.0,Buen estado,1975-01-01,4,False,True,False,False,True,4.73,2024-10-29,0-40,4249.87
840,Madrid,Madrid-Centro,Venta,Ático,480429.0,87.8,3.0,2.0,Obra nueva,2022-01-01,Ático,True,True,True,True,True,5.96,2024-12-17,80-120,5471.86
841,Madrid,Retiro,Venta,Piso,405096.0,87.6,3.0,2.0,Buen estado,1978-01-01,3,False,True,True,False,False,6.9,2024-10-26,80-120,4624.38
842,Madrid,Chamberí,Venta,Piso,492587.0,106.7,3.0,2.0,Buen estado,1971-01-01,7,True,False,False,True,False,4.81,2024-12-17,80-120,4616.56
843,Madrid,Arganzuela,Venta,Piso,477896.0,90.8,3.0,2.0,Buen estado,1994-01-01,Bajo,True,False,False,True,False,7.91,2025-02-22,80-120,5263.17
844,Madrid,Salamanca,Venta,Piso,342152.0,72.7,2.0,1.0,Buen estado,1980-01-01,7,False,False,False,True,False,2.61,2024-10-11,40-80,4706.35
845,Madrid,Chamberí,Venta,Piso,365404.0,90.2,3.0,2.0,Buen estado,1990-01-01,6,False,False,False,True,False,5.64,2024-12-27,80-120,4051.04
846,Madrid,Madrid-Centro,Alquiler,Piso,435255.0,88.7,3.0,2.0,Obra nueva,2020-01-01,1,True,True,True,True,True,2.74,2024-11-15,80-120,4907.05
847,Madrid,Salamanca,Venta,Piso,710344.0,129.5,4.0,2.0,Buen estado,1979-01-01,2,True,True,False,True,False,3.81,2024-11-27,120-160,5485.28
848,Madrid,Retiro,Alquiler,Piso,219436.0,47.1,2.0,1.0,Buen estado,2000-01-01,3,True,True,False,False,True,3.74,2025-01-15,40-80,4658.94
849,Madrid,Madrid-Centro,Venta,Piso,284708.0,52.7,2.0,1.0,Buen estado,2004-01-01,1,True,False,False,False,False,3.85,2025-02-19,40-80,5402.43
850,Madrid,Arganzuela,Alquiler,Piso,278930.0,63.1,2.0,1.0,Buen estado,1996-01-01,4,True,True,False,True,False,5.43,2024-12-30,40-80,4420.44
851,Madrid,Chamberí,Venta,Piso,436242.0,81.8,3.0,2.0,Reformado,2014-01-01,8,True,True,True,True,True,5.4,2024-11-09,80-120,5333.03
852,Madrid,Retiro,Venta,Piso,327063.0,61.2,2.0,1.0,Buen estado,2002-01-01,Bajo,True,True,False,True,False,4.4,2025-03-28,40-80,5344.17
853,Madrid,Chamberí,Alquiler,Piso,592480.0,112.0,3.0,2.0,Buen estado,1969-01-01,Bajo,True,False,False,False,False,5.83,2024-11-20,80-120,5290.0
854,Madrid,Retiro,Venta,Piso,389352.0,82.8,3.0,2.0,Buen estado,1993-01-01,Bajo,False,False,False,True,False,4.91,2025-03-06,80-120,4702.32
855,Madrid,Arganzuela,Venta,Piso,501125.0,97.7,3.0,2.0,Buen estado,1967-01-01,1,False,True,False,True,True,5.31,2024-12-11,80-120,5129.22
856,Madrid,Chamberí,Venta,Ático,312480.0,64.7,2.0,1.0,Buen estado,1956-01-01,Ático,True,False,False,True,False,3.86,2024-10-24,40-80,4829.68
857,Madrid,Salamanca,Venta,Piso,442517.0,72.8,2.0,1.0,Buen estado,1965-01-01,1,True,False,False,False,False,5.01,2024-11-10,40-80,6078.53
858,Madrid,Madrid-Centro,Venta,Sin_clasificar,,,2.0,1.0,Obra nueva,2020-01-01,7,True,True,True,False,True,4.66,2024-11-27,,
859,Madrid,Salamanca,Venta,Piso,370711.0,97.3,3.0,2.0,Buen estado,1994-01-01,Bajo,True,True,True,True,True,3.36,2025-02-10,80-120,3809.98
860,Madrid,Arganzuela,Venta,Piso,405117.0,80.7,3.0,2.0,Buen estado,1987-01-01,3,False,False,True,False,False,6.14,2025-03-03,80-120,5020.04
861,Madrid,Chamberí,Venta,Piso,440491.0,76.2,2.0,1.0,Buen estado,1998-01-01,9,False,False,False,True,False,6.43,2025-02-27,40-80,5780.72
862,Madrid,Chamberí,Venta,Piso,500619.0,87.4,3.0,2.0,Buen estado,1983-01-01,4,True,False,True,False,False,7.14,2025-02-24,80-120,5727.91
863,Madrid,Retiro,Venta,Piso,259830.0,49.8,2.0,1.0,Buen estado,1964-01-01,2,True,True,False,False,False,3.32,2024-10-13,40-80,5217.47
864,Madrid,Tetuán,Alquiler,Piso,288155.0,61.4,2.0,1.0,Buen estado,1979-01-01,1,False,False,False,False,True,7.36,2025-03-26,40-80,4693.08
865,Madrid,Tetuán,Alquiler,Piso,276361.0,58.7,2.0,1.0,Buen estado,2003-01-01,8,False,True,False,False,False,3.63,2024-11-17,40-80,4708.02
866,Madrid,Tetuán,Venta,Piso,415504.0,94.9,3.0,2.0,Buen estado,1990-01-01,1,True,True,False,True,False,5.88,2025-02-19,80-120,4378.34
867,Madrid,Arganzuela,Venta,Piso,295932.0,68.3,2.0,1.0,Buen estado,2000-01-01,Bajo,True,True,False,True,False,4.02,2024-11-29,40-80,4332.83
868,Madrid,Salamanca,Venta,Piso,561958.0,113.2,3.0,2.0,Buen estado,1967-01-01,6,True,False,False,False,False,2.47,2025-03-26,80-120,4964.29
869,Madrid,Madrid-Centro,Venta,Piso,428927.0,104.7,3.0,2.0,Buen estado,1984-01-01,5,True,False,False,False,False,4.13,2024-12-04,80-120,4096.72
870,Madrid,Tetuán,Alquiler,Ático,464047.0,76.2,2.0,1.0,Reformado,1984-01-01,Ático,False,False,False,True,False,4.85,2025-02-11,40-80,6089.86
871,Madrid,Salamanca,Venta,Piso,310096.0,54.8,2.0,1.0,Buen estado,1979-01-01,6,True,False,False,False,False,6.63,2025-01-11,40-80,5658.69
872,Madrid,Arganzuela,Venta,Piso,200740.0,40.7,2.0,1.0,Buen estado,1987-01-01,1,True,False,False,False,False,5.67,2024-12-25,40-80,4932.19
873,Madrid,Salamanca,Alquiler,Piso,393088.0,72.1,2.0,1.0,Buen estado,1996-01-01,3,True,False,False,True,True,4.06,2025-02-22,40-80,5451.98
874,Madrid,Madrid-Centro,Venta,Ático,572491.0,99.8,3.0,2.0,Buen estado,1986-01-01,Ático,True,False,False,False,False,4.64,2024-11-23,80-120,5736.38
875,Madrid,Tetuán,Alquiler,Ático,355762.0,78.7,2.0,1.0,Buen estado,1984-01-01,Ático,False,False,True,False,False,3.94,2025-03-05,40-80,4520.48
876,Madrid,Retiro,Venta,Piso,472123.0,90.5,3.0,2.0,Buen estado,1993-01-01,1,True,True,False,True,False,3.47,2024-11-20,80-120,5216.83
877,Madrid,Chamberí,Venta,Piso,320903.0,69.6,2.0,1.0,Buen estado,1976-01-01,8,True,False,False,False,True,6.04,2025-03-11,40-80,4610.68
878,Madrid,Madrid-Centro,Alquiler,Sin_clasificar,,,,1.0,Buen estado,1960-01-01,5,True,True,True,False,False,4.95,2025-01-12,,
879,Madrid,Madrid-Centro,Alquiler,Piso,618369.0,119.7,3.0,2.0,Obra nueva,2022-01-01,3,True,False,True,True,True,4.08,2025-03-02,80-120,5165.99
880,Madrid,Tetuán,Venta,Piso,453151.0,102.9,3.0,2.0,Reformado,1980-01-01,4,True,True,False,False,False,3.54,2025-01-09,80-120,4403.8
881,Madrid,Madrid-Centro,Venta,Sin_clasificar,,,4.0,2.0,Obra nueva,2020-01-01,9,True,True,False,True,False,3.48,2024-10-13,,
882,Madrid,Tetuán,Venta,Piso,312315.0,50.1,2.0,1.0,Buen estado,1987-01-01,3,False,False,False,False,False,6.42,2024-12-02,40-80,6233.83
883,Madrid,Retiro,Venta,Piso,378076.0,74.7,2.0,1.0,Buen estado,2005-01-01,4,True,True,True,False,True,3.64,2025-02-27,40-80,5061.26
884,Madrid,Tetuán,Venta,Piso,376426.0,74.5,2.0,1.0,Buen estado,1997-01-01,Bajo,True,True,False,True,False,4.87,2025-02-03,40-80,5052.7
885,Madrid,Retiro,Venta,Piso,434846.0,81.0,3.0,2.0,Reformado,1991-01-01,3,True,True,False,False,False,7.25,2024-12-07,80-120,5368.47
886,Madrid,Retiro,Alquiler,Piso,351527.0,74.3,2.0,1.0,Buen estado,1982-01-01,3,True,False,False,False,True,4.58,2024-10-28,40-80,4731.18
887,Madrid,Arganzuela,Venta,Piso,,99.7,3.0,2.0,Buen estado,1998-01-01,9,False,True,True,False,False,4.2,2024-11-02,80-120,
888,Madrid,Tetuán,Venta,Piso,429473.0,79.2,2.0,1.0,Obra nueva,2021-01-01,1,True,True,False,False,False,4.97,2024-10-23,40-80,5422.64
889,Madrid,Retiro,Venta,Piso,529076.0,108.3,3.0,2.0,Buen estado,1940-01-01,1,True,True,False,False,False,5.59,2024-12-06,80-120,4885.28
890,Madrid,Arganzuela,Venta,Ático,544226.0,94.3,3.0,2.0,Buen estado,1972-01-01,Ático,True,True,False,True,False,6.91,2025-01-14,80-120,5771.22
891,Madrid,Salamanca,Venta,Piso,368739.0,82.1,3.0,2.0,Buen estado,1991-01-01,2,True,False,False,False,False,3.76,2024-12-31,80-120,4491.34
892,Madrid,Tetuán,Venta,Sin_clasificar,,,4.0,2.0,Buen estado,1972-01-01,6,False,False,True,False,False,6.19,2025-01-31,,
893,Madrid,Tetuán,Venta,Piso,287859.0,64.0,2.0,1.0,Buen estado,1977-01-01,6,True,True,False,True,False,4.61,2024-11-15,40-80,4497.8
894,Madrid,Chamberí,Venta,Piso,,117.4,3.0,2.0,Obra nueva,2022-01-01,6,True,False,False,True,False,6.96,2024-12-15,80-120,
895,Madrid,Salamanca,Venta,Piso,343667.0,79.8,2.0,1.0,Buen estado,1991-01-01,2,True,False,True,False,False,3.11,,40-80,4306.6
896,Madrid,Tetuán,Venta,Piso,342399.0,65.6,2.0,1.0,Buen estado,1967-01-01,8,True,True,False,True,False,7.3,2025-03-15,40-80,5219.5
897,Madrid,Arganzuela,Venta,Piso,253387.0,50.4,2.0,1.0,Buen estado,1974-01-01,6,False,True,True,False,False,3.89,2024-12-30,40-80,5027.52
898,Madrid,Arganzuela,Alquiler,Piso,497444.0,81.2,3.0,2.0,Buen estado,1973-01-01,6,False,False,False,True,False,4.24,2025-01-10,80-120,6126.16
899,Madrid,Retiro,Venta,Piso,323102.0,71.3,2.0,1.0,Buen estado,1962-01-01,4,True,True,True,False,False,4.71,2024-11-21,40-80,4531.58
900,Madrid,Retiro,Venta,Piso,417210.0,82.5,3.0,2.0,Buen estado,1977-01-01,2,False,True,False,False,False,4.79,,80-120,5057.09
901,Madrid,Salamanca,Alquiler,Piso,305431.0,63.5,2.0,1.0,Buen estado,2020-01-01,2,True,True,False,True,False,4.97,2024-10-30,40-80,4809.94
902,Madrid,Salamanca,Alquiler,Piso,366284.0,81.3,3.0,2.0,Buen estado,1970-01-01,2,False,False,True,False,True,5.94,2024-12-21,80-120,4505.34
903,Madrid,Salamanca,Venta,Piso,438487.0,90.9,3.0,2.0,Buen estado,1969-01-01,7,False,True,False,True,False,3.33,2024-10-14,80-120,4823.84
904,Madrid,Retiro,Venta,Piso,401413.0,81.8,3.0,2.0,Buen estado,1985-01-01,8,True,False,False,True,False,4.95,2024-12-14,80-120,4907.25
905,Madrid,Tetuán,Venta,Ático,368248.0,83.6,3.0,2.0,Buen estado,1988-01-01,Ático,True,False,False,False,False,6.49,2024-10-13,80-120,4404.88
906,Madrid,Madrid-Centro,Venta,Piso,399102.0,100.4,3.0,2.0,Buen estado,1971-01-01,2,False,False,True,False,False,,,80-120,3975.12
907,Madrid,Retiro,Venta,Piso,411995.0,73.6,2.0,1.0,Buen estado,2004-01-01,7,True,False,False,True,False,8.18,2025-03-25,40-80,5597.76
908,Madrid,Salamanca,Venta,Ático,497781.0,87.9,3.0,2.0,Buen estado,1956-01-01,Ático,True,True,False,False,True,3.67,2025-01-09,80-120,5663.04
909,Madrid,Salamanca,Venta,Piso,,93.9,3.0,2.0,Buen estado,1983-01-01,3,False,True,False,False,True,3.79,2025-01-14,80-120,
910,Madrid,Tetuán,Alquiler,Piso,,86.9,3.0,2.0,Buen estado,1994-01-01,9,True,False,False,False,False,,2025-02-22,80-120,
911,Madrid,Salamanca,Venta,Piso,355653.0,67.1,2.0,1.0,Buen estado,1965-01-01,Bajo,False,False,False,False,True,6.01,2024-10-19,40-80,5300.34
912,Madrid,Chamberí,Alquiler,Piso,454141.0,91.0,3.0,2.0,Buen estado,2000-01-01,2,True,False,False,True,False,5.2,2024-10-13,80-120,4990.56
913,Madrid,Retiro,Venta,Piso,304014.0,56.4,2.0,1.0,Buen estado,1951-01-01,8,False,False,False,True,False,4.85,2024-12-18,40-80,5390.32
914,Madrid,Salamanca,Venta,Piso,331249.0,69.7,2.0,1.0,Reformado,1975-01-01,Bajo,True,True,False,False,False,7.06,2025-02-28,40-80,4752.5
915,Madrid,Retiro,Venta,Piso,502706.0,95.9,3.0,2.0,Buen estado,1977-01-01,2,True,True,False,False,False,2.9,2024-10-31,80-120,5241.98
916,Madrid,Arganzuela,Venta,Ático,376721.0,71.9,2.0,1.0,Buen estado,1997-01-01,Ático,True,True,False,True,True,,2025-04-02,40-80,5239.51
917,Madrid,Chamberí,Venta,Piso,361332.0,64.5,2.0,1.0,Buen estado,1990-01-01,4,False,False,False,False,True,5.01,2025-03-12,40-80,5602.05
918,Madrid,Retiro,Venta,Piso,538161.0,99.9,3.0,2.0,Buen estado,1989-01-01,9,True,True,True,False,True,4.1,2025-02-24,80-120,5387.0
919,Madrid,Arganzuela,Alquiler,Piso,394993.0,90.3,3.0,2.0,Buen estado,1994-01-01,8,False,True,False,True,False,5.03,2024-11-12,80-120,4374.23
920,Madrid,Madrid-Centro,Alquiler,Piso,477916.0,92.0,3.0,2.0,Buen estado,1949-01-01,9,False,False,False,False,True,5.43,2024-11-18,80-120,5194.74
921,Madrid,Retiro,Venta,Piso,378619.0,72.0,2.0,1.0,Obra nueva,2019-01-01,5,True,False,False,False,False,7.24,2024-11-15,40-80,5258.6
922,Madrid,Arganzuela,Venta,Piso,488870.0,102.8,3.0,2.0,A reformar,1992-01-01,6,False,True,False,False,False,9.11,2024-12-25,80-120,4755.54
923,Madrid,Madrid-Centro,Alquiler,Piso,242859.0,53.8,2.0,1.0,Buen estado,1969-01-01,4,True,False,False,False,False,6.18,2024-11-16,40-80,4514.11
924,Madrid,Chamberí,Venta,Piso,227257.0,48.1,2.0,1.0,Obra nueva,2022-01-01,9,True,True,True,True,False,6.04,2024-12-16,40-80,4724.68
925,Madrid,Tetuán,Venta,Ático,,,2.0,,Buen estado,1970-01-01,Ático,True,False,False,True,True,3.41,2024-10-15,,
926,Madrid,Retiro,Venta,Piso,261585.0,48.0,2.0,1.0,Buen estado,1955-01-01,9,True,True,False,True,False,4.37,2025-02-06,40-80,5449.69
927,Madrid,Arganzuela,Venta,Piso,536689.0,101.0,3.0,2.0,Buen estado,2007-01-01,7,False,True,False,False,False,4.26,2024-11-13,80-120,5313.75
928,Madrid,Chamberí,Venta,Piso,411430.0,83.7,3.0,2.0,Obra nueva,2018-01-01,4,False,True,False,True,False,3.27,2025-01-22,80-120,4915.53
929,Madrid,Chamberí,Alquiler,Piso,651397.0,66.0,2.0,1.0,Obra nueva,2018-01-01,2,True,False,True,True,True,4.67,2025-01-29,40-80,9869.65
930,Madrid,Tetuán,Venta,Piso,484839.0,96.2,3.0,2.0,Buen estado,1991-01-01,3,False,False,False,True,True,4.89,2025-01-26,80-120,5039.91
931,Madrid,Madrid-Centro,Alquiler,Piso,459295.0,90.3,3.0,2.0,Obra nueva,2023-01-01,5,True,True,True,True,False,7.59,2025-01-17,80-120,5086.32
932,Madrid,Tetuán,Alquiler,Ático,376167.0,82.3,3.0,2.0,Buen estado,2007-01-01,Ático,False,True,True,False,True,7.12,2025-04-07,80-120,4570.68
933,Madrid,Salamanca,Venta,Piso,579725.0,105.2,3.0,2.0,Obra nueva,2018-01-01,3,True,True,False,False,True,4.24,,80-120,5510.69
934,Madrid,Tetuán,Venta,Piso,487762.0,93.1,3.0,2.0,Buen estado,1974-01-01,8,True,True,False,False,False,4.59,2025-03-19,80-120,5239.12
935,Madrid,Salamanca,Venta,Piso,402695.0,75.7,2.0,1.0,Reformado,1971-01-01,4,False,True,False,False,False,5.4,2025-02-04,40-80,5319.62
936,Madrid,Chamberí,Venta,Piso,357897.0,68.7,2.0,1.0,Buen estado,2007-01-01,8,False,True,True,False,True,,2024-11-14,40-80,5209.56
937,Madrid,Madrid-Centro,Alquiler,Piso,345198.0,67.2,2.0,1.0,Obra nueva,2018-01-01,2,True,True,True,True,False,,2025-03-07,40-80,5136.88
938,Madrid,Arganzuela,Venta,Piso,422578.0,84.0,3.0,2.0,Buen estado,1998-01-01,Bajo,True,False,False,False,True,3.89,2024-11-23,80-120,5030.69
939,Madrid,Madrid-Centro,Venta,Piso,337026.0,71.8,2.0,1.0,Buen estado,1983-01-01,7,True,False,False,False,True,6.98,2024-11-01,40-80,4693.96
940,Madrid,Retiro,Venta,Piso,579607.0,110.4,3.0,2.0,Obra nueva,2019-01-01,1,True,True,True,False,False,4.87,2024-11-01,80-120,5250.06
941,Madrid,Salamanca,Alquiler,Piso,417346.0,70.5,2.0,1.0,Buen estado,1993-01-01,6,True,False,False,False,False,6.35,2025-02-16,40-80,5919.8
942,Madrid,Tetuán,Alquiler,Piso,387162.0,86.6,3.0,2.0,Buen estado,2001-01-01,2,False,False,True,False,False,4.18,,80-120,4470.69
943,Madrid,Tetuán,Alquiler,Piso,525357.0,106.9,3.0,2.0,Buen estado,1970-01-01,2,True,False,False,True,False,4.22,2024-11-23,80-120,4914.47
944,Madrid,Arganzuela,Venta,Sin_clasificar,,,1.0,1.0,Obra nueva,2021-01-01,4,True,True,False,False,False,3.61,2025-03-18,,
945,Madrid,Chamberí,Venta,Piso,370725.0,74.6,2.0,1.0,Buen estado,1991-01-01,9,True,True,False,True,False,7.79,2024-12-12,40-80,4969.5
946,Madrid,Salamanca,Venta,Piso,,60.8,2.0,1.0,Buen estado,2004-01-01,Bajo,False,False,False,False,True,4.94,2025-03-13,40-80,
947,Madrid,Madrid-Centro,Venta,Piso,275860.0,59.0,2.0,1.0,Buen estado,1989-01-01,6,True,False,False,False,False,,2025-01-30,40-80,4675.59
948,Madrid,Salamanca,Venta,Sin_clasificar,,,4.0,1.0,Reformado,1989-01-01,4,True,False,True,False,True,7.56,2025-03-16,,
949,Madrid,Arganzuela,Venta,Piso,426149.0,98.5,3.0,2.0,Buen estado,1970-01-01,2,False,False,False,True,False,2.54,2024-10-23,80-120,4326.39
950,Madrid,Arganzuela,Venta,Piso,279400.0,58.3,2.0,1.0,Buen estado,1993-01-01,9,True,True,False,False,True,6.13,2025-03-12,40-80,4792.45
951,Madrid,Retiro,Venta,Piso,276998.0,57.7,2.0,1.0,Buen estado,1992-01-01,2,True,False,False,False,False,5.61,2024-11-19,40-80,4800.66
952,Madrid,Arganzuela,Venta,Piso,514999.0,93.4,3.0,2.0,Buen estado,1986-01-01,9,True,False,False,False,True,2.2,2025-03-01,80-120,5513.91
953,Madrid,Chamberí,Alquiler,Piso,348306.0,73.8,2.0,1.0,Buen estado,2013-01-01,Bajo,True,False,False,False,False,6.87,,40-80,4719.59
954,Madrid,Retiro,Venta,Piso,416030.0,82.6,3.0,2.0,Obra nueva,2021-01-01,8,False,True,False,True,True,7.67,2024-10-25,80-120,5036.68
955,Madrid,Retiro,Venta,Piso,605243.0,116.4,3.0,2.0,Reformado,1974-01-01,5,True,True,False,True,False,3.1,2025-02-20,80-120,5199.68
956,Madrid,Madrid-Centro,Venta,Piso,469057.0,104.5,3.0,2.0,Buen estado,1975-01-01,1,True,True,False,False,False,4.32,2025-03-04,80-120,4488.58
957,Madrid,Arganzuela,Alquiler,Piso,656210.0,130.0,4.0,2.0,Buen estado,1995-01-01,9,True,False,False,False,False,6.65,2025-04-07,120-160,5047.77
958,Madrid,Retiro,Venta,Piso,751692.0,131.8,4.0,2.0,Buen estado,1972-01-01,9,True,True,False,True,False,7.74,2025-03-17,120-160,5703.28
959,Madrid,Retiro,Alquiler,Ático,432183.0,78.1,2.0,1.0,Buen estado,1965-01-01,Ático,False,False,False,True,False,6.59,2025-02-13,40-80,5533.71
960,Madrid,Madrid-Centro,Alquiler,Piso,481352.0,98.4,3.0,2.0,Buen estado,1996-01-01,4,False,False,True,True,False,2.93,2024-11-27,80-120,4891.79
961,Madrid,Salamanca,Venta,Piso,662825.0,125.3,4.0,2.0,Obra nueva,2023-01-01,3,False,True,False,True,False,5.62,2025-03-15,120-160,5289.9
962,Madrid,Madrid-Centro,Venta,Ático,319385.0,62.0,2.0,1.0,Buen estado,1986-01-01,Ático,False,True,False,True,False,3.03,2024-12-02,40-80,5151.37
963,Madrid,Salamanca,Venta,Piso,304914.0,74.8,2.0,1.0,Buen estado,1975-01-01,1,True,True,False,True,True,5.9,2024-12-26,40-80,4076.39
964,Madrid,Retiro,Venta,Ático,415323.0,86.7,3.0,2.0,Buen estado,1986-01-01,Ático,False,True,False,False,True,3.7,2025-01-02,80-120,4790.35
965,Madrid,Retiro,Venta,Piso,538753.0,106.0,3.0,2.0,A reformar,1986-01-01,2,False,True,False,True,False,5.43,2024-11-27,80-120,5082.58
966,Madrid,Retiro,Alquiler,Piso,431839.0,92.8,3.0,2.0,Buen estado,1982-01-01,7,False,True,False,True,False,4.84,2024-10-18,80-120,4653.44
967,Madrid,Arganzuela,Venta,Piso,508300.0,96.2,3.0,2.0,Buen estado,1985-01-01,8,True,True,False,True,False,5.22,2025-01-02,80-120,5283.78
968,Madrid,Madrid-Centro,Alquiler,Piso,360856.0,79.1,2.0,1.0,Obra nueva,2022-01-01,4,False,True,True,False,False,,2025-03-02,40-80,4562.02
969,Madrid,Arganzuela,Venta,Piso,383973.0,85.8,3.0,2.0,Buen estado,1972-01-01,9,False,True,False,False,False,,2025-04-02,80-120,4475.21
970,Madrid,Retiro,Alquiler,Piso,492761.0,90.7,3.0,2.0,Buen estado,1971-01-01,2,False,True,False,False,True,5.84,2024-12-19,80-120,5432.87
971,Madrid,Salamanca,Venta,Piso,383932.0,65.0,2.0,1.0,Buen estado,1981-01-01,2,False,True,False,False,True,4.62,2025-03-04,40-80,5906.65
972,Madrid,Tetuán,Venta,Sin_clasificar,,,2.0,,Reformado,1977-01-01,4,True,True,True,True,False,6.34,,,
973,Madrid,Retiro,Alquiler,Piso,454271.0,74.8,2.0,1.0,Buen estado,1987-01-01,3,False,True,False,False,False,6.93,2025-01-12,40-80,6073.14
974,Madrid,Madrid-Centro,Alquiler,Piso,404466.0,70.3,2.0,1.0,Buen estado,1984-01-01,2,True,True,False,False,False,2.29,2024-11-06,40-80,5753.43
975,Madrid,Retiro,Alquiler,Piso,527421.0,102.3,3.0,2.0,Reformado,1975-01-01,7,True,True,False,True,False,5.81,2025-02-15,80-120,5155.63
976,Madrid,Salamanca,Alquiler,Piso,456461.0,82.4,3.0,2.0,Buen estado,1955-01-01,5,True,True,True,True,False,6.83,2025-02-09,80-120,5539.58
977,Madrid,Arganzuela,Alquiler,Piso,375296.0,71.0,2.0,1.0,Buen estado,2002-01-01,1,True,True,False,False,False,5.82,2025-02-18,40-80,5285.86
978,Madrid,Arganzuela,Alquiler,Piso,425616.0,83.9,3.0,2.0,Buen estado,1955-01-01,6,True,True,True,True,False,5.32,2025-02-19,80-120,5072.9
979,Madrid,Salamanca,Venta,Piso,347779.0,64.4,2.0,1.0,Buen estado,1991-01-01,9,True,True,False,False,True,5.54,2024-10-31,40-80,5400.3
980,Madrid,Retiro,Venta,Ático,372949.0,82.8,3.0,2.0,Buen estado,1962-01-01,Ático,True,True,False,True,True,3.17,2024-12-27,80-120,4504.21
981,Madrid,Salamanca,Venta,Sin_clasificar,,,2.0,1.0,Reformado,1972-01-01,5,False,False,False,False,False,5.79,2024-11-29,,
982,Madrid,Chamberí,Venta,Piso,559870.0,121.1,4.0,2.0,Obra nueva,2023-01-01,1,True,True,True,True,True,6.14,2024-12-17,120-160,4623.2
983,Madrid,Chamberí,Venta,Piso,484424.0,88.9,3.0,2.0,A reformar,1992-01-01,8,True,True,False,False,True,6.88,2025-02-17,80-120,5449.09
984,Madrid,Salamanca,Venta,Piso,376756.0,82.2,3.0,2.0,Buen estado,1966-01-01,2,False,True,False,False,True,5.74,2025-04-07,80-120,4583.41
985,Madrid,Retiro,Venta,Piso,361825.0,63.0,2.0,1.0,Buen estado,1995-01-01,5,True,False,False,True,True,4.67,2025-02-24,40-80,5743.25
986,Madrid,Madrid-Centro,Venta,Piso,253514.0,66.4,2.0,1.0,Reformado,1995-01-01,Bajo,False,True,True,False,False,8.01,2024-11-05,40-80,3817.98
987,Madrid,Madrid-Centro,Venta,Piso,418985.0,80.5,3.0,2.0,Buen estado,1997-01-01,9,True,False,False,False,True,5.23,2025-03-09,80-120,5204.78
988,Madrid,Arganzuela,Alquiler,Piso,774284.0,87.3,3.0,2.0,Buen estado,1974-01-01,4,True,False,False,False,False,6.05,2025-01-02,80-120,8869.23
989,Madrid,Chamberí,Alquiler,Piso,,84.0,3.0,2.0,Buen estado,1990-01-01,7,True,False,False,True,True,7.74,2025-03-03,80-120,
990,Madrid,Chamberí,Venta,Piso,998925.0,206.71,6.0,3.0,Buen estado,1972-01-01,1,True,True,False,False,True,5.25,2025-02-02,200-240,4832.49
991,Madrid,Retiro,Venta,Piso,562235.0,111.9,3.0,2.0,Buen estado,1993-01-01,3,True,True,True,True,False,3.02,2024-12-05,80-120,5024.44
992,Madrid,Chamberí,Alquiler,Piso,284250.0,57.6,2.0,1.0,Reformado,2001-01-01,6,True,True,False,True,True,4.25,2024-11-24,40-80,4934.9
993,Madrid,Arganzuela,Alquiler,Piso,403831.0,85.7,3.0,2.0,Reformado,1978-01-01,5,True,False,True,False,False,4.99,,80-120,4712.15
994,Madrid,Madrid-Centro,Venta,Piso,,78.9,2.0,1.0,Buen estado,1969-01-01,7,True,True,False,False,True,6.41,2024-11-21,40-80,
995,Madrid,Retiro,Alquiler,Piso,338335.0,70.0,2.0,1.0,Buen estado,1975-01-01,1,False,False,True,False,True,6.25,2025-01-20,40-80,4833.36
996,Madrid,Arganzuela,Alquiler,Piso,329769.0,76.7,2.0,1.0,Buen estado,1988-01-01,4,True,False,False,True,False,3.53,2025-02-22,40-80,4299.47
997,Madrid,Madrid-Centro,Venta,Piso,329068.0,61.1,2.0,1.0,Buen estado,2003-01-01,8,True,False,False,False,True,5.59,2024-11-18,40-80,5385.73
998,Madrid,Madrid-Centro,Venta,Piso,,99.9,3.0,2.0,Obra nueva,2022-01-01,6,True,True,True,False,True,6.16,2025-01-28,80-120,
999,Madrid,Tetuán,Alquiler,Ático,246287.0,42.8,2.0,1.0,Buen estado,2005-01-01,Ático,False,False,False,False,False,2.26,2025-03-29,40-80,5754.37
1000,Madrid,Salamanca,Alquiler,Piso,517941.0,98.9,3.0,2.0,Obra nueva,2018-01-01,9,True,False,False,True,False,4.74,2025-03-10,80-120,5237.02
1001,Madrid,Madrid-Centro,Venta,Piso,391875.0,76.3,2.0,1.0,Buen estado,1976-01-01,4,True,False,False,False,False,2.03,2025-01-20,40-80,5135.98
1002,Madrid,Salamanca,Venta,Piso,323018.0,60.0,2.0,1.0,Buen estado,1969-01-01,6,True,True,False,False,True,4.1,2024-12-31,40-80,5383.63
1003,Madrid,Madrid-Centro,Venta,Piso,374559.0,69.0,2.0,1.0,Buen estado,1978-01-01,2,True,False,False,False,False,3.39,2025-03-06,40-80,5428.39
1004,Madrid,Arganzuela,Alquiler,Piso,467927.0,83.6,3.0,2.0,Buen estado,1976-01-01,7,False,False,False,False,False,4.84,2025-02-22,80-120,5597.21
1005,Madrid,Retiro,Venta,Ático,514736.0,91.8,3.0,2.0,Buen estado,1995-01-01,Ático,True,False,False,False,False,3.71,2024-12-29,80-120,5607.15
1006,Madrid,Retiro,Venta,Piso,425001.0,90.2,3.0,2.0,Buen estado,1965-01-01,6,True,False,False,False,False,6.66,2025-01-05,80-120,4711.76
1007,Madrid,Salamanca,Venta,Piso,324338.0,88.6,3.0,2.0,Buen estado,1981-01-01,2,False,True,False,True,False,3.47,2024-12-23,80-120,3660.7
1008,Madrid,Salamanca,Venta,Piso,408739.0,81.9,3.0,2.0,Buen estado,1992-01-01,8,True,True,True,False,False,4.05,2025-01-08,80-120,4990.71
1009,Madrid,Salamanca,Alquiler,Piso,503655.0,113.5,3.0,2.0,Buen estado,1979-01-01,9,False,True,False,False,False,4.11,2025-01-17,80-120,4437.49
1010,Madrid,Arganzuela,Venta,Piso,594783.0,121.83,4.0,2.0,Buen estado,1967-01-01,8,True,True,False,True,False,5.38,,120-160,4882.07
1011,Madrid,Arganzuela,Venta,Piso,420699.0,87.3,3.0,2.0,Buen estado,1994-01-01,5,True,False,False,True,True,,2025-01-23,80-120,4819.0
1012,Madrid,Chamberí,Venta,Piso,240138.0,61.5,2.0,1.0,Buen estado,1974-01-01,Bajo,True,True,False,True,False,4.5,2024-10-27,40-80,3904.68
1013,Madrid,Arganzuela,Venta,Piso,642422.0,117.3,3.0,2.0,Buen estado,1992-01-01,6,False,False,False,False,True,4.27,2024-11-12,80-120,5476.74
1014,Madrid,Salamanca,Venta,Piso,381757.0,78.9,2.0,1.0,Reformado,1999-01-01,9,False,False,False,True,False,3.03,2025-01-25,40-80,4838.49
1015,Madrid,Tetuán,Venta,Piso,501954.0,97.4,3.0,2.0,Buen estado,2001-01-01,7,True,False,False,True,False,5.95,2025-01-15,80-120,5153.53
1016,Madrid,Retiro,Venta,Piso,372402.0,76.1,2.0,1.0,Buen estado,1988-01-01,7,True,False,False,False,True,3.14,2024-12-08,40-80,4893.59
1017,Madrid,Arganzuela,Venta,Piso,,70.0,2.0,1.0,Buen estado,1960-01-01,5,True,False,True,True,True,4.53,2024-10-17,40-80,
1018,Madrid,Salamanca,Venta,Piso,426703.0,77.1,2.0,1.0,Buen estado,1982-01-01,7,True,False,False,False,True,5.17,2025-04-03,40-80,5534.41
1019,Madrid,Salamanca,Venta,Piso,478836.0,101.6,3.0,2.0,A reformar,1989-01-01,4,False,False,False,False,False,6.23,2025-02-05,80-120,4712.95
1020,Madrid,Tetuán,Venta,Piso,532974.0,97.9,3.0,2.0,Buen estado,1993-01-01,7,True,False,True,False,False,5.19,2025-03-19,80-120,5444.07
1021,Madrid,Arganzuela,Venta,Piso,462760.0,96.9,3.0,2.0,Buen estado,1984-01-01,8,False,True,False,False,False,6.19,2025-03-06,80-120,4775.64
1022,Madrid,Retiro,Venta,Piso,502195.0,105.8,3.0,2.0,Buen estado,1992-01-01,Bajo,True,True,False,True,False,3.05,,80-120,4746.64
1023,Madrid,Madrid-Centro,Venta,Piso,266885.0,46.1,2.0,1.0,Obra nueva,2021-01-01,5,True,False,False,False,False,6.12,2024-12-23,40-80,5789.26
1024,Madrid,Retiro,Venta,Piso,,85.3,3.0,2.0,Buen estado,1969-01-01,4,True,True,False,False,True,9.04,2025-03-02,80-120,
1025,Madrid,Retiro,Venta,Piso,503812.0,91.5,3.0,2.0,Buen estado,1959-01-01,Bajo,False,True,False,False,False,3.8,2025-03-26,80-120,5506.14
1026,Madrid,Retiro,Alquiler,Sin_clasificar,,,4.0,1.0,Buen estado,1954-01-01,1,True,False,True,True,False,8.5,2024-11-10,,
1027,Madrid,Tetuán,Venta,Piso,505684.0,86.7,3.0,2.0,Buen estado,1973-01-01,9,True,False,False,False,False,5.69,2024-12-19,80-120,5832.57
1028,Madrid,Retiro,Alquiler,Piso,605868.0,109.1,3.0,2.0,Buen estado,1982-01-01,2,True,False,False,False,False,6.07,2025-03-09,80-120,5553.33
1029,Madrid,Arganzuela,Venta,Piso,371208.0,72.2,2.0,1.0,Obra nueva,2020-01-01,3,True,False,False,False,False,4.16,2025-02-10,40-80,5141.39
1030,Madrid,Chamberí,Alquiler,Piso,704344.0,122.11,4.0,2.0,Buen estado,1993-01-01,1,True,True,True,True,False,4.09,2024-11-15,120-160,5768.11
1031,Madrid,Tetuán,Alquiler,Piso,412575.0,79.2,2.0,1.0,Buen estado,2007-01-01,6,True,False,False,True,False,3.62,2025-01-15,40-80,5209.28
1032,Madrid,Chamberí,Venta,Piso,257110.0,58.4,2.0,1.0,Buen estado,1964-01-01,9,False,True,False,True,False,7.94,2025-01-05,40-80,4402.57
1033,Madrid,Salamanca,Venta,Piso,452992.0,94.9,3.0,2.0,Buen estado,1981-01-01,2,True,True,False,False,False,3.99,2025-02-04,80-120,4773.36
1034,Madrid,Madrid-Centro,Venta,Piso,426187.0,82.2,3.0,2.0,Reformado,1981-01-01,8,True,True,False,False,True,5.64,2024-12-07,80-120,5184.76
1035,Madrid,Madrid-Centro,Venta,Piso,362977.0,70.3,2.0,1.0,Buen estado,1974-01-01,8,True,True,False,False,False,6.55,2025-01-28,40-80,5163.26
1036,Madrid,Salamanca,Venta,Piso,372277.0,75.2,2.0,1.0,Buen estado,1982-01-01,5,True,True,False,True,False,4.29,2025-02-21,40-80,4950.49
1037,Madrid,Arganzuela,Alquiler,Piso,587665.0,116.3,3.0,2.0,Buen estado,1970-01-01,5,True,True,False,True,False,4.6,,80-120,5053.01
1038,Madrid,Tetuán,Alquiler,Piso,414434.0,84.3,3.0,2.0,Buen estado,1988-01-01,4,True,False,False,True,True,5.39,2024-11-03,80-120,4916.18
1039,Madrid,Retiro,Venta,Piso,297297.0,63.6,2.0,1.0,Obra nueva,2023-01-01,3,True,True,False,False,False,5.77,2025-03-30,40-80,4674.48
1040,Madrid,Tetuán,Alquiler,Piso,388274.0,94.9,3.0,2.0,Buen estado,2001-01-01,2,True,True,False,False,True,2.64,2024-12-28,80-120,4091.4
1041,Madrid,Tetuán,Venta,Piso,328664.0,61.4,2.0,1.0,Buen estado,1956-01-01,6,True,False,False,False,False,4.63,2024-11-03,40-80,5352.83
1042,Madrid,Tetuán,Venta,Piso,397170.0,71.6,2.0,1.0,Buen estado,1962-01-01,4,False,False,False,False,False,3.61,,40-80,5547.07
1043,Madrid,Chamberí,Venta,Piso,228672.0,50.9,2.0,1.0,Buen estado,1960-01-01,9,True,False,False,True,False,6.05,2025-03-26,40-80,4492.57
1044,Madrid,Chamberí,Alquiler,Piso,295813.0,62.0,2.0,1.0,Obra nueva,2018-01-01,1,True,True,False,True,True,7.08,2025-03-12,40-80,4771.18
1045,Madrid,Chamberí,Venta,Piso,467310.0,88.3,3.0,2.0,Buen estado,1980-01-01,2,True,True,False,True,False,6.56,2024-11-06,80-120,5292.3
1046,Madrid,Arganzuela,Venta,Piso,494152.0,109.5,3.0,2.0,Buen estado,1992-01-01,1,True,True,False,False,False,6.01,2025-03-21,80-120,4512.8
1047,Madrid,Madrid-Centro,Alquiler,Ático,342500.0,75.8,2.0,1.0,Buen estado,1966-01-01,Ático,True,False,True,True,False,4.5,2024-12-30,40-80,4518.47
1048,Madrid,Retiro,Venta,Piso,404231.0,82.7,3.0,2.0,Obra nueva,2021-01-01,6,True,True,False,False,True,4.8,,80-120,4887.92
1049,Madrid,Salamanca,Venta,Piso,372638.0,80.1,3.0,2.0,Buen estado,1979-01-01,1,False,True,False,True,True,3.54,2025-02-11,80-120,4652.16
1050,Madrid,Chamberí,Venta,Piso,504067.0,92.9,3.0,2.0,Buen estado,1987-01-01,2,True,False,False,False,False,6.13,2025-02-24,80-120,5425.91
1051,Madrid,Madrid-Centro,Venta,Piso,485010.0,88.0,3.0,2.0,Reformado,1995-01-01,4,False,False,False,False,False,6.61,2024-11-04,80-120,5511.48
1052,Madrid,Salamanca,Venta,Piso,298743.0,69.4,2.0,1.0,Buen estado,1975-01-01,7,True,False,False,False,False,6.71,2024-10-13,40-80,4304.65
1053,Madrid,Madrid-Centro,Venta,Ático,321248.0,61.8,2.0,1.0,Reformado,1990-01-01,Ático,True,False,True,False,False,6.29,2025-01-16,40-80,5198.19
1054,Madrid,Retiro,Venta,Piso,225786.0,46.6,2.0,1.0,Buen estado,1986-01-01,Bajo,True,True,True,False,True,4.6,2025-02-17,40-80,4845.19
1055,Madrid,Arganzuela,Alquiler,Sin_clasificar,,,4.0,1.0,Buen estado,1973-01-01,1,False,False,False,True,False,5.39,2025-02-24,,
1056,Madrid,Chamberí,Venta,Piso,455809.0,104.6,3.0,2.0,Obra nueva,2021-01-01,1,True,False,True,True,True,5.29,2025-03-03,80-120,4357.64
1057,Madrid,Tetuán,Alquiler,Piso,484818.0,95.1,3.0,2.0,Buen estado,1958-01-01,6,True,False,False,False,False,6.49,2024-10-23,80-120,5097.98
1058,Madrid,Arganzuela,Alquiler,Piso,530900.0,113.6,3.0,2.0,Buen estado,1980-01-01,5,False,True,True,False,False,0.89,2024-10-29,80-120,4673.42
1059,Madrid,Madrid-Centro,Alquiler,Piso,471991.0,83.5,3.0,2.0,Buen estado,1968-01-01,8,True,False,False,False,False,7.35,,80-120,5652.59
1060,Madrid,Madrid-Centro,Venta,Piso,407196.0,94.8,3.0,2.0,Buen estado,1995-01-01,1,True,False,False,False,False,6.32,2025-03-19,80-120,4295.32
1061,Madrid,Arganzuela,Venta,Piso,443331.0,75.6,2.0,1.0,Buen estado,1991-01-01,3,True,False,False,False,True,4.24,2024-11-13,40-80,5864.17
1062,Madrid,Salamanca,Venta,Piso,518075.0,88.4,3.0,2.0,Buen estado,1995-01-01,7,True,False,True,True,True,2.95,2025-01-16,80-120,5860.58
1063,Madrid,Salamanca,Alquiler,Piso,429178.0,80.9,3.0,2.0,Buen estado,1972-01-01,7,False,True,True,False,True,5.13,2024-10-13,80-120,5305.04
1064,Madrid,Salamanca,Venta,Piso,387727.0,68.3,2.0,1.0,Obra nueva,2021-01-01,1,True,True,True,False,True,5.04,2024-12-02,40-80,5676.82
1065,Madrid,Arganzuela,Venta,Piso,283269.0,54.9,2.0,1.0,Buen estado,1993-01-01,8,False,True,False,True,True,5.85,2024-11-16,40-80,5159.73
1066,Madrid,Arganzuela,Venta,Piso,279598.0,62.8,2.0,1.0,Buen estado,1972-01-01,2,False,True,False,False,False,4.86,2025-02-11,40-80,4452.2
1067,Madrid,Arganzuela,Venta,Sin_clasificar,,,4.0,1.0,Buen estado,1960-01-01,3,True,True,False,False,True,3.93,2025-04-06,,
1068,Madrid,Arganzuela,Venta,Piso,518482.0,113.2,3.0,2.0,Buen estado,1978-01-01,4,True,False,False,False,False,5.87,2024-11-02,80-120,4580.23
1069,Madrid,Madrid-Centro,Venta,Piso,425450.0,101.1,3.0,2.0,Buen estado,1992-01-01,1,True,False,False,False,False,4.74,2024-11-07,80-120,4208.21
1070,Madrid,Madrid-Centro,Venta,Piso,334849.0,57.9,2.0,1.0,Buen estado,1969-01-01,3,True,True,True,False,True,4.04,2025-01-26,40-80,5783.23
1071,Madrid,Retiro,Alquiler,Piso,330324.0,60.4,2.0,1.0,Buen estado,1970-01-01,5,True,False,False,False,True,1.71,2024-11-08,40-80,5468.94
1072,Madrid,Arganzuela,Venta,Piso,415342.0,84.6,3.0,2.0,Obra nueva,2019-01-01,Bajo,False,True,True,True,True,5.91,2025-03-09,80-120,4909.48
1073,Madrid,Chamberí,Venta,Piso,384665.0,82.4,3.0,2.0,Buen estado,1989-01-01,6,False,True,True,False,False,5.37,2024-11-21,80-120,4668.26
1074,Madrid,Arganzuela,Venta,Piso,505189.0,108.9,3.0,2.0,Buen estado,1986-01-01,9,False,True,True,True,True,6.05,2024-10-19,80-120,4639.02
1075,Madrid,Chamberí,Venta,Piso,411575.0,85.1,3.0,2.0,Buen estado,2002-01-01,2,True,True,True,True,False,5.97,2024-10-13,80-120,4836.37
1076,Madrid,Madrid-Centro,Venta,Ático,253376.0,50.6,2.0,1.0,Reformado,1965-01-01,Ático,True,True,False,False,False,8.01,2025-03-09,40-80,5007.43
1077,Madrid,Retiro,Venta,Piso,220794.0,54.4,2.0,1.0,Obra nueva,2023-01-01,2,True,False,False,True,True,5.23,2024-11-30,40-80,4058.71
1078,Madrid,Chamberí,Venta,Piso,389653.0,66.8,2.0,1.0,Buen estado,1961-01-01,2,True,False,False,False,False,4.92,2025-03-14,40-80,5833.13
1079,Madrid,Arganzuela,Venta,Piso,500435.0,98.6,3.0,2.0,Buen estado,1982-01-01,1,True,False,False,True,False,4.88,2025-03-18,80-120,5075.41
1080,Madrid,Retiro,Venta,Piso,394523.0,70.9,2.0,1.0,Buen estado,1975-01-01,1,False,False,False,False,False,4.5,2025-02-21,40-80,5564.5
1081,Madrid,Salamanca,Venta,Piso,389252.0,71.2,2.0,1.0,A reformar,1985-01-01,8,True,False,False,True,True,4.83,2024-12-04,40-80,5467.02
1082,Madrid,Madrid-Centro,Alquiler,Piso,411698.0,79.9,2.0,1.0,Buen estado,1987-01-01,3,False,False,False,False,True,,2024-11-06,40-80,5152.67
1083,Madrid,Chamberí,Venta,Piso,548085.0,101.0,3.0,2.0,Buen estado,1968-01-01,2,False,True,True,True,True,5.52,2024-11-18,80-120,5426.58
1084,Madrid,Arganzuela,Alquiler,Piso,,117.6,3.0,2.0,Buen estado,1961-01-01,3,True,False,True,True,False,6.42,2025-01-28,80-120,
1085,Madrid,Retiro,Venta,Piso,260880.0,62.9,2.0,1.0,Obra nueva,2018-01-01,1,False,True,False,True,True,3.08,,40-80,4147.54
1086,Madrid,Tetuán,Venta,Piso,432117.0,77.6,2.0,1.0,Buen estado,2003-01-01,1,True,True,False,False,False,3.58,2024-10-27,40-80,5568.52
1087,Madrid,Chamberí,Alquiler,Piso,306314.0,54.2,2.0,1.0,Buen estado,1997-01-01,3,True,True,False,False,False,3.52,2025-03-31,40-80,5651.55
1088,Madrid,Retiro,Venta,Piso,477687.0,96.2,3.0,2.0,Buen estado,1989-01-01,3,False,True,False,False,False,4.6,2025-01-22,80-120,4965.56
1089,Madrid,Chamberí,Venta,Piso,427016.0,80.7,3.0,2.0,Buen estado,2002-01-01,7,False,False,False,True,False,4.91,2024-10-22,80-120,5291.4
1090,Madrid,Madrid-Centro,Venta,Piso,379937.0,83.2,3.0,2.0,Buen estado,1981-01-01,6,False,False,False,False,False,3.13,2025-01-12,80-120,4566.55
1091,Madrid,Chamberí,Venta,Piso,309206.0,62.1,2.0,1.0,Buen estado,1960-01-01,4,True,False,False,False,False,5.82,2024-11-29,40-80,4979.16
1092,Madrid,Retiro,Venta,Piso,446299.0,75.3,2.0,1.0,Buen estado,2001-01-01,2,False,False,False,False,False,6.9,,40-80,5926.95
1093,Madrid,Madrid-Centro,Venta,Piso,396055.0,80.0,3.0,2.0,Buen estado,1977-01-01,4,True,False,False,False,False,3.33,2025-03-12,80-120,4950.69
1094,Madrid,Chamberí,Alquiler,Piso,408176.0,74.8,2.0,1.0,Buen estado,2000-01-01,2,True,False,True,False,False,5.47,2025-03-05,40-80,5456.9
1095,Madrid,Tetuán,Alquiler,Piso,326986.0,61.2,2.0,1.0,Reformado,1996-01-01,7,True,True,False,True,True,5.8,2024-12-03,40-80,5342.91
1096,Madrid,Tetuán,Venta,Piso,370476.0,79.3,2.0,1.0,Buen estado,1991-01-01,6,True,True,True,True,True,3.92,2024-12-11,40-80,4671.83
1097,Madrid,Chamberí,Venta,Piso,535859.0,95.1,3.0,2.0,Reformado,2010-01-01,9,True,False,False,False,False,4.34,2024-11-16,80-120,5634.69
1098,Madrid,Tetuán,Alquiler,Piso,412263.0,73.9,2.0,1.0,Buen estado,1980-01-01,7,False,True,True,True,False,5.82,2025-02-15,40-80,5578.66
1099,Madrid,Salamanca,Venta,Piso,461332.0,79.7,2.0,1.0,Obra nueva,2023-01-01,1,True,True,False,True,False,6.41,2025-02-01,40-80,5788.36
1100,Madrid,Madrid-Centro,Venta,Piso,309670.0,72.1,2.0,1.0,Buen estado,1992-01-01,6,False,False,False,True,True,4.55,2024-12-03,40-80,4295.01
1101,Madrid,Chamberí,Venta,Piso,361104.0,67.9,2.0,1.0,A reformar,1947-01-01,Bajo,False,False,False,True,True,4.21,2025-02-08,40-80,5318.17
1102,Madrid,Arganzuela,Venta,Piso,334748.0,60.7,2.0,1.0,Reformado,2002-01-01,9,False,True,False,False,False,5.17,2024-10-15,40-80,5514.79
1103,Madrid,Madrid-Centro,Venta,Piso,469018.0,87.3,3.0,2.0,Obra nueva,2019-01-01,5,True,False,False,True,False,7.58,2025-03-18,80-120,5372.49
1104,Madrid,Madrid-Centro,Alquiler,Piso,279031.0,56.5,2.0,1.0,Buen estado,1994-01-01,6,True,False,False,True,False,7.99,2025-04-03,40-80,4938.6
1105,Madrid,Retiro,Venta,Piso,409870.0,79.2,2.0,1.0,Obra nueva,2023-01-01,9,True,True,False,True,True,5.88,2025-02-24,40-80,5175.13
1106,Madrid,Tetuán,Alquiler,Piso,339839.0,59.8,2.0,1.0,Buen estado,1997-01-01,5,True,True,False,True,False,4.57,2024-10-23,40-80,5682.93
1107,Madrid,Tetuán,Alquiler,Piso,453976.0,82.9,3.0,2.0,Reformado,1963-01-01,1,True,False,False,True,False,5.2,2025-01-15,80-120,5476.19
1108,Madrid,Retiro,Venta,Ático,133334.0,41.2,2.0,1.0,Buen estado,2005-01-01,Ático,False,False,False,True,False,6.43,,40-80,3236.26
1109,Madrid,Arganzuela,Venta,Piso,529061.0,83.8,3.0,2.0,Buen estado,1976-01-01,5,True,False,False,False,False,4.64,2024-12-09,80-120,6313.38
1110,Madrid,Tetuán,Venta,Piso,357954.0,67.6,2.0,1.0,Reformado,2002-01-01,9,True,True,False,False,False,5.2,2025-04-06,40-80,5295.18
1111,Madrid,Chamberí,Alquiler,Sin_clasificar,,,5.0,1.0,Buen estado,1974-01-01,4,False,False,False,True,True,2.7,2025-02-14,,
1112,Madrid,Arganzuela,Venta,Piso,447418.0,88.8,3.0,2.0,Buen estado,2008-01-01,7,True,False,False,True,True,4.18,2025-02-10,80-120,5038.49
1113,Madrid,Tetuán,Venta,Piso,441118.0,75.4,2.0,1.0,Obra nueva,2023-01-01,8,True,True,False,True,True,1.96,2024-12-22,40-80,5850.37
1114,Madrid,Madrid-Centro,Venta,Sin_clasificar,,,2.0,1.0,Reformado,1965-01-01,1,True,True,False,False,True,3.55,2024-11-26,,
1115,Madrid,Madrid-Centro,Venta,Sin_clasificar,,,2.0,1.0,Buen estado,1989-01-01,1,True,False,False,True,False,2.91,2024-11-05,,
1116,Madrid,Chamberí,Venta,Piso,484756.0,84.0,3.0,2.0,Buen estado,1990-01-01,3,False,False,False,True,False,3.9,2025-02-19,80-120,5770.9
1117,Madrid,Arganzuela,Venta,Piso,578086.0,109.5,3.0,2.0,Buen estado,1977-01-01,2,True,False,True,False,False,4.67,2025-02-07,80-120,5279.32
1118,Madrid,Retiro,Venta,Piso,362324.0,85.8,3.0,2.0,Buen estado,1999-01-01,3,True,False,False,False,False,3.08,2024-10-25,80-120,4222.89
1119,Madrid,Salamanca,Alquiler,Ático,574107.0,108.2,3.0,2.0,Reformado,1983-01-01,Ático,False,False,False,True,False,4.96,2025-01-02,80-120,5305.98
1120,Madrid,Madrid-Centro,Venta,Piso,372786.0,81.9,3.0,2.0,Obra nueva,2021-01-01,9,False,True,True,False,True,5.44,2025-03-28,80-120,4551.72
1121,Madrid,Arganzuela,Venta,Piso,763727.0,143.2,4.0,2.0,Buen estado,1992-01-01,9,True,False,False,True,False,2.67,2024-11-11,120-160,5333.29
1122,Madrid,Retiro,Venta,Piso,366379.0,81.6,3.0,2.0,Buen estado,1965-01-01,4,True,True,False,False,False,7.31,2024-10-21,80-120,4489.94
1123,Madrid,Chamberí,Venta,Piso,535729.0,107.6,3.0,2.0,Buen estado,1970-01-01,2,True,False,False,False,False,4.61,2025-02-23,80-120,4978.89
1124,Madrid,Retiro,Venta,Piso,464490.0,77.5,2.0,1.0,Obra nueva,2023-01-01,2,False,True,False,True,False,3.75,2024-11-19,40-80,5993.42
1125,Madrid,Chamberí,Venta,Piso,228406.0,44.5,2.0,1.0,Buen estado,1996-01-01,7,False,False,False,False,False,3.95,2024-12-14,40-80,5132.72
1126,Madrid,Retiro,Venta,Piso,502119.0,81.7,3.0,2.0,Buen estado,1990-01-01,5,True,False,False,True,False,7.21,2025-01-05,80-120,6145.89
1127,Madrid,Chamberí,Venta,Estudio,185287.0,39.9,0.0,1.0,Buen estado,1990-01-01,4,False,False,True,False,True,5.62,2024-11-09,0-40,4643.78
1128,Madrid,Salamanca,Venta,Piso,381870.0,80.6,3.0,2.0,Buen estado,1961-01-01,7,True,False,False,False,False,2.19,,80-120,4737.84
1129,Madrid,Chamberí,Venta,Piso,233875.0,50.3,2.0,1.0,A reformar,1960-01-01,5,True,False,True,False,True,4.92,2025-03-23,40-80,4649.6
1130,Madrid,Arganzuela,Venta,Piso,475586.0,87.4,3.0,2.0,A reformar,1989-01-01,9,False,False,False,False,False,,2025-03-28,80-120,5441.49
1131,Madrid,Chamberí,Alquiler,Piso,394397.0,78.7,2.0,1.0,Reformado,1984-01-01,5,True,True,True,False,False,6.23,2025-04-03,40-80,5011.4
1132,Madrid,Salamanca,Alquiler,Piso,391161.0,82.1,3.0,2.0,Buen estado,1962-01-01,8,False,True,False,True,True,3.44,2024-11-07,80-120,4764.45
1133,Madrid,Retiro,Venta,Piso,432547.0,82.3,3.0,2.0,Buen estado,2005-01-01,5,True,True,True,False,False,1.21,2024-11-01,80-120,5255.74
1134,Madrid,Retiro,Venta,Piso,425621.0,76.7,2.0,1.0,Buen estado,1994-01-01,3,False,False,True,False,False,4.92,,40-80,5549.17
1135,Madrid,Chamberí,Venta,Ático,357455.0,67.5,2.0,1.0,Buen estado,1985-01-01,Ático,True,False,False,True,False,8.6,2024-10-31,40-80,5295.63
1136,Madrid,Tetuán,Venta,Piso,372774.0,69.6,2.0,1.0,Buen estado,1974-01-01,8,True,False,True,True,False,4.68,2024-10-23,40-80,5355.95
1137,Madrid,Arganzuela,Venta,Piso,497138.0,104.4,3.0,2.0,Reformado,1973-01-01,5,True,True,False,True,False,3.68,,80-120,4761.86
1138,Madrid,Retiro,Venta,Piso,286569.0,63.7,2.0,1.0,Buen estado,1966-01-01,7,False,False,False,True,True,5.26,2025-03-01,40-80,4498.73
1139,Madrid,Salamanca,Venta,Piso,420044.0,83.9,3.0,2.0,Obra nueva,2021-01-01,7,False,True,False,False,False,,2024-12-21,80-120,5006.48
1140,Madrid,Chamberí,Alquiler,Piso,414619.0,100.3,3.0,2.0,Buen estado,1960-01-01,6,True,False,False,False,True,3.78,2024-11-13,80-120,4133.79
1141,Madrid,Tetuán,Venta,Piso,,90.0,3.0,2.0,Buen estado,1967-01-01,8,True,False,False,True,False,3.84,2025-01-02,80-120,
1142,Madrid,Salamanca,Alquiler,Piso,256562.0,54.2,2.0,1.0,Buen estado,1960-01-01,Bajo,False,False,False,False,True,4.87,2025-01-21,40-80,4733.62
1143,Madrid,Arganzuela,Alquiler,Piso,,47.0,2.0,1.0,Buen estado,1971-01-01,9,True,True,True,False,True,4.95,2024-11-13,40-80,
1144,Madrid,Chamberí,Venta,Piso,416352.0,74.6,2.0,1.0,Buen estado,1976-01-01,Bajo,True,False,True,False,False,4.47,,40-80,5581.13
1145,Madrid,Tetuán,Venta,Piso,322577.0,53.5,2.0,1.0,Buen estado,1984-01-01,Bajo,False,True,False,True,True,6.96,2024-10-09,40-80,6029.48
1146,Madrid,Chamberí,Venta,Piso,582476.0,112.6,3.0,2.0,Obra nueva,2021-01-01,1,True,False,False,True,False,4.39,2025-03-25,80-120,5172.97
1147,Madrid,Arganzuela,Alquiler,Ático,486009.0,95.9,3.0,2.0,Buen estado,1962-01-01,Ático,False,False,False,False,False,,2024-12-10,80-120,5067.87
1148,Madrid,Salamanca,Venta,Piso,590631.0,116.5,3.0,2.0,A reformar,1993-01-01,1,False,False,False,False,True,2.95,2025-03-11,80-120,5069.79
1149,Madrid,Arganzuela,Venta,Piso,423872.0,91.8,3.0,2.0,Buen estado,2014-01-01,4,True,False,False,False,False,4.32,2025-03-18,80-120,4617.34
1150,Madrid,Arganzuela,Venta,Piso,475905.0,92.5,3.0,2.0,Buen estado,1983-01-01,8,True,True,False,False,True,1.82,2025-03-05,80-120,5144.92
1151,Madrid,Salamanca,Alquiler,Piso,375341.0,73.4,2.0,1.0,Buen estado,1982-01-01,5,False,False,False,False,True,5.54,2025-02-04,40-80,5113.64
1152,Madrid,Arganzuela,Venta,Piso,395191.0,75.9,2.0,1.0,Buen estado,1988-01-01,6,True,False,False,False,False,6.03,2025-03-20,40-80,5206.73
1153,Madrid,Retiro,Venta,Piso,397086.0,70.2,2.0,1.0,Buen estado,1978-01-01,1,False,True,False,True,False,2.06,2025-02-17,40-80,5656.5
1154,Madrid,Chamberí,Alquiler,Piso,315977.0,71.8,2.0,1.0,Buen estado,1991-01-01,2,False,False,False,True,False,,2025-02-25,40-80,4400.79
1155,Madrid,Retiro,Alquiler,Piso,213988.0,42.3,2.0,1.0,Buen estado,1973-01-01,4,False,False,False,True,False,2.84,2024-12-17,40-80,5058.82
1156,Madrid,Arganzuela,Venta,Piso,350245.0,66.7,2.0,1.0,Buen estado,2004-01-01,5,False,False,False,True,True,5.56,2024-11-14,40-80,5251.05
1157,Madrid,Salamanca,Venta,Piso,490425.0,109.8,3.0,2.0,Obra nueva,2021-01-01,5,False,True,False,True,True,3.19,2024-11-19,80-120,4466.53
1158,Madrid,Salamanca,Venta,Piso,482292.0,95.6,3.0,2.0,Obra nueva,2022-01-01,9,True,False,True,True,True,4.53,2025-04-03,80-120,5044.9
1159,Madrid,Tetuán,Alquiler,Piso,372152.0,83.8,3.0,2.0,Obra nueva,2018-01-01,6,True,True,True,False,True,7.78,2025-02-03,80-120,4440.95
1160,Madrid,Salamanca,Venta,Piso,477936.0,118.2,3.0,2.0,Buen estado,2006-01-01,5,False,False,True,False,False,5.4,2024-12-27,80-120,4043.45
1161,Madrid,Arganzuela,Venta,Piso,452737.0,94.0,3.0,2.0,Reformado,2012-01-01,9,False,False,False,False,False,2.31,2025-02-19,80-120,4816.35
1162,Madrid,Retiro,Venta,Piso,301148.0,69.4,2.0,1.0,Obra nueva,2018-01-01,3,True,True,False,True,False,,2024-11-10,40-80,4339.31
1163,Madrid,Arganzuela,Venta,Piso,601750.0,109.7,3.0,2.0,Buen estado,1982-01-01,2,False,True,False,False,False,3.81,2024-10-29,80-120,5485.41
1164,Madrid,Madrid-Centro,Venta,Piso,496868.0,87.7,3.0,2.0,Buen estado,1984-01-01,7,True,False,False,False,True,4.95,2025-01-27,80-120,5665.54
1165,Madrid,Salamanca,Venta,Piso,322050.0,61.5,2.0,1.0,Buen estado,1978-01-01,9,True,False,False,False,True,3.71,2024-10-24,40-80,5236.59
1166,Madrid,Madrid-Centro,Venta,Ático,204601.0,34.7,0.0,1.0,Buen estado,1984-01-01,Ático,True,False,False,False,False,4.73,2024-10-11,0-40,5896.28
1167,Madrid,Salamanca,Alquiler,Piso,542774.0,100.5,3.0,2.0,Buen estado,1972-01-01,3,True,True,False,False,True,4.26,2024-11-25,80-120,5400.74
1168,Madrid,Arganzuela,Venta,Piso,238399.0,44.3,2.0,1.0,Obra nueva,2020-01-01,9,True,True,False,True,False,5.18,2025-01-06,40-80,5381.47
1169,Madrid,Retiro,Venta,Piso,1282678.0,121.6,4.0,2.0,Obra nueva,2019-01-01,8,True,True,False,False,False,4.2,2025-03-03,120-160,10548.34
1170,Madrid,Salamanca,Venta,Piso,331598.0,72.1,2.0,1.0,Buen estado,1972-01-01,3,False,False,True,True,False,8.03,2024-11-27,40-80,4599.14
1171,Madrid,Retiro,Venta,Piso,529034.0,106.5,3.0,2.0,Buen estado,2000-01-01,1,False,True,True,True,False,6.12,2024-12-02,80-120,4967.46
1172,Madrid,Tetuán,Alquiler,Piso,433344.0,87.2,3.0,2.0,Buen estado,1981-01-01,2,True,True,False,False,False,1.38,2025-01-29,80-120,4969.54
1173,Madrid,Arganzuela,Alquiler,Piso,440008.0,88.8,3.0,2.0,Buen estado,1988-01-01,6,False,True,False,False,False,3.0,2025-01-25,80-120,4955.05
1174,Madrid,Chamberí,Venta,Piso,458478.0,89.6,3.0,2.0,Obra nueva,2020-01-01,1,False,False,False,True,True,7.38,2025-02-05,80-120,5116.94
1175,Madrid,Salamanca,Venta,Piso,412536.0,82.8,3.0,2.0,Buen estado,2006-01-01,4,False,False,False,True,True,5.42,2025-02-28,80-120,4982.32
1176,Madrid,Arganzuela,Venta,Piso,316750.0,56.7,2.0,1.0,Buen estado,1974-01-01,4,True,True,False,False,False,4.88,2025-02-02,40-80,5586.42
1177,Madrid,Tetuán,Alquiler,Piso,512426.0,92.2,3.0,2.0,Obra nueva,2019-01-01,8,True,False,False,True,True,9.14,2025-01-21,80-120,5557.77
1178,Madrid,Retiro,Alquiler,Piso,285218.0,57.7,2.0,1.0,Reformado,1993-01-01,7,True,False,True,False,False,5.89,2025-03-31,40-80,4943.12
1179,Madrid,Retiro,Venta,Estudio,131631.0,30.0,0.0,1.0,Buen estado,1990-01-01,1,False,True,False,True,False,4.68,2025-01-18,0-40,4387.7
1180,Madrid,Madrid-Centro,Venta,Piso,327019.0,70.9,2.0,1.0,Buen estado,1982-01-01,6,True,False,True,True,True,3.44,2025-01-19,40-80,4612.4
1181,Madrid,Arganzuela,Venta,Sin_clasificar,,,2.0,2.0,Reformado,1990-01-01,2,True,False,True,False,False,,2024-10-25,,
1182,Madrid,Retiro,Alquiler,Piso,316251.0,66.4,2.0,1.0,Buen estado,1993-01-01,6,False,True,True,True,False,7.04,2024-11-09,40-80,4762.82
1183,Madrid,Chamberí,Alquiler,Piso,396523.0,78.0,2.0,1.0,Buen estado,1957-01-01,9,False,False,False,True,False,4.69,2025-03-09,40-80,5083.63
1184,Madrid,Retiro,Alquiler,Piso,186279.0,40.7,2.0,1.0,Reformado,1986-01-01,5,True,False,False,True,True,5.66,2025-02-07,40-80,4576.88
1185,Madrid,Arganzuela,Venta,Piso,313517.0,54.0,2.0,1.0,Buen estado,2000-01-01,4,False,False,False,False,False,5.67,2024-11-15,40-80,5805.87
1186,Madrid,Madrid-Centro,Venta,Ático,166646.0,35.2,0.0,1.0,Buen estado,1968-01-01,Ático,False,True,False,False,False,3.24,2024-11-12,0-40,4734.26
1187,Madrid,Salamanca,Venta,Ático,372428.0,74.3,2.0,1.0,Buen estado,2001-01-01,Ático,True,False,True,False,False,7.54,2024-10-15,40-80,5012.49
1188,Madrid,Chamberí,Venta,Piso,148078.0,41.8,2.0,1.0,Buen estado,1989-01-01,9,True,False,True,False,False,4.25,2025-03-17,40-80,3542.54
1189,Madrid,Salamanca,Alquiler,Piso,577505.0,121.5,4.0,2.0,Buen estado,1976-01-01,7,True,False,False,False,False,,,120-160,4753.13
1190,Madrid,Chamberí,Venta,Piso,440148.0,78.4,2.0,1.0,Buen estado,2020-01-01,8,False,True,True,False,False,3.78,2025-01-04,40-80,5614.13
1191,Madrid,Tetuán,Venta,Piso,318170.0,68.9,2.0,1.0,Buen estado,1985-01-01,6,False,True,False,False,False,8.66,2024-11-08,40-80,4617.85
1192,Madrid,Madrid-Centro,Venta,Sin_clasificar,,,1.0,2.0,Buen estado,1989-01-01,Bajo,True,True,False,False,False,2.28,2024-10-17,,
1193,Madrid,Chamberí,Venta,Piso,221947.0,43.8,2.0,1.0,Buen estado,1983-01-01,2,False,True,False,True,True,3.75,2025-02-11,40-80,5067.28
1194,Madrid,Madrid-Centro,Venta,Piso,,94.1,3.0,2.0,Buen estado,2010-01-01,1,True,True,False,False,True,5.39,2025-03-03,80-120,
1195,Madrid,Arganzuela,Venta,Piso,569497.0,117.7,3.0,2.0,Buen estado,2007-01-01,7,True,True,False,False,False,5.0,2025-02-07,80-120,4838.55
1196,Madrid,Tetuán,Alquiler,Piso,368184.0,81.2,3.0,2.0,Buen estado,1969-01-01,7,True,False,False,False,False,6.75,2025-03-09,80-120,4534.29
1197,Madrid,Madrid-Centro,Venta,Piso,463020.0,94.7,3.0,2.0,A reformar,2002-01-01,5,True,False,False,False,False,4.97,2024-10-24,80-120,4889.33
1198,Madrid,Salamanca,Venta,Piso,329786.0,63.0,2.0,1.0,Buen estado,1976-01-01,9,True,True,False,True,True,,2024-10-15,40-80,5234.7
1199,Madrid,Arganzuela,Venta,Piso,286107.0,70.6,2.0,1.0,Buen estado,1997-01-01,5,True,True,False,False,False,7.27,2025-01-22,40-80,4052.51
1200,Madrid,Retiro,Venta,Piso,349758.0,75.3,2.0,1.0,Buen estado,1988-01-01,4,False,False,False,True,True,3.43,2025-03-09,40-80,4644.86
1201,Madrid,Salamanca,Alquiler,Piso,403740.0,79.5,2.0,1.0,Buen estado,1968-01-01,5,False,False,True,True,True,4.4,2024-11-21,40-80,5078.49
1202,Madrid,Salamanca,Venta,Piso,365779.0,89.0,3.0,2.0,Buen estado,1982-01-01,6,True,True,False,False,True,6.12,2025-03-03,80-120,4109.88
1203,Madrid,Tetuán,Alquiler,Piso,555830.0,111.8,3.0,2.0,Buen estado,1989-01-01,9,True,False,False,True,False,5.4,2024-10-14,80-120,4971.65
1204,Madrid,Retiro,Venta,Piso,408289.0,78.9,2.0,1.0,Buen estado,1998-01-01,7,True,False,False,True,False,3.04,2024-11-03,40-80,5174.77
1205,Madrid,Arganzuela,Venta,Ático,588522.0,100.0,3.0,2.0,Buen estado,2003-01-01,Ático,True,False,False,True,False,4.51,2025-01-03,80-120,5885.22
1206,Madrid,Chamberí,Venta,Piso,531923.0,109.4,3.0,2.0,Buen estado,1987-01-01,7,False,True,False,False,True,5.25,2025-03-20,80-120,4862.18
1207,Madrid,Salamanca,Alquiler,Piso,234417.0,45.2,2.0,1.0,Buen estado,1978-01-01,Bajo,False,True,False,False,False,,2024-12-24,40-80,5186.22
1208,Madrid,Tetuán,Venta,Piso,400635.0,80.5,3.0,2.0,Obra nueva,2018-01-01,9,True,True,False,False,True,,,80-120,4976.83
1209,Madrid,Tetuán,Venta,Piso,321369.0,65.5,2.0,1.0,Obra nueva,2021-01-01,6,True,True,True,True,False,3.55,2024-12-01,40-80,4906.4
1210,Madrid,Retiro,Alquiler,Piso,301182.0,49.1,2.0,1.0,Buen estado,1983-01-01,4,True,False,True,False,True,5.68,2025-01-27,40-80,6134.05
1211,Madrid,Arganzuela,Venta,Piso,325495.0,86.8,3.0,2.0,Buen estado,1999-01-01,9,True,True,False,True,False,5.61,2025-02-17,80-120,3749.94
1212,Madrid,Madrid-Centro,Venta,Ático,253249.0,61.9,2.0,1.0,Reformado,1993-01-01,Ático,False,False,False,False,False,6.72,2025-04-07,40-80,4091.26
1213,Madrid,Tetuán,Alquiler,Piso,,67.1,2.0,1.0,Buen estado,1987-01-01,7,True,True,False,True,False,,2024-12-16,40-80,
1214,Madrid,Arganzuela,Venta,Piso,617629.0,115.1,3.0,2.0,Obra nueva,2021-01-01,9,True,True,True,True,True,3.07,2025-03-18,80-120,5366.02
1215,Madrid,Salamanca,Venta,Piso,308825.0,67.1,2.0,1.0,Buen estado,1975-01-01,2,False,True,False,True,False,5.04,2025-04-02,40-80,4602.46
1216,Madrid,Retiro,Alquiler,Piso,275645.0,50.9,2.0,1.0,Reformado,1967-01-01,1,True,True,False,True,True,2.32,2025-03-20,40-80,5415.42
1217,Madrid,Chamberí,Alquiler,Piso,464699.0,95.2,3.0,2.0,Buen estado,2014-01-01,2,True,True,False,False,True,3.54,2024-12-13,80-120,4881.29
1218,Madrid,Arganzuela,Venta,Piso,343062.0,73.7,2.0,1.0,Buen estado,1984-01-01,3,False,False,False,False,True,6.32,2024-10-16,40-80,4654.84
1219,Madrid,Chamberí,Alquiler,Piso,256415.0,43.6,2.0,1.0,Buen estado,1991-01-01,6,True,True,False,False,False,7.1,2025-01-25,40-80,5881.08
1220,Madrid,Arganzuela,Alquiler,Piso,351150.0,72.1,2.0,1.0,Buen estado,1989-01-01,Bajo,True,True,True,False,True,7.5,2024-12-14,40-80,4870.32
1221,Madrid,Retiro,Venta,Piso,337633.0,67.1,2.0,1.0,Reformado,1981-01-01,7,False,False,False,False,False,5.35,2024-10-14,40-80,5031.79
1222,Madrid,Salamanca,Alquiler,Piso,,93.2,3.0,2.0,Buen estado,1970-01-01,1,False,False,False,True,False,5.61,2025-01-21,80-120,
1223,Madrid,Retiro,Venta,Piso,352307.0,73.7,2.0,1.0,Buen estado,2001-01-01,2,True,False,False,False,False,5.83,2024-12-08,40-80,4780.28
1224,Madrid,Salamanca,Venta,Ático,387392.0,85.1,3.0,2.0,Buen estado,1994-01-01,Ático,True,True,False,False,False,6.89,2025-03-06,80-120,4552.2
1225,Madrid,Tetuán,Venta,Piso,326115.0,63.1,2.0,1.0,Buen estado,1993-01-01,1,False,False,False,False,False,3.86,2024-12-28,40-80,5168.23
1226,Madrid,Retiro,Alquiler,Piso,459293.0,102.0,3.0,2.0,Obra nueva,2023-01-01,3,True,True,True,False,False,,2025-01-25,80-120,4502.87
1227,Madrid,Chamberí,Venta,Piso,659715.0,111.0,3.0,2.0,A reformar,1990-01-01,7,False,True,True,True,True,6.05,2025-01-21,80-120,5943.38
1228,Madrid,Retiro,Alquiler,Piso,416553.0,90.4,3.0,2.0,Buen estado,1987-01-01,1,True,True,False,False,False,5.2,2024-12-29,80-120,4607.89
1229,Madrid,Tetuán,Venta,Piso,397632.0,79.9,2.0,1.0,A reformar,1989-01-01,2,False,True,True,False,True,,2025-01-09,40-80,4976.62
1230,Madrid,Madrid-Centro,Alquiler,Piso,398158.0,84.3,3.0,2.0,Buen estado,1981-01-01,9,True,True,True,True,False,6.62,2024-10-17,80-120,4723.11
1231,Madrid,Arganzuela,Venta,Ático,470459.0,100.6,3.0,2.0,Buen estado,1988-01-01,Ático,True,True,False,False,False,3.43,,80-120,4676.53
1232,Madrid,Retiro,Venta,Piso,432900.0,85.0,3.0,2.0,A reformar,1969-01-01,5,True,False,False,False,False,2.28,2025-04-02,80-120,5092.94
1233,Madrid,Salamanca,Venta,Piso,422579.0,72.1,2.0,1.0,Buen estado,1990-01-01,Bajo,False,False,True,False,False,4.75,2025-01-17,40-80,5861.01
1234,Madrid,Retiro,Venta,Piso,360279.0,72.1,2.0,1.0,Obra nueva,2020-01-01,3,True,True,False,False,False,,2024-11-19,40-80,4996.93
1235,Madrid,Madrid-Centro,Venta,Piso,346589.0,82.3,3.0,2.0,Obra nueva,2021-01-01,Bajo,True,True,True,False,False,4.26,2024-12-18,80-120,4211.29
1236,Madrid,Salamanca,Alquiler,Sin_clasificar,,,1.0,1.0,Buen estado,2008-01-01,6,True,False,False,True,True,1.09,2025-01-02,,
1237,Madrid,Arganzuela,Venta,Piso,419437.0,87.3,3.0,2.0,Buen estado,2003-01-01,2,True,False,False,True,False,5.0,2025-04-05,80-120,4804.55
1238,Madrid,Retiro,Venta,Piso,564980.0,130.8,4.0,2.0,Buen estado,1976-01-01,8,True,False,False,False,False,3.28,2024-12-31,120-160,4319.42
1239,Madrid,Madrid-Centro,Venta,Piso,335359.0,65.0,2.0,1.0,Buen estado,1970-01-01,2,True,False,False,False,False,6.99,2025-03-19,40-80,5159.37
1240,Madrid,Madrid-Centro,Alquiler,Ático,440266.0,69.9,2.0,1.0,Buen estado,1995-01-01,Ático,True,False,False,True,False,7.4,2024-12-26,40-80,6298.51
1241,Madrid,Retiro,Venta,Ático,335635.0,61.7,2.0,1.0,Buen estado,1987-01-01,Ático,True,False,False,False,False,7.88,2024-11-11,40-80,5439.79
1242,Madrid,Tetuán,Venta,Piso,275058.0,61.2,2.0,1.0,Buen estado,2007-01-01,7,False,False,False,True,True,5.43,2024-11-12,40-80,4494.41
1243,Madrid,Retiro,Venta,Piso,470861.0,96.7,3.0,2.0,Buen estado,1960-01-01,4,True,False,False,True,False,6.98,2024-11-28,80-120,4869.3
1244,Madrid,Salamanca,Venta,Sin_clasificar,,,3.0,1.0,Reformado,1963-01-01,9,True,False,False,False,False,5.98,2024-12-05,,
1245,Madrid,Salamanca,Alquiler,Ático,353520.0,64.6,2.0,1.0,Buen estado,1968-01-01,Ático,False,False,False,True,True,3.96,2024-12-06,40-80,5472.45
1246,Madrid,Salamanca,Alquiler,Piso,467414.0,86.6,3.0,2.0,Obra nueva,2019-01-01,Bajo,True,False,False,True,False,1.6,2025-01-19,80-120,5397.39
1247,Madrid,Tetuán,Venta,Piso,338074.0,69.6,2.0,1.0,Buen estado,1985-01-01,5,True,True,False,True,False,5.72,,40-80,4857.39
1248,Madrid,Tetuán,Venta,Piso,210691.0,46.7,2.0,1.0,Buen estado,1994-01-01,7,False,True,False,True,False,3.84,2025-03-30,40-80,4511.58
1249,Madrid,Madrid-Centro,Venta,Piso,287625.0,60.8,2.0,1.0,Buen estado,1958-01-01,4,True,False,False,False,True,5.94,2024-12-21,40-80,4730.67
1250,Madrid,Arganzuela,Venta,Piso,364547.0,80.9,3.0,2.0,Reformado,1967-01-01,9,True,True,False,True,False,3.92,2024-12-03,80-120,4506.14
1251,Madrid,Retiro,Alquiler,Piso,474414.0,99.7,3.0,2.0,Buen estado,2013-01-01,2,True,False,True,False,False,4.15,2024-10-16,80-120,4758.42
1252,Madrid,Retiro,Alquiler,Piso,340568.0,68.9,2.0,1.0,Buen estado,1967-01-01,3,False,True,False,True,False,7.26,2025-01-11,40-80,4942.93
1253,Madrid,Tetuán,Venta,Piso,369836.0,71.7,2.0,1.0,Buen estado,1989-01-01,2,True,False,False,True,True,3.31,2024-12-30,40-80,5158.1
1254,Madrid,Arganzuela,Venta,Piso,298530.0,69.1,2.0,1.0,Buen estado,1986-01-01,6,False,False,False,True,False,5.17,2025-03-10,40-80,4320.26
1255,Madrid,Retiro,Venta,Piso,336529.0,76.6,2.0,1.0,Buen estado,1972-01-01,3,True,False,False,False,False,5.65,2025-02-06,40-80,4393.33
1256,Madrid,Retiro,Alquiler,Piso,277185.0,43.5,2.0,1.0,A reformar,1993-01-01,9,True,False,False,False,False,5.95,2024-10-20,40-80,6372.07
1257,Madrid,Salamanca,Venta,Piso,467134.0,82.3,3.0,2.0,Buen estado,1990-01-01,6,True,False,True,True,False,7.02,2025-03-29,80-120,5675.99
1258,Madrid,Retiro,Venta,Piso,428179.0,91.5,3.0,2.0,Buen estado,1995-01-01,2,False,False,False,False,False,2.77,2024-12-14,80-120,4679.55
1259,Madrid,Chamberí,Venta,Piso,410250.0,75.7,2.0,1.0,Reformado,1979-01-01,2,False,False,False,True,False,1.18,2024-10-31,40-80,5419.42
1260,Madrid,Retiro,Alquiler,Piso,323571.0,72.9,2.0,1.0,Buen estado,1990-01-01,5,True,False,False,False,True,,2024-10-20,40-80,4438.56
1261,Madrid,Chamberí,Venta,Piso,366117.0,70.0,2.0,1.0,Buen estado,1994-01-01,5,True,False,False,False,False,5.37,2025-01-27,40-80,5230.24
1262,Madrid,Retiro,Alquiler,Piso,342350.0,73.4,2.0,1.0,Obra nueva,2020-01-01,8,True,True,True,False,False,4.04,2024-12-28,40-80,4664.17
1263,Madrid,Madrid-Centro,Alquiler,Sin_clasificar,,,5.0,1.0,A reformar,1973-01-01,2,True,True,True,True,False,3.13,2025-02-28,,
1264,Madrid,Arganzuela,Venta,Sin_clasificar,,,1.0,1.0,Buen estado,1989-01-01,Bajo,True,False,False,True,False,4.05,2024-12-06,,
1265,Madrid,Chamberí,Venta,Piso,536262.0,106.1,3.0,2.0,Obra nueva,2021-01-01,1,True,True,False,False,True,5.97,2025-02-12,80-120,5054.31
1266,Madrid,Salamanca,Venta,Piso,207291.0,40.9,2.0,1.0,Buen estado,1990-01-01,7,True,False,False,True,False,6.82,2025-02-12,40-80,5068.24
1267,Madrid,Salamanca,Alquiler,Piso,297459.0,55.1,2.0,1.0,Buen estado,1979-01-01,1,True,False,False,True,False,4.35,2024-11-30,40-80,5398.53
1268,Madrid,Retiro,Venta,Piso,407606.0,87.5,3.0,2.0,Buen estado,1970-01-01,4,True,False,True,True,False,4.66,2025-03-02,80-120,4658.35
1269,Madrid,Arganzuela,Venta,Estudio,192031.0,37.9,0.0,1.0,A reformar,1986-01-01,8,True,True,False,True,True,5.08,2025-03-04,0-40,5066.78
1270,Madrid,Chamberí,Venta,Piso,307514.0,59.1,2.0,1.0,Obra nueva,2023-01-01,1,True,True,True,True,False,4.49,2025-01-01,40-80,5203.28
1271,Madrid,Salamanca,Venta,Piso,299791.0,62.5,2.0,1.0,Buen estado,1981-01-01,5,True,False,True,True,True,3.62,2025-03-09,40-80,4796.66
1272,Madrid,Salamanca,Alquiler,Ático,392364.0,85.4,3.0,2.0,Buen estado,1967-01-01,Ático,True,False,True,True,False,8.57,2025-02-08,80-120,4594.43
1273,Madrid,Madrid-Centro,Venta,Piso,366780.0,64.8,2.0,1.0,Buen estado,1967-01-01,5,False,True,True,False,True,5.16,2024-10-20,40-80,5660.19
1274,Madrid,Arganzuela,Venta,Piso,472568.0,88.2,3.0,2.0,Reformado,1987-01-01,9,False,True,False,False,False,5.02,2024-11-11,80-120,5357.91
1275,Madrid,Chamberí,Alquiler,Piso,285514.0,72.0,2.0,1.0,Buen estado,2009-01-01,Bajo,True,False,True,True,False,7.33,2024-10-27,40-80,3965.47
1276,Madrid,Tetuán,Alquiler,Piso,317383.0,68.1,2.0,1.0,Buen estado,1984-01-01,2,True,False,False,True,True,3.57,2024-12-09,40-80,4660.54
1277,Madrid,Madrid-Centro,Venta,Piso,368630.0,76.0,2.0,1.0,Buen estado,1985-01-01,6,True,False,False,True,False,6.89,2024-12-20,40-80,4850.39
1278,Madrid,Arganzuela,Alquiler,Piso,738158.0,132.3,4.0,2.0,Buen estado,1973-01-01,7,True,True,False,False,False,2.88,2025-01-27,120-160,5579.43
1279,Madrid,Arganzuela,Alquiler,Piso,496161.0,96.4,3.0,2.0,Buen estado,1963-01-01,2,True,False,False,False,False,7.99,2025-01-08,80-120,5146.9
1280,Madrid,Arganzuela,Venta,Piso,201252.0,46.0,2.0,1.0,Buen estado,1984-01-01,7,False,True,False,True,True,,2025-01-16,40-80,4375.04
1281,Madrid,Madrid-Centro,Venta,Piso,494804.0,98.6,3.0,2.0,Buen estado,2002-01-01,6,False,False,False,True,False,9.71,2025-01-11,80-120,5018.3
1282,Madrid,Tetuán,Venta,Piso,478009.0,91.1,3.0,2.0,Buen estado,1987-01-01,8,True,False,False,True,False,,2025-01-04,80-120,5247.08
1283,Madrid,Madrid-Centro,Venta,Piso,529601.0,102.5,3.0,2.0,Obra nueva,2021-01-01,8,True,True,False,True,False,4.3,2025-03-19,80-120,5166.84
1284,Madrid,Arganzuela,Venta,Piso,473799.0,118.8,3.0,2.0,Buen estado,1992-01-01,7,True,False,True,False,True,4.17,2024-12-24,80-120,3988.21
1285,Madrid,Chamberí,Alquiler,Piso,335722.0,64.3,2.0,1.0,Buen estado,1973-01-01,3,True,True,False,True,False,1.56,2025-02-19,40-80,5221.18
1286,Madrid,Madrid-Centro,Venta,Piso,285812.0,55.4,2.0,1.0,Buen estado,1983-01-01,Bajo,True,True,False,False,True,7.93,2025-02-17,40-80,5159.06
1287,Madrid,Salamanca,Venta,Piso,484775.0,95.4,3.0,2.0,Buen estado,1971-01-01,9,True,False,False,False,False,5.36,2024-12-12,80-120,5081.5
1288,Madrid,Retiro,Venta,Piso,336216.0,61.9,2.0,1.0,Buen estado,1982-01-01,1,True,False,False,False,False,5.8,2025-03-27,40-80,5431.6
1289,Madrid,Madrid-Centro,Venta,Piso,400441.0,82.5,3.0,2.0,Buen estado,1965-01-01,1,True,True,True,False,True,7.11,2025-01-23,80-120,4853.83
1290,Madrid,Arganzuela,Venta,Ático,504344.0,109.0,3.0,2.0,Buen estado,1990-01-01,Ático,False,False,False,True,False,,2025-02-01,80-120,4627.01
1291,Madrid,Tetuán,Alquiler,Piso,640851.0,120.0,4.0,2.0,Reformado,1964-01-01,2,False,False,False,False,False,4.62,2024-12-02,120-160,5340.42
1292,Madrid,Chamberí,Venta,Ático,388631.0,81.9,3.0,2.0,Buen estado,1979-01-01,Ático,True,True,False,False,True,6.03,2024-11-05,80-120,4745.19
1293,Madrid,Madrid-Centro,Venta,Piso,369173.0,75.0,2.0,1.0,Buen estado,1967-01-01,2,False,False,False,True,False,5.63,2025-03-25,40-80,4922.31
1294,Madrid,Madrid-Centro,Venta,Piso,432190.0,86.2,3.0,2.0,Buen estado,1967-01-01,9,True,True,False,False,False,4.38,2025-02-10,80-120,5013.81
1295,Madrid,Retiro,Venta,Ático,449438.0,94.0,3.0,2.0,Buen estado,1969-01-01,Ático,False,False,False,False,False,5.45,2025-04-03,80-120,4781.26
1296,Madrid,Arganzuela,Venta,Piso,,93.0,3.0,2.0,Buen estado,1966-01-01,Bajo,False,False,False,True,True,5.92,2024-11-26,80-120,
1297,Madrid,Salamanca,Alquiler,Piso,292755.0,55.7,2.0,1.0,Buen estado,1956-01-01,Bajo,False,False,False,True,False,4.29,2024-12-01,40-80,5255.92
1298,Madrid,Madrid-Centro,Venta,Ático,435465.0,73.1,2.0,1.0,Buen estado,1993-01-01,Ático,False,False,False,True,False,5.08,2025-02-23,40-80,5957.11
1299,Madrid,Chamberí,Venta,Piso,430167.0,91.8,3.0,2.0,Buen estado,1975-01-01,6,False,False,False,True,True,8.62,,80-120,4685.92
1300,Madrid,Salamanca,Venta,Piso,400115.0,82.7,3.0,2.0,Obra nueva,2021-01-01,7,True,True,True,False,True,2.53,2024-10-14,80-120,4838.15
1301,Madrid,Madrid-Centro,Venta,Piso,,74.9,2.0,1.0,Buen estado,1983-01-01,6,True,False,False,False,True,6.09,2024-10-22,40-80,
1302,Madrid,Retiro,Venta,Piso,442572.0,95.1,3.0,2.0,Obra nueva,2021-01-01,7,False,True,False,False,False,4.23,2025-03-06,80-120,4653.75
1303,Madrid,Tetuán,Alquiler,Piso,451997.0,83.3,3.0,2.0,Buen estado,1972-01-01,6,True,True,False,False,False,4.16,2025-02-10,80-120,5426.13
1304,Madrid,Tetuán,Venta,Piso,370558.0,77.6,2.0,1.0,Buen estado,1996-01-01,7,True,False,False,False,True,4.32,2024-12-07,40-80,4775.23
1305,Madrid,Arganzuela,Venta,Piso,291322.0,73.5,2.0,1.0,Buen estado,1978-01-01,8,False,False,False,False,False,2.36,2024-10-25,40-80,3963.56
1306,Madrid,Retiro,Alquiler,Piso,342290.0,80.0,3.0,2.0,Buen estado,1989-01-01,7,True,True,False,True,True,5.43,2025-03-17,80-120,4278.62
1307,Madrid,Arganzuela,Venta,Piso,489680.0,85.3,3.0,2.0,Buen estado,1991-01-01,4,False,False,False,False,True,4.9,2024-11-27,80-120,5740.68
1308,Madrid,Madrid-Centro,Venta,Ático,287479.0,53.8,2.0,1.0,Buen estado,1957-01-01,Ático,False,True,False,False,True,4.05,2025-01-03,40-80,5343.48
1309,Madrid,Tetuán,Alquiler,Piso,559259.0,102.4,3.0,2.0,Buen estado,1959-01-01,4,False,True,False,False,False,4.92,2025-01-16,80-120,5461.51
1310,Madrid,Madrid-Centro,Alquiler,Piso,468656.0,81.4,3.0,2.0,Obra nueva,2021-01-01,2,True,True,False,True,False,4.03,2025-03-17,80-120,5757.44
1311,Madrid,Chamberí,Venta,Piso,265488.0,53.7,2.0,1.0,Buen estado,1975-01-01,2,False,True,True,True,True,5.64,2024-11-22,40-80,4943.91
1312,Madrid,Chamberí,Venta,Piso,379636.0,61.7,2.0,1.0,Obra nueva,2021-01-01,4,True,False,False,False,False,2.74,2024-12-08,40-80,6152.93
1313,Madrid,Chamberí,Venta,Piso,270752.0,53.1,2.0,1.0,Buen estado,2008-01-01,4,True,True,False,False,True,6.59,2025-01-08,40-80,5098.91
1314,Madrid,Arganzuela,Venta,Piso,489503.0,90.3,3.0,2.0,Reformado,1999-01-01,Bajo,False,True,True,False,True,6.74,2024-10-25,80-120,5420.85
1315,Madrid,Retiro,Venta,Piso,250600.0,49.3,2.0,1.0,Buen estado,1986-01-01,3,True,False,False,True,False,3.18,2025-02-10,40-80,5083.16
1316,Madrid,Retiro,Alquiler,Piso,322732.0,75.8,2.0,1.0,Obra nueva,2022-01-01,4,True,True,True,True,True,4.75,2024-11-16,40-80,4257.68
1317,Madrid,Arganzuela,Alquiler,Piso,491092.0,98.0,3.0,2.0,Buen estado,1984-01-01,Bajo,True,False,True,False,False,2.35,2025-01-29,80-120,5011.14
1318,Madrid,Madrid-Centro,Alquiler,Piso,497861.0,100.5,3.0,2.0,A reformar,1965-01-01,9,False,False,False,False,False,5.43,2025-03-14,80-120,4953.84
1319,Madrid,Salamanca,Alquiler,Ático,558186.0,98.4,3.0,2.0,Buen estado,1973-01-01,Ático,False,False,False,False,True,3.81,2024-11-08,80-120,5672.62
1320,Madrid,Chamberí,Alquiler,Sin_clasificar,,,2.0,1.0,Buen estado,1985-01-01,7,False,False,True,False,True,3.97,,,
1321,Madrid,Madrid-Centro,Alquiler,Piso,354374.0,74.2,2.0,1.0,Buen estado,1987-01-01,5,False,False,False,False,False,4.27,2024-11-13,40-80,4775.93
1322,Madrid,Salamanca,Alquiler,Piso,542028.0,97.2,3.0,2.0,Buen estado,1971-01-01,Bajo,True,True,False,False,True,3.38,2024-12-10,80-120,5576.42
1323,Madrid,Madrid-Centro,Venta,Piso,354130.0,63.5,2.0,1.0,Buen estado,1992-01-01,5,True,True,False,False,False,5.0,2025-01-23,40-80,5576.85
1324,Madrid,Retiro,Venta,Piso,713948.0,122.6,4.0,2.0,Obra nueva,2022-01-01,6,True,False,False,True,False,2.11,2024-12-06,120-160,5823.39
1325,Madrid,Chamberí,Alquiler,Piso,,47.6,2.0,1.0,Buen estado,1979-01-01,7,True,False,False,True,False,3.62,2025-02-18,40-80,
1326,Madrid,Arganzuela,Venta,Piso,426757.0,83.6,3.0,2.0,Buen estado,2003-01-01,Bajo,True,False,False,True,False,3.16,2025-02-18,80-120,5104.75
1327,Madrid,Salamanca,Venta,Piso,493812.0,94.8,3.0,2.0,A reformar,1957-01-01,2,False,False,False,False,False,6.41,2025-01-28,80-120,5208.99
1328,Madrid,Salamanca,Venta,Piso,394694.0,79.1,2.0,1.0,Reformado,1994-01-01,2,False,True,False,False,False,3.7,2025-03-05,40-80,4989.81
1329,Madrid,Salamanca,Alquiler,Piso,569327.0,105.9,3.0,2.0,Obra nueva,2022-01-01,4,True,True,False,True,False,5.62,2025-01-24,80-120,5376.08
1330,Madrid,Madrid-Centro,Alquiler,Piso,347315.0,63.9,2.0,1.0,Reformado,2003-01-01,5,False,False,False,True,False,3.59,2025-01-05,40-80,5435.29
1331,Madrid,Salamanca,Alquiler,Piso,228705.0,49.8,2.0,1.0,Buen estado,1979-01-01,2,True,False,True,True,True,7.49,2025-04-06,40-80,4592.47
1332,Madrid,Madrid-Centro,Venta,Piso,419928.0,85.3,3.0,2.0,Buen estado,1976-01-01,9,True,True,True,True,False,6.31,2025-03-24,80-120,4922.95
1333,Madrid,Madrid-Centro,Venta,Piso,410987.0,80.7,3.0,2.0,Obra nueva,2021-01-01,3,True,False,True,True,True,4.68,2024-12-25,80-120,5092.78
1334,Madrid,Salamanca,Venta,Piso,379551.0,81.8,3.0,2.0,Obra nueva,2023-01-01,2,False,False,False,True,True,7.3,2025-02-19,80-120,4639.99
1335,Madrid,Tetuán,Venta,Piso,482028.0,91.4,3.0,2.0,Buen estado,1980-01-01,8,True,True,False,True,True,7.25,2025-01-04,80-120,5273.83
1336,Madrid,Arganzuela,Venta,Piso,196393.0,52.9,2.0,1.0,Obra nueva,2022-01-01,4,True,True,False,True,False,9.1,2024-12-09,40-80,3712.53
1337,Madrid,Retiro,Alquiler,Sin_clasificar,,,3.0,2.0,Buen estado,2001-01-01,Bajo,False,True,False,False,False,5.14,2025-01-12,,
1338,Madrid,Retiro,Venta,Ático,295865.0,61.9,2.0,1.0,Buen estado,1984-01-01,Ático,True,False,False,False,False,2.32,2024-11-09,40-80,4779.73
1339,Madrid,Madrid-Centro,Venta,Piso,,81.4,3.0,2.0,Buen estado,2002-01-01,3,True,False,True,True,True,4.16,2025-03-06,80-120,
1340,Madrid,Tetuán,Alquiler,Piso,315665.0,66.8,2.0,1.0,Buen estado,1975-01-01,9,True,False,False,False,False,4.43,2024-12-07,40-80,4725.52
1341,Madrid,Retiro,Venta,Ático,310375.0,70.2,2.0,1.0,Obra nueva,2022-01-01,Ático,True,True,True,False,True,3.78,2024-11-13,40-80,4421.3
1342,Madrid,Arganzuela,Venta,Piso,361925.0,85.0,3.0,2.0,Buen estado,2020-01-01,8,True,False,False,False,True,3.47,2025-03-07,80-120,4257.94
1343,Madrid,Chamberí,Alquiler,Piso,416571.0,81.3,3.0,2.0,Buen estado,1975-01-01,6,False,False,False,True,False,2.3,2025-01-22,80-120,5123.87
1344,Madrid,Salamanca,Venta,Piso,443668.0,83.3,3.0,2.0,Buen estado,1993-01-01,3,True,False,False,False,True,5.81,2025-01-31,80-120,5326.15
1345,Madrid,Salamanca,Venta,Piso,498162.0,102.7,3.0,2.0,Buen estado,1995-01-01,8,True,True,False,False,False,,2025-01-18,80-120,4850.65
1346,Madrid,Retiro,Venta,Piso,211378.0,45.8,2.0,1.0,A reformar,1996-01-01,7,True,False,False,True,True,3.06,2025-01-23,40-80,4615.24
1347,Madrid,Chamberí,Venta,Piso,331832.0,62.2,2.0,1.0,Obra nueva,2019-01-01,8,False,False,True,False,True,5.6,2025-02-21,40-80,5334.92
1348,Madrid,Salamanca,Venta,Piso,451332.0,93.2,3.0,2.0,Buen estado,1995-01-01,2,True,False,True,False,True,3.79,2025-03-01,80-120,4842.62
1349,Madrid,Retiro,Alquiler,Piso,235675.0,55.7,2.0,1.0,Reformado,1977-01-01,1,True,False,True,True,True,5.36,2024-11-08,40-80,4231.15
1350,Madrid,Retiro,Venta,Piso,302639.0,70.4,2.0,1.0,Buen estado,1984-01-01,5,True,False,False,True,False,2.9,2024-12-26,40-80,4298.85
1351,Madrid,Retiro,Venta,Piso,516981.0,93.4,3.0,2.0,Obra nueva,2019-01-01,9,True,False,True,True,True,7.35,2025-01-24,80-120,5535.13
1352,Madrid,Salamanca,Alquiler,Piso,418827.0,97.5,3.0,2.0,Buen estado,1962-01-01,2,True,False,True,True,False,3.93,2025-02-11,80-120,4295.66
1353,Madrid,Salamanca,Venta,Piso,292681.0,56.9,2.0,1.0,Reformado,1997-01-01,6,False,True,False,True,False,,,40-80,5143.78
1354,Madrid,Tetuán,Venta,Piso,434637.0,87.2,3.0,2.0,Buen estado,1968-01-01,6,False,True,False,True,True,5.55,2025-02-07,80-120,4984.37
1355,Madrid,Arganzuela,Alquiler,Ático,336542.0,68.6,2.0,1.0,Buen estado,1990-01-01,Ático,True,False,False,False,True,5.6,2025-02-03,40-80,4905.86
1356,Madrid,Madrid-Centro,Venta,Piso,443589.0,100.3,3.0,2.0,Obra nueva,2018-01-01,9,True,True,False,True,False,5.76,,80-120,4422.62
1357,Madrid,Tetuán,Venta,Piso,239846.0,45.2,2.0,1.0,Buen estado,1965-01-01,8,True,False,False,False,True,6.55,2024-10-20,40-80,5306.33
1358,Madrid,Arganzuela,Alquiler,Piso,403839.0,109.9,3.0,2.0,Buen estado,1970-01-01,2,False,False,False,True,False,3.95,2024-10-15,80-120,3674.6
1359,Madrid,Tetuán,Venta,Ático,452252.0,88.3,3.0,2.0,Buen estado,1982-01-01,Ático,False,True,False,False,True,2.48,2024-11-09,80-120,5121.77
1360,Madrid,Arganzuela,Venta,Piso,424302.0,80.8,3.0,2.0,Buen estado,2007-01-01,9,True,False,False,True,False,3.52,2024-10-22,80-120,5251.26
1361,Madrid,Tetuán,Venta,Estudio,187921.0,39.3,0.0,1.0,Buen estado,1994-01-01,Bajo,True,True,False,True,False,5.6,2024-11-08,0-40,4781.7
1362,Madrid,Arganzuela,Alquiler,Piso,326692.0,61.6,2.0,1.0,Buen estado,2008-01-01,3,True,True,True,False,True,4.48,2024-12-10,40-80,5303.44
1363,Madrid,Arganzuela,Alquiler,Piso,339059.0,73.5,2.0,1.0,Buen estado,1964-01-01,8,False,False,False,False,False,2.73,2025-03-13,40-80,4613.05
1364,Madrid,Retiro,Venta,Piso,342798.0,69.8,2.0,1.0,Reformado,1959-01-01,Bajo,False,True,False,True,False,2.66,2025-01-04,40-80,4911.15
1365,Madrid,Madrid-Centro,Venta,Piso,,94.7,3.0,2.0,Buen estado,1994-01-01,6,False,False,True,False,False,4.59,2024-12-13,80-120,
1366,Madrid,Salamanca,Venta,Piso,413906.0,83.8,3.0,2.0,Buen estado,2008-01-01,2,True,False,True,True,False,3.21,2024-11-24,80-120,4939.21
1367,Madrid,Retiro,Alquiler,Ático,,96.9,3.0,2.0,A reformar,1965-01-01,Ático,True,False,False,False,True,4.43,2024-11-21,80-120,
1368,Madrid,Salamanca,Venta,Piso,402339.0,82.3,3.0,2.0,Buen estado,1983-01-01,Bajo,True,True,True,False,True,7.3,2024-12-24,80-120,4888.69
1369,Madrid,Madrid-Centro,Venta,Sin_clasificar,,,2.0,3.0,Reformado,1973-01-01,4,False,True,False,True,True,4.22,,,
1370,Madrid,Salamanca,Venta,Piso,583876.0,106.6,3.0,2.0,Buen estado,1996-01-01,3,True,True,True,False,True,4.32,2025-02-12,80-120,5477.26
1371,Madrid,Tetuán,Alquiler,Piso,299975.0,61.3,2.0,1.0,Buen estado,1989-01-01,Bajo,True,False,False,False,True,7.17,2024-12-29,40-80,4893.56
1372,Madrid,Madrid-Centro,Venta,Ático,,,2.0,1.0,Buen estado,1992-01-01,Ático,True,True,False,False,False,2.87,2024-12-07,,
1373,Madrid,Salamanca,Venta,Piso,398093.0,78.2,2.0,1.0,Buen estado,1981-01-01,3,True,False,False,True,False,3.53,2025-02-28,40-80,5090.7
1374,Madrid,Arganzuela,Alquiler,Piso,425299.0,83.0,3.0,2.0,Buen estado,2010-01-01,1,True,False,False,True,True,3.48,2025-03-20,80-120,5124.08
1375,Madrid,Tetuán,Venta,Piso,394207.0,73.4,2.0,1.0,Buen estado,1964-01-01,2,False,True,False,True,True,2.74,2024-12-10,40-80,5370.67
1376,Madrid,Tetuán,Alquiler,Piso,462118.0,89.5,3.0,2.0,Buen estado,1980-01-01,Bajo,True,True,False,True,False,4.24,2024-10-09,80-120,5163.33
1377,Madrid,Madrid-Centro,Alquiler,Piso,234823.0,51.2,2.0,1.0,Buen estado,2008-01-01,2,False,False,False,True,False,5.65,2024-10-09,40-80,4586.39
1378,Madrid,Salamanca,Alquiler,Ático,615537.0,123.8,4.0,2.0,Buen estado,1973-01-01,Ático,True,False,False,True,True,3.29,2025-01-14,120-160,4972.03
1379,Madrid,Retiro,Alquiler,Piso,511877.0,96.2,3.0,2.0,Obra nueva,2020-01-01,Bajo,True,True,True,True,False,7.31,2024-11-19,80-120,5320.97
1380,Madrid,Arganzuela,Venta,Piso,241767.0,52.9,2.0,1.0,Buen estado,1979-01-01,1,True,True,True,False,True,3.42,2024-11-13,40-80,4570.26
1381,Madrid,Arganzuela,Venta,Piso,449202.0,101.4,3.0,2.0,Buen estado,1988-01-01,9,False,True,False,True,True,4.43,2025-02-15,80-120,4430.0
1382,Madrid,Retiro,Alquiler,Piso,437548.0,85.3,3.0,2.0,Buen estado,1991-01-01,7,True,True,False,True,False,5.15,2024-12-17,80-120,5129.52
1383,Madrid,Chamberí,Venta,Piso,,83.3,3.0,2.0,Buen estado,1966-01-01,9,False,False,False,False,False,8.09,2025-01-01,80-120,
1384,Madrid,Salamanca,Alquiler,Piso,285578.0,69.3,2.0,1.0,Reformado,2002-01-01,9,True,False,False,True,False,4.01,2025-02-07,40-80,4120.89
1385,Madrid,Salamanca,Alquiler,Piso,,98.0,3.0,2.0,Buen estado,1969-01-01,7,True,False,False,False,False,2.59,2025-01-17,80-120,
1386,Madrid,Tetuán,Venta,Piso,393296.0,78.1,2.0,1.0,Buen estado,1994-01-01,8,True,True,False,True,True,4.78,2024-10-16,40-80,5035.8
1387,Madrid,Arganzuela,Venta,Piso,500027.0,97.8,3.0,2.0,A reformar,2006-01-01,6,False,True,False,True,False,5.06,2025-03-11,80-120,5112.75
1388,Madrid,Retiro,Venta,Piso,261801.0,48.5,2.0,1.0,Obra nueva,2018-01-01,1,True,False,True,True,True,6.44,2025-02-04,40-80,5397.96
1389,Madrid,Retiro,Alquiler,Sin_clasificar,,,3.0,1.0,Buen estado,1976-01-01,Bajo,False,True,False,False,False,5.4,,,
1390,Madrid,Arganzuela,Alquiler,Piso,542454.0,100.5,3.0,2.0,Buen estado,1971-01-01,9,True,False,False,False,False,6.51,2025-03-18,80-120,5397.55
1391,Madrid,Retiro,Alquiler,Piso,582008.0,108.6,3.0,2.0,A reformar,1986-01-01,5,True,False,False,False,True,6.2,2024-10-18,80-120,5359.19
1392,Madrid,Retiro,Venta,Piso,378299.0,79.7,2.0,1.0,Buen estado,1995-01-01,Bajo,True,False,False,False,False,3.48,2024-11-28,40-80,4746.54
1393,Madrid,Arganzuela,Venta,Piso,532740.0,100.2,3.0,2.0,Buen estado,1986-01-01,7,True,True,False,True,False,6.86,2024-11-21,80-120,5316.77
1394,Madrid,Tetuán,Venta,Piso,493479.0,94.0,3.0,2.0,Buen estado,1953-01-01,9,True,True,False,False,True,5.76,2025-03-02,80-120,5249.78
1395,Madrid,Chamberí,Venta,Sin_clasificar,,,2.0,1.0,Buen estado,1984-01-01,4,True,True,False,True,True,4.51,2025-03-03,,
1396,Madrid,Chamberí,Alquiler,Ático,349476.0,70.5,2.0,1.0,Buen estado,2000-01-01,Ático,True,True,True,False,False,5.45,2024-10-14,40-80,4957.11
1397,Madrid,Arganzuela,Venta,Piso,536007.0,106.8,3.0,2.0,Buen estado,1973-01-01,7,False,True,True,True,False,2.68,2024-10-09,80-120,5018.79
1398,Madrid,Madrid-Centro,Venta,Piso,466720.0,83.4,3.0,2.0,Buen estado,2010-01-01,5,True,True,True,False,False,4.14,2025-01-27,80-120,5596.16
1399,Madrid,Madrid-Centro,Venta,Piso,,62.0,2.0,1.0,Buen estado,1997-01-01,5,True,True,True,True,False,3.19,2025-02-18,40-80,
1400,Madrid,Salamanca,Alquiler,Piso,477909.0,115.9,3.0,2.0,Buen estado,1973-01-01,6,True,True,False,True,False,6.16,2025-02-22,80-120,4123.46
1401,Madrid,Madrid-Centro,Venta,Piso,461019.0,97.7,3.0,2.0,Buen estado,1975-01-01,9,True,True,False,True,True,5.23,2024-10-15,80-120,4718.72
1402,Madrid,Arganzuela,Venta,Piso,219668.0,49.5,2.0,1.0,A reformar,1967-01-01,3,False,False,False,False,False,4.53,2024-11-28,40-80,4437.74
1403,Madrid,Chamberí,Venta,Piso,295990.0,69.1,2.0,1.0,Buen estado,1977-01-01,Bajo,False,False,False,False,False,3.63,2025-02-08,40-80,4283.5
1404,Madrid,Madrid-Centro,Alquiler,Estudio,196036.0,39.0,0.0,1.0,Buen estado,1981-01-01,5,True,False,False,True,False,4.19,2024-12-12,0-40,5026.56
1405,Madrid,Chamberí,Venta,Piso,,67.2,2.0,1.0,Buen estado,1971-01-01,Bajo,False,True,False,False,False,6.19,2025-01-02,40-80,
1406,Madrid,Tetuán,Alquiler,Piso,417365.0,78.2,2.0,1.0,Obra nueva,2022-01-01,7,True,True,True,False,True,6.06,2024-11-02,40-80,5337.15
1407,Madrid,Arganzuela,Venta,Piso,,85.0,3.0,2.0,A reformar,1978-01-01,Bajo,False,False,False,False,False,4.85,2025-01-13,80-120,
1408,Madrid,Retiro,Alquiler,Piso,310640.0,64.0,2.0,1.0,Obra nueva,2018-01-01,7,False,True,False,False,True,3.37,2024-10-23,40-80,4853.75
1409,Madrid,Retiro,Venta,Piso,415359.0,80.7,3.0,2.0,Buen estado,1995-01-01,Bajo,True,False,False,False,False,5.99,2025-03-01,80-120,5146.95
1410,Madrid,Salamanca,Venta,Piso,364815.0,74.1,2.0,1.0,Buen estado,1976-01-01,6,True,True,False,False,True,4.04,2024-12-07,40-80,4923.28
1411,Madrid,Tetuán,Alquiler,Piso,321644.0,71.5,2.0,1.0,Buen estado,2003-01-01,7,False,False,False,False,False,1.77,2025-01-26,40-80,4498.52
1412,Madrid,Tetuán,Venta,Piso,483893.0,107.1,3.0,2.0,Reformado,1984-01-01,Bajo,False,False,False,True,True,7.12,2025-02-02,80-120,4518.14
1413,Madrid,Tetuán,Venta,Piso,425438.0,96.9,3.0,2.0,Buen estado,1947-01-01,9,True,True,False,False,True,5.08,,80-120,4390.49
1414,Madrid,Tetuán,Alquiler,Ático,383677.0,74.7,2.0,1.0,Buen estado,1998-01-01,Ático,True,False,False,False,False,4.6,2025-02-16,40-80,5136.24
1415,Madrid,Retiro,Venta,Piso,532900.0,111.2,3.0,2.0,Buen estado,1972-01-01,2,False,False,True,True,False,9.69,2024-12-10,80-120,4792.27
1416,Madrid,Chamberí,Alquiler,Piso,,80.4,3.0,2.0,Buen estado,1987-01-01,6,True,True,False,True,True,4.55,2025-02-17,80-120,
1417,Madrid,Arganzuela,Alquiler,Sin_clasificar,,,3.0,1.0,Reformado,1995-01-01,2,True,False,False,True,False,4.11,2024-11-15,,
1418,Madrid,Madrid-Centro,Venta,Piso,496499.0,97.4,3.0,2.0,Buen estado,1985-01-01,Bajo,True,False,False,True,False,7.3,2025-02-18,80-120,5097.53
1419,Madrid,Tetuán,Venta,Piso,567176.0,112.3,3.0,2.0,Buen estado,2003-01-01,8,True,False,True,False,False,5.74,2024-10-22,80-120,5050.54
1420,Madrid,Madrid-Centro,Venta,Piso,741606.0,148.93,4.0,2.0,Buen estado,1987-01-01,3,False,False,False,True,False,6.43,2024-10-26,120-160,4979.56
1421,Madrid,Retiro,Venta,Sin_clasificar,,,1.0,1.0,Buen estado,2003-01-01,7,False,False,True,False,True,1.06,2025-03-11,,
1422,Madrid,Arganzuela,Venta,Piso,470360.0,93.5,3.0,2.0,A reformar,1998-01-01,9,True,False,False,False,False,6.23,2024-12-24,80-120,5030.59
1423,Madrid,Madrid-Centro,Venta,Piso,506677.0,84.9,3.0,2.0,Reformado,1992-01-01,Bajo,False,False,False,True,True,4.92,2025-02-12,80-120,5967.93
1424,Madrid,Chamberí,Alquiler,Piso,291889.0,56.1,2.0,1.0,Buen estado,1990-01-01,7,True,False,False,False,True,5.86,2025-03-17,40-80,5203.01
1425,Madrid,Chamberí,Venta,Piso,559248.0,113.4,3.0,2.0,A reformar,1961-01-01,5,True,True,False,True,False,4.33,2025-01-13,80-120,4931.64
1426,Madrid,Chamberí,Venta,Piso,,84.6,3.0,2.0,Buen estado,1974-01-01,Bajo,False,False,False,False,False,9.06,2024-10-27,80-120,
1427,Madrid,Retiro,Venta,Piso,444251.0,94.5,3.0,2.0,Buen estado,1983-01-01,3,False,False,False,True,True,6.28,2025-03-19,80-120,4701.07
1428,Madrid,Tetuán,Alquiler,Piso,580412.0,105.2,3.0,2.0,A reformar,1975-01-01,3,True,False,True,False,True,3.87,2024-11-28,80-120,5517.22
1429,Madrid,Retiro,Venta,Piso,499458.0,91.7,3.0,2.0,Obra nueva,2020-01-01,8,True,False,False,True,False,5.71,,80-120,5446.65
1430,Madrid,Chamberí,Venta,Estudio,201896.0,37.3,0.0,1.0,Buen estado,1984-01-01,1,True,True,False,True,False,3.51,2024-10-14,0-40,5412.76
1431,Madrid,Arganzuela,Venta,Piso,405814.0,93.2,3.0,2.0,Reformado,2014-01-01,5,False,True,True,False,False,5.49,,80-120,4354.23
1432,Madrid,Retiro,Venta,Piso,292632.0,61.1,2.0,1.0,Buen estado,1997-01-01,2,False,True,False,False,False,3.73,2025-02-20,40-80,4789.39
1433,Madrid,Tetuán,Alquiler,Piso,264815.0,59.8,2.0,1.0,Buen estado,2001-01-01,2,True,False,False,True,False,6.72,2024-11-11,40-80,4428.34
1434,Madrid,Chamberí,Venta,Piso,374312.0,64.8,2.0,1.0,Buen estado,2017-01-01,9,False,False,False,False,False,8.48,2025-01-26,40-80,5776.42
1435,Madrid,Arganzuela,Venta,Piso,502313.0,84.6,3.0,2.0,Buen estado,1990-01-01,3,True,False,True,True,False,5.27,2025-02-23,80-120,5937.51
1436,Madrid,Retiro,Alquiler,Piso,677472.0,121.9,4.0,2.0,Buen estado,1960-01-01,4,True,False,False,False,False,6.11,2024-11-10,120-160,5557.6
1437,Madrid,Tetuán,Alquiler,Piso,503514.0,109.8,3.0,2.0,Buen estado,1977-01-01,1,False,False,False,False,True,6.34,2025-02-06,80-120,4585.74
1438,Madrid,Arganzuela,Venta,Ático,295133.0,62.3,2.0,1.0,Buen estado,1997-01-01,Ático,False,True,False,False,False,5.45,2025-02-16,40-80,4737.29
1439,Madrid,Retiro,Venta,Sin_clasificar,,,3.0,1.0,Buen estado,1979-01-01,5,True,False,False,False,True,6.95,2025-02-20,,
1440,Madrid,Arganzuela,Venta,Piso,591236.0,127.0,4.0,2.0,Buen estado,1968-01-01,9,False,True,True,False,False,6.11,2025-01-19,120-160,4655.4
1441,Madrid,Arganzuela,Alquiler,Piso,268531.0,58.8,2.0,1.0,Buen estado,1987-01-01,3,False,True,False,True,True,3.1,2024-11-29,40-80,4566.85
1442,Madrid,Madrid-Centro,Alquiler,Piso,347525.0,80.3,3.0,2.0,Buen estado,1972-01-01,6,True,False,False,True,True,4.24,2025-03-04,80-120,4327.83
1443,Madrid,Chamberí,Alquiler,Piso,613839.0,105.6,3.0,2.0,Buen estado,1960-01-01,2,True,True,False,False,True,6.11,2024-10-30,80-120,5812.87
1444,Madrid,Retiro,Venta,Piso,,89.0,3.0,2.0,Buen estado,1977-01-01,7,True,False,False,False,True,5.98,2025-02-17,80-120,
1445,Madrid,Tetuán,Venta,Piso,418388.0,85.2,3.0,2.0,Buen estado,1991-01-01,5,True,True,False,False,False,,2025-02-13,80-120,4910.66
1446,Madrid,Retiro,Venta,Piso,281896.0,62.3,2.0,1.0,Buen estado,1964-01-01,4,True,True,True,False,False,4.83,2025-03-23,40-80,4524.82
1447,Madrid,Salamanca,Venta,Piso,342187.0,87.5,3.0,2.0,Obra nueva,2022-01-01,8,True,False,True,True,False,3.49,2025-03-22,80-120,3910.71
1448,Madrid,Salamanca,Alquiler,Piso,464837.0,96.8,3.0,2.0,Buen estado,2020-01-01,1,False,False,True,False,False,7.38,2025-01-09,80-120,4802.04
1449,Madrid,Salamanca,Venta,Piso,408020.0,104.6,3.0,2.0,Buen estado,1993-01-01,4,False,False,True,True,False,6.99,2024-12-25,80-120,3900.76
1450,Madrid,Arganzuela,Alquiler,Piso,303529.0,63.6,2.0,1.0,Buen estado,1984-01-01,9,True,False,False,False,False,7.36,2024-11-13,40-80,4772.47
1451,Madrid,Arganzuela,Alquiler,Piso,219050.0,49.2,2.0,1.0,Buen estado,1986-01-01,4,False,False,True,True,False,6.61,2024-12-20,40-80,4452.24
1452,Madrid,Retiro,Alquiler,Piso,441896.0,88.5,3.0,2.0,Buen estado,1985-01-01,9,True,True,False,True,True,3.16,2025-03-25,80-120,4993.18
1453,Madrid,Salamanca,Venta,Piso,700744.0,124.5,4.0,2.0,Obra nueva,2019-01-01,6,True,True,False,True,True,5.16,,120-160,5628.47
1454,Madrid,Chamberí,Alquiler,Piso,298230.0,57.1,2.0,1.0,Buen estado,1999-01-01,9,False,False,True,False,False,5.36,2025-02-27,40-80,5222.94
1455,Madrid,Madrid-Centro,Alquiler,Piso,203887.0,76.9,2.0,1.0,Obra nueva,2020-01-01,3,True,True,True,True,True,3.29,2025-01-26,40-80,2651.33
1456,Madrid,Arganzuela,Venta,Piso,326622.0,64.1,2.0,1.0,Reformado,2002-01-01,Bajo,False,True,False,False,False,6.68,2025-01-12,40-80,5095.51
1457,Madrid,Chamberí,Venta,Piso,506276.0,94.9,3.0,2.0,Reformado,2000-01-01,Bajo,True,True,False,False,True,4.28,2025-02-13,80-120,5334.84
1458,Madrid,Arganzuela,Alquiler,Ático,670709.0,125.9,4.0,2.0,Buen estado,1965-01-01,Ático,True,True,False,False,True,4.4,2025-01-20,120-160,5327.32
1459,Madrid,Arganzuela,Venta,Piso,424077.0,80.5,3.0,2.0,Buen estado,1971-01-01,Bajo,True,False,False,True,False,4.31,2024-11-13,80-120,5268.04
1460,Madrid,Chamberí,Alquiler,Piso,394815.0,80.0,3.0,2.0,Buen estado,1976-01-01,9,False,True,False,False,True,5.65,2025-03-13,80-120,4935.19
1461,Madrid,Tetuán,Alquiler,Piso,276731.0,56.1,2.0,1.0,Buen estado,1994-01-01,6,True,True,True,False,False,4.48,2024-10-25,40-80,4932.82
1462,Madrid,Tetuán,Venta,Piso,229565.0,42.6,2.0,1.0,Buen estado,1978-01-01,7,True,False,False,True,False,4.84,2025-03-21,40-80,5388.85
1463,Madrid,Retiro,Venta,Piso,254489.0,63.6,2.0,1.0,Buen estado,1968-01-01,Bajo,True,True,True,False,True,3.13,2025-04-03,40-80,4001.4
1464,Madrid,Tetuán,Venta,Piso,473450.0,112.3,3.0,2.0,Buen estado,2002-01-01,6,True,False,False,True,True,4.63,2024-12-20,80-120,4215.94
1465,Madrid,Chamberí,Venta,Piso,210267.0,43.3,2.0,1.0,Buen estado,1990-01-01,Bajo,True,False,True,False,True,,2025-01-11,40-80,4856.05
1466,Madrid,Tetuán,Venta,Piso,253395.0,46.5,2.0,1.0,Reformado,1975-01-01,6,True,True,False,True,False,6.0,2024-11-18,40-80,5449.35
1467,Madrid,Salamanca,Venta,Piso,516762.0,95.2,3.0,2.0,Obra nueva,2021-01-01,3,True,False,False,False,True,6.51,2024-11-11,80-120,5428.17
1468,Madrid,Chamberí,Venta,Piso,308751.0,72.4,2.0,1.0,Buen estado,1958-01-01,2,False,False,False,False,False,4.53,2025-03-12,40-80,4264.52
1469,Madrid,Tetuán,Alquiler,Ático,384127.0,77.9,2.0,1.0,Buen estado,1963-01-01,Ático,True,False,False,True,False,5.75,2025-02-03,40-80,4931.03
1470,Madrid,Retiro,Venta,Piso,366685.0,77.1,2.0,1.0,Buen estado,1967-01-01,6,False,False,False,False,False,6.03,2025-03-12,40-80,4755.97
1471,Madrid,Chamberí,Venta,Piso,410627.0,77.5,2.0,1.0,Reformado,1975-01-01,7,False,True,True,False,False,5.9,2025-02-04,40-80,5298.41
1472,Madrid,Tetuán,Venta,Piso,341247.0,66.6,2.0,1.0,Buen estado,1967-01-01,7,True,False,False,True,True,5.67,2025-01-05,40-80,5123.83
1473,Madrid,Arganzuela,Alquiler,Piso,340471.0,83.6,3.0,2.0,Buen estado,1961-01-01,2,True,False,False,True,False,5.85,2025-01-23,80-120,4072.62
1474,Madrid,Chamberí,Venta,Sin_clasificar,,,5.0,1.0,Buen estado,2001-01-01,6,True,False,False,False,False,6.5,2025-03-26,,
1475,Madrid,Chamberí,Venta,Piso,301742.0,57.1,2.0,1.0,Buen estado,1970-01-01,Bajo,False,True,False,True,True,6.63,2024-12-09,40-80,5284.45
1476,Madrid,Chamberí,Venta,Piso,440262.0,89.0,3.0,2.0,Buen estado,2008-01-01,1,True,True,False,True,False,3.95,2025-04-05,80-120,4946.76
1477,Madrid,Arganzuela,Alquiler,Piso,260589.0,46.5,2.0,1.0,Buen estado,1952-01-01,8,True,True,True,False,True,1.87,2024-11-09,40-80,5604.06
1478,Madrid,Retiro,Venta,Piso,516145.0,85.9,3.0,2.0,Obra nueva,2020-01-01,6,True,True,False,True,False,6.04,2025-02-01,80-120,6008.67
1479,Madrid,Chamberí,Venta,Piso,360631.0,85.4,3.0,2.0,Buen estado,1978-01-01,1,False,False,False,False,False,5.48,2025-03-21,80-120,4222.85
1480,Madrid,Arganzuela,Venta,Piso,301724.0,59.9,2.0,1.0,Buen estado,1965-01-01,6,True,True,False,False,False,5.18,2024-11-27,40-80,5037.13
1481,Madrid,Madrid-Centro,Venta,Piso,385834.0,80.1,3.0,2.0,Obra nueva,2019-01-01,5,False,False,False,False,True,3.03,2025-03-29,80-120,4816.9
1482,Madrid,Arganzuela,Venta,Ático,708156.0,117.0,3.0,2.0,Buen estado,1987-01-01,Ático,True,False,True,True,True,4.53,2024-12-10,80-120,6052.62
1483,Madrid,Arganzuela,Alquiler,Sin_clasificar,,,1.0,1.0,Obra nueva,2019-01-01,2,True,False,True,True,False,3.86,2024-10-13,,
1484,Madrid,Tetuán,Venta,Piso,538203.0,85.3,3.0,2.0,Buen estado,1975-01-01,6,True,False,False,True,False,4.66,2024-11-21,80-120,6309.53
1485,Madrid,Salamanca,Venta,Piso,512084.0,97.9,3.0,2.0,Buen estado,1983-01-01,7,False,True,False,False,False,8.06,2025-01-08,80-120,5230.68
1486,Madrid,Chamberí,Venta,Piso,546689.0,106.6,3.0,2.0,Buen estado,1981-01-01,3,False,False,True,True,False,5.57,2025-01-30,80-120,5128.41
1487,Madrid,Arganzuela,Venta,Ático,354762.0,71.7,2.0,1.0,Buen estado,1984-01-01,Ático,False,True,True,False,True,5.58,,40-80,4947.87
1488,Madrid,Salamanca,Venta,Sin_clasificar,,,6.0,,Buen estado,2004-01-01,Bajo,False,True,False,False,True,4.19,2024-10-21,,
1489,Madrid,Madrid-Centro,Alquiler,Piso,385548.0,81.7,3.0,2.0,Buen estado,1960-01-01,3,True,False,True,True,False,4.11,2024-11-29,80-120,4719.07
1490,Madrid,Salamanca,Venta,Piso,331700.0,70.0,2.0,1.0,Buen estado,1985-01-01,3,True,True,False,True,False,5.12,2025-04-01,40-80,4738.57
1491,Madrid,Arganzuela,Venta,Ático,531290.0,97.9,3.0,2.0,Buen estado,1974-01-01,Ático,False,True,False,True,True,6.41,2024-11-20,80-120,5426.86
1492,Madrid,Arganzuela,Venta,Piso,322621.0,72.7,2.0,1.0,Buen estado,1990-01-01,5,False,True,False,False,True,5.05,2024-12-30,40-80,4437.7
1493,Madrid,Tetuán,Venta,Piso,315918.0,62.3,2.0,1.0,Reformado,1962-01-01,6,True,False,False,False,True,2.41,2025-01-26,40-80,5070.91
1494,Madrid,Salamanca,Venta,Piso,324740.0,66.1,2.0,1.0,Buen estado,1988-01-01,Bajo,True,True,False,False,False,3.96,2025-01-19,40-80,4912.86
1495,Madrid,Arganzuela,Venta,Piso,390059.0,67.47,2.0,1.0,Buen estado,1973-01-01,1,False,True,True,False,False,2.17,,40-80,5781.22
1496,Madrid,Retiro,Venta,Piso,529309.0,102.6,3.0,2.0,Buen estado,1978-01-01,3,True,False,False,False,True,1.49,2025-01-22,80-120,5158.96
1497,Madrid,Retiro,Alquiler,Piso,318262.0,58.6,2.0,1.0,A reformar,1957-01-01,8,False,True,False,True,False,5.37,2025-03-03,40-80,5431.09
1498,Madrid,Chamberí,Venta,Ático,367556.0,89.9,3.0,2.0,Buen estado,1995-01-01,Ático,False,False,True,False,True,5.33,2025-04-05,80-120,4088.5
1499,Madrid,Madrid-Centro,Venta,Piso,358430.0,78.3,2.0,1.0,Buen estado,1982-01-01,5,True,False,False,False,False,6.64,2024-11-22,40-80,4577.65
1500,Madrid,Arganzuela,Alquiler,Ático,,48.3,2.0,1.0,A reformar,2005-01-01,Ático,False,False,False,False,False,3.22,2025-02-09,40-80,
1501,Barcelona,Eixample,Venta,Piso,248769.0,65.9,2.0,1.0,Buen estado,2000-01-01,6,False,True,True,False,True,4.45,,40-80,3774.95
1502,Barcelona,Gràcia,Venta,Piso,343050.0,65.3,2.0,1.0,Buen estado,1965-01-01,Bajo,False,True,False,False,True,7.7,2025-03-15,40-80,5253.45
1503,Barcelona,Eixample,Venta,Piso,505854.0,118.3,3.0,2.0,Obra nueva,2022-01-01,1,True,True,False,True,True,4.17,2024-10-24,80-120,4276.03
1504,Barcelona,Gràcia,Venta,Piso,269314.0,58.0,2.0,1.0,Buen estado,1969-01-01,3,True,False,False,False,True,4.44,2025-03-22,40-80,4643.34
1505,Barcelona,Eixample,Venta,Piso,326192.0,58.8,2.0,1.0,A reformar,2012-01-01,7,False,True,False,True,True,1.75,2025-01-01,40-80,5547.48
1506,Barcelona,Gràcia,Venta,Piso,368643.0,85.5,3.0,2.0,Obra nueva,2022-01-01,6,False,False,False,True,True,4.16,2025-03-23,80-120,4311.61
1507,Barcelona,Sants-Montjuïc,Alquiler,Piso,396086.0,84.6,3.0,2.0,Obra nueva,2020-01-01,3,True,False,True,False,True,4.78,2024-11-30,80-120,4681.87
1508,Barcelona,Sarrià-Sant Gervasi,Venta,Ático,,30.0,0.0,1.0,A reformar,1971-01-01,Ático,False,True,False,False,False,9.04,2025-04-05,0-40,
1509,Barcelona,Gràcia,Venta,Piso,278673.0,57.8,2.0,1.0,Buen estado,1973-01-01,7,False,True,False,False,True,7.39,2025-03-19,40-80,4821.33
1510,Barcelona,Eixample,Venta,Piso,324077.0,69.3,2.0,1.0,A reformar,1988-01-01,Bajo,True,False,False,True,False,5.83,2025-03-20,40-80,4676.44
1511,Barcelona,Gràcia,Alquiler,Estudio,160798.0,35.3,0.0,1.0,Buen estado,1994-01-01,8,True,True,True,False,False,6.12,2024-11-30,0-40,4555.18
1512,Barcelona,Gràcia,Venta,Piso,211113.0,48.7,2.0,1.0,Buen estado,1969-01-01,2,True,True,False,False,True,4.34,2024-11-28,40-80,4334.97
1513,Barcelona,Gràcia,Venta,Piso,289164.0,65.9,2.0,1.0,Buen estado,2000-01-01,9,True,False,True,False,True,5.55,2025-01-31,40-80,4387.92
1514,Barcelona,Gràcia,Venta,Piso,537967.0,102.9,3.0,2.0,Buen estado,2020-01-01,5,True,False,False,False,False,3.91,2025-01-18,80-120,5228.06
1515,Barcelona,Ciutat Vella,Venta,Sin_clasificar,,,1.0,1.0,Buen estado,1971-01-01,6,False,False,False,False,False,3.63,2024-11-17,,
1516,Barcelona,Ciutat Vella,Venta,Piso,361731.0,78.1,2.0,1.0,Reformado,1957-01-01,4,True,False,False,False,False,4.07,2025-03-10,40-80,4631.64
1517,Barcelona,Sarrià-Sant Gervasi,Venta,Piso,254490.0,54.9,2.0,1.0,Buen estado,1972-01-01,7,True,False,False,False,False,5.75,2024-12-26,40-80,4635.52
1518,Barcelona,Ciutat Vella,Venta,Piso,391738.0,74.5,2.0,1.0,Buen estado,1970-01-01,5,True,True,False,False,False,2.67,2024-11-12,40-80,5258.23
1519,Barcelona,Ciutat Vella,Venta,Piso,511017.0,102.3,3.0,2.0,Buen estado,1987-01-01,8,False,False,False,True,True,7.1,2025-01-12,80-120,4995.28
1520,Barcelona,Ciutat Vella,Venta,Piso,369397.0,85.4,3.0,2.0,Buen estado,1972-01-01,5,False,False,False,False,True,2.62,2025-01-15,80-120,4325.49
1521,Barcelona,Ciutat Vella,Venta,Piso,441698.0,98.4,3.0,2.0,Buen estado,1981-01-01,Bajo,True,True,False,False,False,5.8,2024-11-09,80-120,4488.8
1522,Barcelona,Ciutat Vella,Alquiler,Piso,206940.0,49.4,2.0,1.0,Obra nueva,2020-01-01,5,True,True,False,True,True,3.94,2025-02-16,40-80,4189.07
1523,Barcelona,Ciutat Vella,Venta,Piso,343672.0,77.7,2.0,1.0,Buen estado,1970-01-01,6,True,True,True,False,False,5.76,2025-01-25,40-80,4423.06
1524,Barcelona,Gràcia,Venta,Ático,367217.0,82.7,3.0,2.0,Obra nueva,2023-01-01,Ático,True,True,False,True,True,4.83,,80-120,4440.35
1525,Barcelona,Gràcia,Venta,Piso,354843.0,74.0,2.0,1.0,Buen estado,1995-01-01,4,True,True,False,True,True,2.69,2024-12-11,40-80,4795.18
1526,Barcelona,Sarrià-Sant Gervasi,Venta,Piso,317445.0,74.0,2.0,1.0,Buen estado,1995-01-01,1,True,True,False,False,False,5.78,2024-11-01,40-80,4289.8
1527,Barcelona,Ciutat Vella,Venta,Piso,426818.0,100.6,3.0,2.0,Reformado,2004-01-01,8,True,False,False,True,True,7.88,2024-11-26,80-120,4242.72
1528,Barcelona,Ciutat Vella,Venta,Piso,365716.0,78.1,2.0,1.0,Buen estado,1959-01-01,8,True,True,True,True,False,3.74,2025-02-22,40-80,4682.66
1529,Barcelona,Ciutat Vella,Venta,Piso,496630.0,118.4,3.0,2.0,Obra nueva,2023-01-01,1,False,True,True,True,False,3.5,2024-11-05,80-120,4194.51
1530,Barcelona,Sarrià-Sant Gervasi,Alquiler,Sin_clasificar,,,3.0,1.0,Buen estado,1988-01-01,3,True,False,False,True,True,6.1,2025-01-18,,
1531,Barcelona,Sants-Montjuïc,Venta,Piso,394522.0,95.2,3.0,2.0,Buen estado,1976-01-01,1,True,False,True,False,False,4.65,,80-120,4144.14
1532,Barcelona,Ciutat Vella,Venta,Piso,317071.0,78.8,2.0,1.0,Obra nueva,2019-01-01,2,True,True,False,True,True,6.05,2025-01-12,40-80,4023.74
1533,Barcelona,Gràcia,Alquiler,Piso,346612.0,76.0,2.0,1.0,Buen estado,1978-01-01,1,False,False,False,True,False,5.24,2025-02-01,40-80,4560.68
1534,Barcelona,Sarrià-Sant Gervasi,Alquiler,Piso,249430.0,54.5,2.0,1.0,Buen estado,1953-01-01,2,True,True,False,False,True,6.2,2024-11-27,40-80,4576.7
1535,Barcelona,Sants-Montjuïc,Alquiler,Piso,500703.0,112.9,3.0,2.0,Buen estado,1979-01-01,9,True,True,False,False,False,3.08,2024-11-05,80-120,4434.92
1536,Barcelona,Gràcia,Venta,Piso,311547.0,65.6,2.0,1.0,Buen estado,1989-01-01,1,False,False,False,False,True,3.29,2025-01-04,40-80,4749.19
1537,Barcelona,Eixample,Venta,Piso,485816.0,107.8,3.0,2.0,Buen estado,1976-01-01,1,False,True,False,False,False,3.68,2024-10-11,80-120,4506.64
1538,Barcelona,Eixample,Venta,Piso,422642.0,88.8,3.0,2.0,Buen estado,1998-01-01,Bajo,True,True,False,False,False,3.48,2024-11-02,80-120,4759.48
1539,Barcelona,Gràcia,Venta,Piso,197859.0,47.2,2.0,1.0,Buen estado,1975-01-01,4,False,True,False,False,False,5.37,2025-02-10,40-80,4191.93
1540,Barcelona,Ciutat Vella,Alquiler,Ático,267877.0,68.7,2.0,1.0,Buen estado,1984-01-01,Ático,True,True,False,True,True,5.53,2025-01-04,40-80,3899.23
1541,Barcelona,Sants-Montjuïc,Alquiler,Piso,602347.0,136.6,4.0,2.0,Buen estado,1980-01-01,6,False,True,False,True,False,4.11,2025-03-14,120-160,4409.57
1542,Barcelona,Eixample,Alquiler,Piso,268114.0,64.9,2.0,1.0,Obra nueva,2018-01-01,7,False,False,True,True,True,3.3,,40-80,4131.19
1543,Barcelona,Ciutat Vella,Alquiler,Piso,278114.0,63.7,2.0,1.0,Buen estado,1991-01-01,9,True,False,False,True,True,4.69,,40-80,4366.0
1544,Barcelona,Sarrià-Sant Gervasi,Venta,Piso,609842.0,150.9,4.0,2.0,Obra nueva,2020-01-01,7,True,False,False,True,True,1.46,2025-03-16,120-160,4041.37
1545,Barcelona,Ciutat Vella,Venta,Ático,339844.0,78.1,2.0,1.0,Buen estado,1963-01-01,Ático,False,False,False,False,True,4.23,2024-12-30,40-80,4351.4
1546,Barcelona,Eixample,Venta,Piso,341506.0,77.5,2.0,1.0,A reformar,1995-01-01,5,True,False,False,False,False,7.22,2025-03-31,40-80,4406.53
1547,Barcelona,Ciutat Vella,Venta,Piso,350110.0,89.5,3.0,2.0,Obra nueva,2018-01-01,5,False,True,True,True,False,2.96,2025-01-26,80-120,3911.84
1548,Barcelona,Ciutat Vella,Alquiler,Piso,396089.0,89.0,3.0,2.0,Reformado,1971-01-01,6,False,False,True,False,False,7.55,2024-12-23,80-120,4450.44
1549,Barcelona,Sarrià-Sant Gervasi,Venta,Piso,474064.0,88.7,3.0,2.0,Buen estado,2015-01-01,9,True,False,False,False,True,6.44,2025-02-15,80-120,5344.58
1550,Barcelona,Eixample,Venta,Ático,357344.0,103.3,3.0,2.0,Buen estado,1982-01-01,Ático,True,False,False,False,False,4.92,2025-02-26,80-120,3459.28
1551,Barcelona,Ciutat Vella,Venta,Ático,422952.0,91.3,3.0,2.0,Buen estado,2010-01-01,Ático,True,True,False,False,False,3.85,2025-02-24,80-120,4632.55
1552,Barcelona,Gràcia,Venta,Piso,392989.0,89.9,3.0,2.0,Reformado,1973-01-01,1,False,True,False,False,False,5.91,2024-11-05,80-120,4371.4
1553,Barcelona,Ciutat Vella,Alquiler,Piso,372790.0,84.0,3.0,2.0,Reformado,1985-01-01,5,True,False,False,False,False,6.07,2025-01-15,80-120,4437.98
1554,Barcelona,Sants-Montjuïc,Venta,Ático,298525.0,71.2,2.0,1.0,Buen estado,1955-01-01,Ático,False,True,False,True,False,8.18,2024-11-09,40-80,4192.77
1555,Barcelona,Gràcia,Alquiler,Piso,224571.0,56.9,2.0,1.0,Buen estado,1963-01-01,5,True,True,True,False,False,4.6,2024-12-05,40-80,3946.77
1556,Barcelona,Sarrià-Sant Gervasi,Alquiler,Piso,497977.0,116.4,3.0,2.0,Buen estado,1949-01-01,6,True,False,False,False,False,6.58,2025-01-14,80-120,4278.15
1557,Barcelona,Sarrià-Sant Gervasi,Alquiler,Piso,474494.0,110.3,3.0,2.0,Buen estado,1996-01-01,4,True,False,True,True,False,3.45,2024-11-07,80-120,4301.85
1558,Barcelona,Sants-Montjuïc,Venta,Piso,319267.0,61.3,2.0,1.0,Obra nueva,2019-01-01,1,True,True,True,True,False,6.1,2025-03-04,40-80,5208.27
1559,Barcelona,Sants-Montjuïc,Venta,Piso,417439.0,96.2,3.0,2.0,Buen estado,2007-01-01,Bajo,True,True,False,True,False,5.25,2024-12-27,80-120,4339.28
1560,Barcelona,Eixample,Venta,Piso,,87.0,3.0,2.0,Buen estado,1961-01-01,6,True,False,False,True,False,5.11,2024-12-29,80-120,
1561,Barcelona,Sants-Montjuïc,Alquiler,Ático,541169.0,114.0,3.0,2.0,Buen estado,1994-01-01,Ático,True,False,True,True,False,,2025-03-12,80-120,4747.1
1562,Barcelona,Sarrià-Sant Gervasi,Venta,Piso,350245.0,74.6,2.0,1.0,Buen estado,1975-01-01,7,False,True,False,False,False,8.12,2024-12-28,40-80,4694.97
1563,Barcelona,Gràcia,Alquiler,Ático,210178.0,48.1,2.0,1.0,Buen estado,1973-01-01,Ático,True,False,False,False,True,,2025-02-02,40-80,4369.6
1564,Barcelona,Gràcia,Venta,Piso,452943.0,86.6,3.0,2.0,Buen estado,1993-01-01,Bajo,True,False,False,True,True,6.05,2025-03-11,80-120,5230.29
1565,Barcelona,Sants-Montjuïc,Venta,Piso,386743.0,78.8,2.0,1.0,Buen estado,2002-01-01,9,True,True,False,True,False,3.44,2025-02-08,40-80,4907.91
1566,Barcelona,Gràcia,Venta,Piso,558080.0,115.7,3.0,2.0,Buen estado,2006-01-01,5,True,False,False,True,True,7.21,2024-11-17,80-120,4823.51
1567,Barcelona,Gràcia,Alquiler,Piso,526287.0,102.5,3.0,2.0,Buen estado,1990-01-01,Bajo,False,False,False,True,False,7.23,2024-11-23,80-120,5134.51
1568,Barcelona,Ciutat Vella,Alquiler,Piso,415738.0,104.0,3.0,2.0,Obra nueva,2019-01-01,Bajo,True,True,False,True,False,3.78,2025-02-26,80-120,3997.48
1569,Barcelona,Ciutat Vella,Venta,Piso,328174.0,79.2,2.0,1.0,A reformar,1990-01-01,6,True,True,True,True,False,,2025-01-17,40-80,4143.61
1570,Barcelona,Eixample,Venta,Piso,314737.0,70.3,2.0,1.0,Buen estado,1971-01-01,3,True,False,False,False,False,3.66,2025-04-06,40-80,4477.06
1571,Barcelona,Sarrià-Sant Gervasi,Venta,Piso,348707.0,63.5,2.0,1.0,Obra nueva,2022-01-01,Bajo,False,True,False,False,False,5.6,2024-12-25,40-80,5491.45
1572,Barcelona,Ciutat Vella,Venta,Piso,177405.0,48.9,2.0,1.0,Buen estado,1959-01-01,7,False,False,False,False,False,,2024-12-22,40-80,3627.91
1573,Barcelona,Gràcia,Venta,Ático,235692.0,51.3,2.0,1.0,Buen estado,1972-01-01,Ático,False,True,False,True,False,3.16,2024-10-11,40-80,4594.39
1574,Barcelona,Sants-Montjuïc,Alquiler,Piso,226494.0,52.2,2.0,1.0,Buen estado,1948-01-01,2,True,False,False,False,True,6.6,2025-01-13,40-80,4338.97
1575,Barcelona,Ciutat Vella,Venta,Piso,498284.0,130.3,4.0,2.0,Buen estado,1984-01-01,5,False,False,False,True,False,3.01,2025-02-07,120-160,3824.13
1576,Barcelona,Gràcia,Alquiler,Piso,349185.0,79.4,2.0,1.0,Buen estado,2014-01-01,5,True,False,False,True,False,4.34,2025-03-09,40-80,4397.8
1577,Barcelona,Ciutat Vella,Alquiler,Piso,261935.0,61.4,2.0,1.0,Buen estado,1987-01-01,Bajo,False,False,False,True,True,4.77,2024-11-08,40-80,4266.04
1578,Barcelona,Gràcia,Venta,Piso,441965.0,92.4,3.0,2.0,Buen estado,1960-01-01,2,True,False,True,False,False,4.72,2025-03-25,80-120,4783.17
1579,Barcelona,Ciutat Vella,Alquiler,Piso,270430.0,65.7,2.0,1.0,Buen estado,1995-01-01,1,True,True,False,True,False,7.31,2025-02-04,40-80,4116.13
1580,Barcelona,Ciutat Vella,Venta,Piso,316626.0,72.5,2.0,1.0,Buen estado,1989-01-01,1,True,False,False,True,False,3.24,2024-11-07,40-80,4367.26
1581,Barcelona,Eixample,Venta,Piso,323096.0,72.2,2.0,1.0,Reformado,2015-01-01,3,True,False,False,True,False,2.01,2024-10-14,40-80,4475.01
1582,Barcelona,Sarrià-Sant Gervasi,Venta,Piso,426608.0,97.8,3.0,2.0,Buen estado,1993-01-01,1,False,True,False,False,True,5.38,2025-03-09,80-120,4362.04
1583,Barcelona,Gràcia,Venta,Piso,557595.0,128.3,4.0,2.0,Obra nueva,2020-01-01,9,True,True,True,False,False,3.17,2024-11-10,120-160,4346.02
1584,Barcelona,Eixample,Venta,Piso,322749.0,87.7,3.0,2.0,Reformado,2005-01-01,8,False,True,False,False,False,6.2,2024-11-25,80-120,3680.15
1585,Barcelona,Ciutat Vella,Alquiler,Piso,294752.0,60.2,2.0,1.0,Buen estado,1984-01-01,8,False,False,True,True,True,5.33,2025-02-21,40-80,4896.21
1586,Barcelona,Ciutat Vella,Venta,Ático,337751.0,86.5,3.0,2.0,Buen estado,1979-01-01,Ático,True,True,False,False,False,4.39,2024-11-09,80-120,3904.64
1587,Barcelona,Gràcia,Alquiler,Piso,204103.0,48.3,2.0,1.0,Buen estado,1954-01-01,9,True,True,False,False,True,5.12,2025-04-04,40-80,4225.73
1588,Barcelona,Gràcia,Venta,Piso,341842.0,74.8,2.0,1.0,Buen estado,1983-01-01,Bajo,False,True,True,True,False,7.05,2024-11-10,40-80,4570.08
1589,Barcelona,Sarrià-Sant Gervasi,Venta,Sin_clasificar,,,1.0,3.0,Buen estado,1999-01-01,Bajo,False,False,True,False,False,5.46,2024-10-30,,
1590,Barcelona,Eixample,Venta,Estudio,,32.6,0.0,1.0,Buen estado,1999-01-01,6,True,True,True,False,False,3.68,2025-03-26,0-40,
1591,Barcelona,Eixample,Venta,Piso,546322.0,97.3,3.0,2.0,Reformado,2000-01-01,4,True,False,True,False,False,5.43,2025-03-26,80-120,5614.82
1592,Barcelona,Sarrià-Sant Gervasi,Venta,Piso,304714.0,74.2,2.0,1.0,Buen estado,1993-01-01,8,True,False,True,False,False,4.97,2025-01-07,40-80,4106.66
1593,Barcelona,Sarrià-Sant Gervasi,Venta,Piso,429381.0,97.9,3.0,2.0,Buen estado,1953-01-01,Bajo,True,False,False,True,False,5.66,2024-12-08,80-120,4385.91
1594,Barcelona,Eixample,Venta,Piso,378998.0,70.5,2.0,1.0,Obra nueva,2019-01-01,9,True,True,False,True,False,7.88,2025-02-27,40-80,5375.86
1595,Barcelona,Gràcia,Venta,Piso,446423.0,92.4,3.0,2.0,Obra nueva,2021-01-01,1,True,False,False,True,False,3.75,2025-02-26,80-120,4831.42
1596,Barcelona,Sants-Montjuïc,Venta,Piso,,96.2,3.0,2.0,Buen estado,2008-01-01,7,False,True,False,False,False,5.21,2024-10-30,80-120,
1597,Barcelona,Sants-Montjuïc,Venta,Piso,359969.0,79.7,2.0,1.0,Buen estado,1991-01-01,3,False,True,False,True,True,6.92,2024-10-27,40-80,4516.55
1598,Barcelona,Sants-Montjuïc,Alquiler,Piso,325674.0,70.0,2.0,1.0,Buen estado,1986-01-01,5,True,False,False,False,False,4.06,2025-03-02,40-80,4652.49
1599,Barcelona,Sarrià-Sant Gervasi,Venta,Piso,401773.0,88.2,3.0,2.0,Buen estado,1998-01-01,6,True,False,False,True,False,3.87,2025-01-14,80-120,4555.25
1600,Barcelona,Eixample,Alquiler,Piso,373180.0,79.0,2.0,1.0,Buen estado,1967-01-01,8,False,True,False,False,False,4.26,2024-11-06,40-80,4723.8
1601,Barcelona,Sarrià-Sant Gervasi,Venta,Piso,415045.0,85.6,3.0,2.0,Buen estado,1984-01-01,5,True,False,False,False,True,6.85,2024-12-17,80-120,4848.66
1602,Barcelona,Gràcia,Alquiler,Piso,494812.0,100.3,3.0,2.0,Buen estado,2010-01-01,6,True,True,True,True,False,6.0,2024-12-04,80-120,4933.32
1603,Barcelona,Ciutat Vella,Alquiler,Piso,372756.0,81.8,3.0,2.0,Buen estado,1987-01-01,8,False,False,False,False,True,4.51,2024-12-26,80-120,4556.92
1604,Barcelona,Sarrià-Sant Gervasi,Alquiler,Piso,344502.0,76.2,2.0,1.0,Buen estado,1967-01-01,9,True,True,False,False,False,4.86,2024-12-20,40-80,4521.02
1605,Barcelona,Sarrià-Sant Gervasi,Venta,Piso,250263.0,62.9,2.0,1.0,Buen estado,1976-01-01,5,True,False,True,True,True,4.79,2025-01-16,40-80,3978.74
1606,Barcelona,Gràcia,Venta,Sin_clasificar,,,1.0,1.0,A reformar,1985-01-01,8,True,False,False,True,False,5.31,2025-02-27,,
1607,Barcelona,Sarrià-Sant Gervasi,Alquiler,Piso,563957.0,99.6,3.0,2.0,Buen estado,1990-01-01,4,True,False,False,False,False,,2024-10-11,80-120,5662.22
1608,Barcelona,Sarrià-Sant Gervasi,Alquiler,Piso,284989.0,72.9,2.0,1.0,Buen estado,1984-01-01,9,False,False,False,False,True,4.83,2024-12-16,40-80,3909.31
1609,Barcelona,Eixample,Alquiler,Piso,310033.0,83.2,3.0,2.0,Buen estado,1982-01-01,3,False,True,False,False,False,3.87,2025-03-31,80-120,3726.36
1610,Barcelona,Sarrià-Sant Gervasi,Venta,Piso,637261.0,119.9,3.0,2.0,Buen estado,2003-01-01,5,True,False,False,False,True,3.4,2025-02-05,80-120,5314.94
1611,Barcelona,Sarrià-Sant Gervasi,Venta,Piso,227249.0,55.5,2.0,1.0,Buen estado,1990-01-01,3,True,False,False,True,False,6.05,2024-12-26,40-80,4094.58
1612,Barcelona,Eixample,Alquiler,Piso,426167.0,97.5,3.0,2.0,Buen estado,1982-01-01,1,False,False,False,True,False,6.92,,80-120,4370.94
1613,Barcelona,Eixample,Venta,Piso,414441.0,87.3,3.0,2.0,Buen estado,1978-01-01,9,True,True,False,True,False,4.88,2024-10-23,80-120,4747.32
1614,Barcelona,Eixample,Alquiler,Piso,393210.0,91.0,3.0,2.0,Buen estado,2006-01-01,Bajo,True,True,False,True,True,7.28,2025-01-25,80-120,4320.99
1615,Barcelona,Sarrià-Sant Gervasi,Alquiler,Ático,,,3.0,1.0,Buen estado,1987-01-01,Ático,False,False,False,True,False,3.92,2025-03-31,,
1616,Barcelona,Sarrià-Sant Gervasi,Venta,Piso,323592.0,74.5,2.0,1.0,Buen estado,2001-01-01,Bajo,True,False,True,True,True,2.87,,40-80,4343.52
1617,Barcelona,Sarrià-Sant Gervasi,Alquiler,Ático,342689.0,63.2,2.0,1.0,Obra nueva,2022-01-01,Ático,False,True,False,True,False,6.97,2025-03-13,40-80,5422.29
1618,Barcelona,Eixample,Venta,Piso,,103.4,3.0,2.0,Buen estado,1979-01-01,8,False,False,True,True,True,5.88,2024-12-05,80-120,
1619,Barcelona,Gràcia,Venta,Piso,417314.0,94.0,3.0,2.0,Buen estado,1971-01-01,Bajo,True,True,False,True,True,4.27,2025-01-25,80-120,4439.51
1620,Barcelona,Ciutat Vella,Venta,Ático,306693.0,64.0,2.0,1.0,Buen estado,1963-01-01,Ático,True,False,False,True,True,5.17,2024-12-11,40-80,4792.08
1621,Barcelona,Sarrià-Sant Gervasi,Alquiler,Piso,486911.0,110.4,3.0,2.0,Buen estado,1991-01-01,7,True,False,False,False,True,4.18,2024-12-23,80-120,4410.43
1622,Barcelona,Sants-Montjuïc,Venta,Sin_clasificar,,,1.0,1.0,Buen estado,2003-01-01,3,True,False,True,False,True,6.54,,,
1623,Barcelona,Sarrià-Sant Gervasi,Alquiler,Piso,387128.0,74.1,2.0,1.0,Buen estado,1982-01-01,9,False,True,False,False,False,6.77,2025-02-10,40-80,5224.4
1624,Barcelona,Eixample,Venta,Piso,534499.0,107.3,3.0,2.0,Buen estado,1984-01-01,5,True,False,False,False,False,5.87,2024-11-05,80-120,4981.35
1625,Barcelona,Eixample,Venta,Piso,419725.0,92.3,3.0,2.0,Buen estado,1978-01-01,Bajo,False,True,False,False,False,2.25,2024-11-03,80-120,4547.4
1626,Barcelona,Ciutat Vella,Venta,Piso,,78.7,2.0,1.0,Buen estado,1998-01-01,2,True,False,False,False,True,5.22,2025-01-22,40-80,
1627,Barcelona,Eixample,Alquiler,Piso,347361.0,74.1,2.0,1.0,Obra nueva,2020-01-01,3,True,True,False,True,False,6.2,2025-02-06,40-80,4687.73
1628,Barcelona,Ciutat Vella,Venta,Piso,515286.0,102.1,3.0,2.0,Reformado,1981-01-01,8,False,False,False,True,False,6.43,2024-12-16,80-120,5046.88
1629,Barcelona,Eixample,Alquiler,Piso,282969.0,68.8,2.0,1.0,Buen estado,2002-01-01,2,False,True,False,False,True,5.18,2025-01-07,40-80,4112.92
1630,Barcelona,Ciutat Vella,Venta,Piso,806753.0,79.3,2.0,1.0,Obra nueva,2018-01-01,3,True,False,True,True,True,2.53,2024-12-20,40-80,10173.43
1631,Barcelona,Eixample,Venta,Piso,371109.0,77.5,2.0,1.0,Buen estado,1977-01-01,Bajo,True,False,False,False,True,5.94,2024-11-19,40-80,4788.5
1632,Barcelona,Gràcia,Alquiler,Piso,,101.5,3.0,2.0,A reformar,1997-01-01,1,True,False,False,False,False,7.84,2025-01-24,80-120,
1633,Barcelona,Ciutat Vella,Venta,Piso,257262.0,64.1,2.0,1.0,Obra nueva,2020-01-01,6,False,True,False,False,True,4.74,,40-80,4013.45
1634,Barcelona,Ciutat Vella,Venta,Piso,192620.0,43.9,2.0,1.0,Obra nueva,2019-01-01,2,False,True,True,False,False,2.6,2025-01-05,40-80,4387.7
1635,Barcelona,Sarrià-Sant Gervasi,Venta,Piso,428520.0,93.0,3.0,2.0,Buen estado,1980-01-01,5,True,True,False,True,True,3.34,2025-01-26,80-120,4607.74
1636,Barcelona,Sarrià-Sant Gervasi,Alquiler,Piso,460594.0,109.4,3.0,2.0,Buen estado,1943-01-01,7,True,True,False,False,False,5.51,2024-10-30,80-120,4210.18
1637,Barcelona,Ciutat Vella,Venta,Piso,404797.0,97.5,3.0,2.0,Buen estado,1962-01-01,3,True,False,False,True,False,7.1,2024-12-19,80-120,4151.76
1638,Barcelona,Eixample,Alquiler,Piso,386586.0,77.3,2.0,1.0,Buen estado,1974-01-01,6,True,False,False,True,False,6.18,2024-11-28,40-80,5001.11
1639,Barcelona,Ciutat Vella,Alquiler,Piso,583354.0,119.7,3.0,2.0,Obra nueva,2022-01-01,9,True,False,False,True,True,7.21,2024-11-24,80-120,4873.47
1640,Barcelona,Gràcia,Alquiler,Piso,244418.0,53.5,2.0,1.0,Buen estado,1994-01-01,3,False,False,False,True,False,3.87,2024-11-08,40-80,4568.56
1641,Barcelona,Gràcia,Venta,Piso,416833.0,108.3,3.0,2.0,Buen estado,1983-01-01,2,True,False,False,False,False,4.58,2025-01-26,80-120,3848.87
1642,Barcelona,Eixample,Venta,Piso,347267.0,69.2,2.0,1.0,Buen estado,1977-01-01,6,True,False,False,True,False,4.66,2025-02-20,40-80,5018.31
1643,Barcelona,Sants-Montjuïc,Alquiler,Piso,368451.0,82.0,3.0,2.0,Buen estado,1990-01-01,6,False,True,False,False,True,3.29,2025-02-08,80-120,4493.3
1644,Barcelona,Eixample,Venta,Piso,342496.0,75.8,2.0,1.0,Buen estado,1979-01-01,4,True,False,True,True,False,3.25,2025-01-10,40-80,4518.42
1645,Barcelona,Sants-Montjuïc,Alquiler,Piso,465836.0,111.9,3.0,2.0,Buen estado,1988-01-01,Bajo,False,False,False,True,False,6.44,2024-11-24,80-120,4162.97
1646,Barcelona,Eixample,Venta,Piso,277855.0,67.0,2.0,1.0,Buen estado,1991-01-01,4,True,True,False,False,False,5.78,2025-02-06,40-80,4147.09
1647,Barcelona,Sants-Montjuïc,Alquiler,Piso,304277.0,80.4,3.0,2.0,Buen estado,1992-01-01,7,False,False,False,False,False,4.15,2025-01-10,80-120,3784.54
1648,Barcelona,Sants-Montjuïc,Venta,Piso,421822.0,89.8,3.0,2.0,Buen estado,1984-01-01,8,True,False,False,True,False,4.56,2024-11-11,80-120,4697.35
1649,Barcelona,Sants-Montjuïc,Venta,Piso,516166.0,107.0,3.0,2.0,Obra nueva,2022-01-01,8,False,True,True,True,True,7.26,2025-03-12,80-120,4823.98
1650,Barcelona,Sants-Montjuïc,Venta,Piso,274428.0,65.1,2.0,1.0,Buen estado,1982-01-01,1,False,True,True,False,False,4.42,2024-11-05,40-80,4215.48
1651,Barcelona,Gràcia,Venta,Ático,289855.0,75.0,2.0,1.0,Buen estado,1985-01-01,Ático,True,True,True,False,False,6.41,2024-11-26,40-80,3864.73
1652,Barcelona,Gràcia,Alquiler,Piso,460131.0,105.3,3.0,2.0,Buen estado,1968-01-01,8,False,False,True,False,False,6.1,2025-03-16,80-120,4369.72
1653,Barcelona,Sants-Montjuïc,Venta,Piso,343808.0,85.8,3.0,2.0,Obra nueva,2022-01-01,2,True,True,False,True,False,5.5,2024-10-20,80-120,4007.09
1654,Barcelona,Gràcia,Venta,Piso,386524.0,97.7,3.0,2.0,Buen estado,2018-01-01,8,False,True,False,False,True,3.23,2025-01-05,80-120,3956.23
1655,Barcelona,Sants-Montjuïc,Venta,Piso,253372.0,70.0,2.0,1.0,Reformado,1966-01-01,1,True,False,True,True,False,4.65,2025-02-09,40-80,3619.6
1656,Barcelona,Ciutat Vella,Venta,Piso,383277.0,89.6,3.0,2.0,Obra nueva,2019-01-01,9,True,True,False,False,True,5.14,2024-12-18,80-120,4277.65
1657,Barcelona,Gràcia,Venta,Estudio,138259.0,30.0,0.0,1.0,Buen estado,1974-01-01,3,True,True,False,False,True,5.82,2025-01-18,0-40,4608.63
1658,Barcelona,Ciutat Vella,Venta,Piso,374804.0,76.5,2.0,1.0,A reformar,1991-01-01,2,True,False,True,False,False,3.87,2025-01-29,40-80,4899.4
1659,Barcelona,Sarrià-Sant Gervasi,Venta,Piso,239594.0,55.7,2.0,1.0,Buen estado,1996-01-01,4,False,False,False,False,True,1.03,2024-11-30,40-80,4301.51
1660,Barcelona,Gràcia,Venta,Piso,275758.0,67.2,2.0,1.0,Buen estado,1981-01-01,Bajo,False,True,True,True,False,6.8,2025-02-17,40-80,4103.54
1661,Barcelona,Ciutat Vella,Venta,Piso,450225.0,78.8,2.0,1.0,Buen estado,1992-01-01,3,False,True,False,False,False,5.16,2024-12-23,40-80,5713.52
1662,Barcelona,Sants-Montjuïc,Venta,Piso,448191.0,94.1,3.0,2.0,Buen estado,1969-01-01,3,False,True,True,False,False,4.62,2024-12-22,80-120,4762.92
1663,Barcelona,Eixample,Venta,Piso,267594.0,57.6,2.0,1.0,Buen estado,1990-01-01,2,True,False,True,False,True,3.84,,40-80,4645.73
1664,Barcelona,Eixample,Venta,Piso,283205.0,60.5,2.0,1.0,Obra nueva,2022-01-01,1,True,True,False,False,True,6.17,2024-10-09,40-80,4681.07
1665,Barcelona,Sants-Montjuïc,Venta,Piso,375620.0,98.6,3.0,2.0,Buen estado,1994-01-01,8,False,False,False,False,False,4.76,2024-12-15,80-120,3809.53
1666,Barcelona,Gràcia,Venta,Piso,308449.0,71.4,2.0,1.0,Buen estado,1986-01-01,Bajo,True,False,False,False,False,5.48,2025-03-18,40-80,4320.01
1667,Barcelona,Eixample,Alquiler,Sin_clasificar,,,4.0,1.0,A reformar,1987-01-01,2,False,False,False,True,False,7.51,2024-12-13,,
1668,Barcelona,Eixample,Venta,Piso,390208.0,75.4,2.0,1.0,Obra nueva,2022-01-01,1,True,True,False,True,True,5.42,2025-04-03,40-80,5175.17
1669,Barcelona,Ciutat Vella,Alquiler,Piso,353249.0,77.2,2.0,1.0,Buen estado,1997-01-01,9,False,False,False,False,False,4.1,2025-02-27,40-80,4575.76
1670,Barcelona,Gràcia,Alquiler,Estudio,115661.0,30.0,0.0,1.0,Buen estado,1997-01-01,9,True,True,True,False,True,4.9,2025-03-19,0-40,3855.37
1671,Barcelona,Ciutat Vella,Venta,Piso,426932.0,80.6,3.0,2.0,Obra nueva,2020-01-01,2,True,True,False,True,False,,2025-02-08,80-120,5296.92
1672,Barcelona,Eixample,Venta,Piso,422313.0,88.4,3.0,2.0,Obra nueva,2019-01-01,3,True,True,True,True,True,5.41,2025-03-03,80-120,4777.3
1673,Barcelona,Ciutat Vella,Alquiler,Piso,497961.0,104.8,3.0,2.0,Buen estado,1992-01-01,4,False,False,True,True,False,4.6,2024-11-19,80-120,4751.54
1674,Barcelona,Gràcia,Alquiler,Piso,329573.0,60.5,2.0,1.0,Buen estado,2005-01-01,2,True,True,False,True,True,4.21,2024-10-27,40-80,5447.49
1675,Barcelona,Ciutat Vella,Venta,Piso,335575.0,72.7,2.0,1.0,A reformar,1986-01-01,1,False,True,True,False,False,4.5,2025-02-20,40-80,4615.89
1676,Barcelona,Gràcia,Alquiler,Piso,451456.0,95.1,3.0,2.0,Buen estado,1990-01-01,6,False,True,False,False,False,4.6,2025-01-15,80-120,4747.17
1677,Barcelona,Eixample,Venta,Piso,393287.0,85.5,3.0,2.0,Obra nueva,2018-01-01,2,True,False,False,False,True,4.42,2024-12-11,80-120,4599.85
1678,Barcelona,Eixample,Venta,Piso,242097.0,52.0,2.0,1.0,Buen estado,1950-01-01,Bajo,True,True,False,False,True,5.41,,40-80,4655.71
1679,Barcelona,Sarrià-Sant Gervasi,Alquiler,Piso,414262.0,86.0,3.0,2.0,Obra nueva,2019-01-01,2,False,True,False,True,False,4.06,2025-02-08,80-120,4817.0
1680,Barcelona,Sarrià-Sant Gervasi,Alquiler,Piso,610003.0,122.2,4.0,2.0,Buen estado,1982-01-01,7,True,True,False,True,False,6.82,2024-11-17,120-160,4991.84
1681,Barcelona,Gràcia,Venta,Piso,314174.0,60.4,2.0,1.0,Buen estado,2003-01-01,1,True,False,False,True,False,4.82,2024-10-14,40-80,5201.56
1682,Barcelona,Eixample,Venta,Piso,287455.0,62.9,2.0,1.0,Buen estado,1983-01-01,6,False,False,False,False,False,2.84,2024-11-14,40-80,4570.03
1683,Barcelona,Eixample,Alquiler,Piso,265997.0,58.4,2.0,1.0,Buen estado,1985-01-01,2,True,False,False,False,False,5.54,2025-01-07,40-80,4554.74
1684,Barcelona,Sants-Montjuïc,Venta,Piso,385889.0,78.6,2.0,1.0,Buen estado,1976-01-01,1,True,False,True,True,False,4.07,2025-02-11,40-80,4909.53
1685,Barcelona,Gràcia,Alquiler,Piso,528287.0,97.9,3.0,2.0,A reformar,2003-01-01,4,False,True,False,False,True,3.21,2025-01-08,80-120,5396.19
1686,Barcelona,Eixample,Venta,Piso,560667.0,127.8,4.0,2.0,Reformado,1998-01-01,1,True,True,False,True,True,5.66,2024-10-20,120-160,4387.07
1687,Barcelona,Sarrià-Sant Gervasi,Venta,Piso,,93.4,3.0,2.0,Buen estado,1973-01-01,2,False,False,True,True,True,5.44,2025-03-31,80-120,
1688,Barcelona,Ciutat Vella,Venta,Piso,326617.0,76.0,2.0,1.0,Buen estado,1986-01-01,4,True,True,True,False,True,6.38,2025-01-06,40-80,4297.59
1689,Barcelona,Eixample,Venta,Piso,391054.0,84.4,3.0,2.0,Buen estado,1979-01-01,4,True,True,False,False,False,6.03,2024-10-28,80-120,4633.34
1690,Barcelona,Eixample,Alquiler,Piso,492014.0,101.0,3.0,2.0,Obra nueva,2019-01-01,5,True,True,False,True,True,5.16,2024-11-15,80-120,4871.43
1691,Barcelona,Ciutat Vella,Venta,Piso,,88.8,3.0,2.0,A reformar,1989-01-01,1,True,True,False,False,False,5.0,2024-11-06,80-120,
1692,Barcelona,Sarrià-Sant Gervasi,Venta,Piso,375906.0,101.0,3.0,2.0,Buen estado,1979-01-01,5,False,False,False,True,False,7.47,2024-11-10,80-120,3721.84
1693,Barcelona,Gràcia,Alquiler,Piso,428908.0,94.0,3.0,2.0,Buen estado,2008-01-01,7,True,False,False,False,True,8.34,2025-04-04,80-120,4562.85
1694,Barcelona,Ciutat Vella,Venta,Ático,414280.0,106.5,3.0,2.0,Buen estado,2002-01-01,Ático,True,True,False,False,True,5.09,2024-12-10,80-120,3889.95
1695,Barcelona,Ciutat Vella,Venta,Piso,323641.0,63.7,2.0,1.0,Buen estado,1981-01-01,8,True,False,True,True,True,4.99,2025-02-23,40-80,5080.71
1696,Barcelona,Gràcia,Venta,Piso,349326.0,70.2,2.0,1.0,Buen estado,1998-01-01,9,True,True,True,False,True,5.83,2025-04-04,40-80,4976.15
1697,Barcelona,Gràcia,Alquiler,Piso,378434.0,72.2,2.0,1.0,Buen estado,1971-01-01,Bajo,True,True,False,True,False,3.65,2025-01-09,40-80,5241.47
1698,Barcelona,Sarrià-Sant Gervasi,Venta,Piso,275995.0,76.9,2.0,1.0,Buen estado,1996-01-01,5,True,True,False,False,True,5.15,2025-01-09,40-80,3589.01
1699,Barcelona,Gràcia,Venta,Piso,370229.0,76.0,2.0,1.0,Reformado,1969-01-01,6,True,False,False,False,True,4.14,2024-12-10,40-80,4871.43
1700,Barcelona,Gràcia,Alquiler,Sin_clasificar,,,2.0,1.0,Buen estado,1982-01-01,2,True,False,False,True,True,3.9,2025-01-13,,
1701,Barcelona,Eixample,Venta,Piso,366601.0,81.8,3.0,2.0,Buen estado,1983-01-01,1,False,True,False,False,False,6.58,2025-03-27,80-120,4481.67
1702,Barcelona,Sarrià-Sant Gervasi,Venta,Piso,315682.0,72.4,2.0,1.0,Reformado,1996-01-01,Bajo,True,False,False,False,False,4.3,2024-11-15,40-80,4360.25
1703,Barcelona,Sants-Montjuïc,Venta,Piso,284982.0,77.6,2.0,1.0,Buen estado,1974-01-01,6,False,True,True,True,True,6.02,2024-11-16,40-80,3672.45
1704,Barcelona,Gràcia,Venta,Piso,546104.0,115.5,3.0,2.0,Buen estado,2005-01-01,4,False,True,False,True,False,5.86,,80-120,4728.17
1705,Barcelona,Ciutat Vella,Alquiler,Piso,320282.0,70.8,2.0,1.0,Buen estado,1993-01-01,Bajo,True,False,False,False,False,6.32,2024-12-21,40-80,4523.76
1706,Barcelona,Eixample,Venta,Piso,490776.0,102.4,3.0,2.0,Buen estado,1985-01-01,2,True,True,False,False,False,3.01,2025-02-14,80-120,4792.73
1707,Barcelona,Gràcia,Venta,Piso,461476.0,113.4,3.0,2.0,Buen estado,1983-01-01,7,False,True,False,True,True,5.13,2025-02-27,80-120,4069.45
1708,Barcelona,Sants-Montjuïc,Alquiler,Piso,298894.0,71.4,2.0,1.0,Obra nueva,2021-01-01,2,True,False,False,False,False,5.05,2024-12-17,40-80,4186.19
1709,Barcelona,Eixample,Venta,Sin_clasificar,,,3.0,1.0,Buen estado,1975-01-01,3,False,False,False,False,True,4.7,2025-01-19,,
1710,Barcelona,Sarrià-Sant Gervasi,Venta,Piso,215146.0,46.7,2.0,1.0,Obra nueva,2022-01-01,9,False,True,True,False,True,4.61,,40-80,4606.98
1711,Barcelona,Ciutat Vella,Venta,Piso,465183.0,87.1,3.0,2.0,Buen estado,1987-01-01,6,True,False,False,False,True,3.91,2024-11-20,80-120,5340.79
1712,Barcelona,Eixample,Alquiler,Piso,592455.0,135.3,4.0,2.0,Buen estado,2009-01-01,1,True,True,False,True,False,6.3,2024-11-04,120-160,4378.82
1713,Barcelona,Eixample,Venta,Piso,332767.0,71.2,2.0,1.0,Buen estado,1992-01-01,3,True,True,False,False,False,4.57,2024-12-20,40-80,4673.69
1714,Barcelona,Gràcia,Venta,Piso,374911.0,80.3,3.0,2.0,Buen estado,1988-01-01,4,True,True,False,False,False,3.79,2024-11-26,80-120,4668.88
1715,Barcelona,Sarrià-Sant Gervasi,Venta,Piso,374094.0,70.9,2.0,1.0,Buen estado,1989-01-01,1,False,True,False,True,False,4.92,,40-80,5276.36
1716,Barcelona,Sarrià-Sant Gervasi,Venta,Piso,419936.0,96.3,3.0,2.0,Buen estado,1988-01-01,Bajo,False,False,False,False,False,4.71,2024-12-28,80-120,4360.71
1717,Barcelona,Eixample,Alquiler,Piso,256589.0,57.1,2.0,1.0,Buen estado,2002-01-01,4,True,False,False,False,False,5.03,2025-01-18,40-80,4493.68
1718,Barcelona,Sarrià-Sant Gervasi,Venta,Ático,442227.0,87.7,3.0,2.0,Obra nueva,2019-01-01,Ático,False,True,False,True,False,4.24,2024-11-02,80-120,5042.5
1719,Barcelona,Sants-Montjuïc,Venta,Piso,545398.0,124.2,4.0,2.0,Buen estado,1994-01-01,2,True,False,False,False,False,4.83,2024-10-15,120-160,4391.29
1720,Barcelona,Sarrià-Sant Gervasi,Alquiler,Piso,432578.0,102.0,3.0,2.0,Reformado,1977-01-01,Bajo,False,True,False,True,True,4.73,2024-12-22,80-120,4240.96
1721,Barcelona,Gràcia,Venta,Piso,252885.0,51.0,2.0,1.0,Reformado,1975-01-01,1,True,False,False,False,False,6.46,2024-12-07,40-80,4958.53
1722,Barcelona,Gràcia,Alquiler,Piso,340571.0,98.1,3.0,2.0,Obra nueva,2019-01-01,8,True,True,False,False,True,4.23,2025-02-18,80-120,3471.67
1723,Barcelona,Sarrià-Sant Gervasi,Venta,Piso,403189.0,104.3,3.0,2.0,Buen estado,1980-01-01,2,False,False,False,True,False,,2025-01-03,80-120,3865.67
1724,Barcelona,Sants-Montjuïc,Venta,Ático,,96.8,3.0,2.0,Buen estado,1995-01-01,Ático,False,False,True,False,True,7.51,2025-01-16,80-120,
1725,Barcelona,Gràcia,Venta,Piso,340646.0,86.7,3.0,2.0,Buen estado,1965-01-01,2,True,True,True,True,False,4.6,,80-120,3929.02
1726,Barcelona,Ciutat Vella,Venta,Piso,257678.0,58.6,2.0,1.0,Obra nueva,2020-01-01,8,True,True,False,True,False,4.85,2024-10-31,40-80,4397.24
1727,Barcelona,Ciutat Vella,Venta,Piso,367135.0,82.6,3.0,2.0,Reformado,2000-01-01,2,True,False,True,False,True,2.88,2024-10-26,80-120,4444.73
1728,Barcelona,Sants-Montjuïc,Venta,Piso,516046.0,100.4,3.0,2.0,Buen estado,1980-01-01,7,True,True,False,False,False,4.53,2024-12-14,80-120,5139.9
1729,Barcelona,Ciutat Vella,Alquiler,Piso,388307.0,102.9,3.0,2.0,Buen estado,2014-01-01,2,True,True,False,False,True,3.16,2024-11-09,80-120,3773.63
1730,Barcelona,Sarrià-Sant Gervasi,Venta,Piso,527358.0,98.9,3.0,2.0,Buen estado,2000-01-01,6,False,False,False,False,False,5.88,2025-03-16,80-120,5332.23
1731,Barcelona,Gràcia,Venta,Piso,308585.0,65.9,2.0,1.0,Buen estado,2008-01-01,5,False,True,True,False,True,4.46,2025-01-12,40-80,4682.63
1732,Barcelona,Eixample,Venta,Ático,385335.0,78.4,2.0,1.0,Buen estado,1979-01-01,Ático,True,False,False,True,False,6.11,2024-10-19,40-80,4914.99
1733,Barcelona,Sarrià-Sant Gervasi,Alquiler,Piso,,99.7,3.0,2.0,Obra nueva,2023-01-01,8,True,True,False,True,False,3.95,2024-10-11,80-120,
1734,Barcelona,Gràcia,Alquiler,Piso,405999.0,87.6,3.0,2.0,Buen estado,1970-01-01,6,False,True,False,True,False,8.06,2024-10-27,80-120,4634.69
1735,Barcelona,Gràcia,Venta,Piso,336052.0,78.4,2.0,1.0,Buen estado,1979-01-01,7,False,True,False,True,True,5.23,2025-02-05,40-80,4286.38
1736,Barcelona,Sarrià-Sant Gervasi,Alquiler,Piso,283716.0,59.0,2.0,1.0,Buen estado,1985-01-01,1,True,True,False,False,False,7.72,2025-01-18,40-80,4808.75
1737,Barcelona,Ciutat Vella,Venta,Piso,273994.0,60.5,2.0,1.0,Buen estado,1982-01-01,9,False,True,False,False,False,4.18,2025-02-10,40-80,4528.83
1738,Barcelona,Gràcia,Alquiler,Piso,356686.0,104.8,3.0,2.0,Buen estado,1999-01-01,Bajo,True,True,False,True,True,5.97,2025-02-25,80-120,3403.49
1739,Barcelona,Gràcia,Alquiler,Piso,294711.0,63.9,2.0,1.0,Buen estado,1991-01-01,9,True,True,False,True,True,2.05,2024-10-17,40-80,4612.07
1740,Barcelona,Sarrià-Sant Gervasi,Alquiler,Piso,239748.0,61.9,2.0,1.0,Obra nueva,2021-01-01,7,True,True,False,True,False,2.84,2024-12-02,40-80,3873.15
1741,Barcelona,Eixample,Venta,Piso,411366.0,78.7,2.0,1.0,Obra nueva,2021-01-01,4,True,True,True,True,False,2.75,2024-12-12,40-80,5227.01
1742,Barcelona,Gràcia,Venta,Piso,297114.0,76.5,2.0,1.0,Buen estado,2006-01-01,4,True,True,True,True,True,4.56,2025-02-01,40-80,3883.84
1743,Barcelona,Ciutat Vella,Venta,Piso,410214.0,81.7,3.0,2.0,Buen estado,1977-01-01,Bajo,True,False,True,True,False,6.15,2024-11-01,80-120,5020.98
1744,Barcelona,Ciutat Vella,Venta,Sin_clasificar,,,2.0,1.0,Buen estado,1980-01-01,5,True,False,False,True,False,5.08,,,
1745,Barcelona,Ciutat Vella,Venta,Piso,231216.0,56.2,2.0,1.0,Buen estado,2008-01-01,6,False,False,True,False,False,6.93,2025-01-07,40-80,4114.16
1746,Barcelona,Sarrià-Sant Gervasi,Venta,Piso,491507.0,115.9,3.0,2.0,Obra nueva,2022-01-01,3,True,False,False,False,True,2.25,2024-10-28,80-120,4240.79
1747,Barcelona,Sarrià-Sant Gervasi,Venta,Piso,555465.0,109.6,3.0,2.0,A reformar,1985-01-01,5,False,False,False,False,True,3.92,2024-10-12,80-120,5068.11
1748,Barcelona,Gràcia,Alquiler,Piso,428567.0,112.7,3.0,2.0,Buen estado,1966-01-01,5,True,False,False,True,True,3.05,2024-11-07,80-120,3802.72
1749,Barcelona,Ciutat Vella,Venta,Piso,319388.0,64.1,2.0,1.0,A reformar,2001-01-01,2,False,False,False,False,True,6.12,,40-80,4982.65
1750,Barcelona,Ciutat Vella,Venta,Piso,466223.0,106.1,3.0,2.0,Buen estado,1996-01-01,3,True,True,False,True,False,4.22,2025-01-24,80-120,4394.18
1751,Barcelona,Sarrià-Sant Gervasi,Alquiler,Piso,398062.0,100.3,3.0,2.0,Buen estado,2001-01-01,3,True,False,True,True,True,5.15,2024-11-26,80-120,3968.71
1752,Barcelona,Sarrià-Sant Gervasi,Alquiler,Piso,480618.0,90.3,3.0,2.0,Buen estado,1968-01-01,4,True,True,False,True,False,4.78,2024-12-26,80-120,5322.46
1753,Barcelona,Sarrià-Sant Gervasi,Alquiler,Piso,257255.0,55.0,2.0,1.0,Buen estado,1989-01-01,7,True,False,False,True,False,6.11,2025-01-22,40-80,4677.36
1754,Barcelona,Ciutat Vella,Venta,Piso,342297.0,88.8,3.0,2.0,Buen estado,1946-01-01,5,False,True,True,True,True,6.02,2024-11-07,80-120,3854.7
1755,Barcelona,Gràcia,Venta,Piso,465940.0,84.6,3.0,2.0,Buen estado,2017-01-01,2,True,False,False,False,True,5.11,2025-02-24,80-120,5507.57
1756,Barcelona,Ciutat Vella,Venta,Piso,475888.0,112.7,3.0,2.0,Buen estado,1980-01-01,6,True,False,False,False,False,4.34,2025-03-20,80-120,4222.61
1757,Barcelona,Sants-Montjuïc,Alquiler,Piso,266174.0,50.0,2.0,1.0,Reformado,1963-01-01,1,True,False,False,False,False,2.57,2024-10-31,40-80,5323.48
1758,Barcelona,Eixample,Venta,Piso,456068.0,98.5,3.0,2.0,Reformado,1979-01-01,1,True,False,True,True,False,6.14,2025-02-13,80-120,4630.13
1759,Barcelona,Sarrià-Sant Gervasi,Alquiler,Piso,181469.0,46.0,2.0,1.0,Buen estado,1993-01-01,9,False,False,True,True,False,4.64,2024-10-17,40-80,3944.98
1760,Barcelona,Sants-Montjuïc,Alquiler,Piso,348522.0,97.8,3.0,2.0,Obra nueva,2022-01-01,6,True,True,False,True,False,,2024-11-07,80-120,3563.62
1761,Barcelona,Gràcia,Alquiler,Piso,424100.0,78.3,2.0,1.0,Buen estado,1979-01-01,7,False,False,True,False,False,3.18,2025-01-22,40-80,5416.35
1762,Barcelona,Ciutat Vella,Venta,Piso,466810.0,98.6,3.0,2.0,Buen estado,1981-01-01,4,True,True,False,False,False,5.74,2024-12-16,80-120,4734.38
1763,Barcelona,Sants-Montjuïc,Venta,Ático,,48.1,2.0,1.0,Reformado,1991-01-01,Ático,True,False,True,True,False,5.6,2024-12-09,40-80,
1764,Barcelona,Eixample,Alquiler,Piso,275170.0,55.2,2.0,1.0,Buen estado,1990-01-01,2,True,True,False,False,False,5.96,2025-01-12,40-80,4984.96
1765,Barcelona,Sarrià-Sant Gervasi,Alquiler,Piso,428773.0,104.3,3.0,2.0,Buen estado,1985-01-01,9,True,False,True,False,False,6.23,2025-01-27,80-120,4110.96
1766,Barcelona,Gràcia,Venta,Piso,299425.0,77.3,2.0,1.0,Buen estado,1983-01-01,6,True,True,False,False,False,5.99,2024-10-22,40-80,3873.54
1767,Barcelona,Sarrià-Sant Gervasi,Venta,Sin_clasificar,,,1.0,1.0,Buen estado,1980-01-01,2,True,True,True,False,False,5.96,2025-01-20,,
1768,Barcelona,Sants-Montjuïc,Venta,Piso,356300.0,83.1,3.0,2.0,Buen estado,1961-01-01,2,False,False,False,False,False,4.8,2025-02-15,80-120,4287.61
1769,Barcelona,Eixample,Venta,Estudio,200838.0,37.1,0.0,1.0,Obra nueva,2023-01-01,4,False,False,True,True,False,3.75,2025-02-27,0-40,5413.42
1770,Barcelona,Gràcia,Alquiler,Piso,356823.0,82.0,3.0,2.0,Buen estado,1973-01-01,6,True,False,False,False,True,7.82,2024-10-11,80-120,4351.5
1771,Barcelona,Sarrià-Sant Gervasi,Venta,Piso,331047.0,70.4,2.0,1.0,Buen estado,2000-01-01,1,True,True,False,False,False,1.85,,40-80,4702.37
1772,Barcelona,Ciutat Vella,Venta,Ático,265928.0,56.0,2.0,1.0,A reformar,1987-01-01,Ático,False,False,False,False,True,4.82,2025-03-19,40-80,4748.71
1773,Barcelona,Sants-Montjuïc,Venta,Piso,497492.0,99.5,3.0,2.0,Buen estado,1989-01-01,3,True,True,False,False,True,6.1,2025-02-23,80-120,4999.92
1774,Barcelona,Gràcia,Alquiler,Piso,261551.0,59.2,2.0,1.0,Buen estado,1990-01-01,4,False,False,False,True,False,3.18,,40-80,4418.09
1775,Barcelona,Eixample,Venta,Ático,408118.0,103.2,3.0,2.0,Buen estado,1977-01-01,Ático,True,False,True,True,True,4.37,2025-03-06,80-120,3954.63
1776,Barcelona,Eixample,Venta,Piso,475211.0,89.3,3.0,2.0,Buen estado,1996-01-01,2,False,True,False,False,False,6.85,2024-12-20,80-120,5321.51
1777,Barcelona,Sants-Montjuïc,Alquiler,Piso,331875.0,64.9,2.0,1.0,Buen estado,1998-01-01,5,False,False,False,True,True,4.43,2024-12-01,40-80,5113.64
1778,Barcelona,Ciutat Vella,Venta,Piso,299071.0,76.2,2.0,1.0,Buen estado,1977-01-01,7,False,True,False,False,False,7.45,2025-03-18,40-80,3924.82
1779,Barcelona,Eixample,Venta,Ático,391802.0,84.8,3.0,2.0,Reformado,1984-01-01,Ático,True,True,False,False,True,4.42,2025-02-01,80-120,4620.31
1780,Barcelona,Gràcia,Venta,Piso,264289.0,74.4,2.0,1.0,Buen estado,1977-01-01,9,True,True,False,True,True,5.06,2025-03-19,40-80,3552.27
1781,Barcelona,Sarrià-Sant Gervasi,Alquiler,Piso,283717.0,78.2,2.0,1.0,Buen estado,1982-01-01,5,True,False,False,True,True,2.22,2025-02-09,40-80,3628.09
1782,Barcelona,Sarrià-Sant Gervasi,Venta,Piso,326277.0,76.0,2.0,1.0,Buen estado,1973-01-01,4,False,True,False,False,False,3.03,2024-11-09,40-80,4293.12
1783,Barcelona,Gràcia,Venta,Piso,445354.0,96.1,3.0,2.0,Buen estado,1963-01-01,2,True,False,False,False,True,4.61,2024-12-03,80-120,4634.28
1784,Barcelona,Sants-Montjuïc,Venta,Piso,420817.0,87.7,3.0,2.0,Buen estado,1991-01-01,3,True,False,False,False,True,,2024-10-30,80-120,4798.37
1785,Barcelona,Gràcia,Venta,Piso,414250.0,82.1,3.0,2.0,A reformar,1976-01-01,5,True,False,False,True,True,5.88,2025-02-27,80-120,5045.68
1786,Barcelona,Sants-Montjuïc,Venta,Piso,329291.0,68.0,2.0,1.0,Buen estado,2001-01-01,6,True,False,False,False,True,4.76,2024-11-27,40-80,4842.51
1787,Barcelona,Sants-Montjuïc,Venta,Piso,411770.0,93.5,3.0,2.0,Reformado,2020-01-01,4,True,False,False,False,False,2.69,2025-01-17,80-120,4403.96
1788,Barcelona,Eixample,Venta,Piso,347591.0,67.9,2.0,1.0,Buen estado,1964-01-01,3,True,False,False,False,False,7.74,2025-02-10,40-80,5119.16
1789,Barcelona,Ciutat Vella,Alquiler,Piso,333249.0,71.8,2.0,1.0,Obra nueva,2020-01-01,9,True,True,False,True,False,6.07,2024-11-05,40-80,4641.35
1790,Barcelona,Sarrià-Sant Gervasi,Venta,Ático,308006.0,63.9,2.0,1.0,Buen estado,1996-01-01,Ático,True,False,False,False,False,,2024-10-25,40-80,4820.13
1791,Barcelona,Ciutat Vella,Venta,Piso,324050.0,72.8,2.0,1.0,Buen estado,1978-01-01,9,True,True,False,False,False,4.12,2025-01-21,40-80,4451.24
1792,Barcelona,Sants-Montjuïc,Venta,Piso,589987.0,157.75,4.0,2.0,A reformar,1998-01-01,8,True,True,True,False,False,6.44,2025-01-07,120-160,3740.01
1793,Barcelona,Ciutat Vella,Venta,Piso,497748.0,90.2,3.0,2.0,Buen estado,2010-01-01,2,False,True,False,False,False,3.41,2025-01-08,80-120,5518.27
1794,Barcelona,Gràcia,Venta,Piso,334116.0,75.8,2.0,1.0,Buen estado,1981-01-01,5,True,False,True,False,True,4.47,2024-11-09,40-80,4407.86
1795,Barcelona,Eixample,Venta,Piso,424989.0,98.5,3.0,2.0,Buen estado,1969-01-01,7,False,True,True,False,True,7.15,2025-03-03,80-120,4314.61
1796,Barcelona,Sants-Montjuïc,Alquiler,Piso,291358.0,70.5,2.0,1.0,Buen estado,1988-01-01,9,True,True,False,False,False,4.52,2024-12-02,40-80,4132.74
1797,Barcelona,Sarrià-Sant Gervasi,Venta,Piso,415860.0,95.9,3.0,2.0,Obra nueva,2023-01-01,1,True,True,False,True,True,5.6,2025-03-04,80-120,4336.39
1798,Barcelona,Ciutat Vella,Venta,Piso,289524.0,69.4,2.0,1.0,Obra nueva,2019-01-01,3,False,False,True,False,True,5.76,2024-10-21,40-80,4171.82
1799,Barcelona,Ciutat Vella,Venta,Piso,383728.0,103.1,3.0,2.0,Buen estado,1979-01-01,1,False,True,True,False,False,3.73,2025-02-01,80-120,3721.9
1800,Barcelona,Gràcia,Venta,Sin_clasificar,,,5.0,2.0,Buen estado,1977-01-01,Bajo,False,False,False,False,False,5.33,2024-12-20,,
1801,Barcelona,Eixample,Venta,Piso,428486.0,90.2,3.0,2.0,A reformar,2001-01-01,7,True,True,False,True,True,7.85,2024-12-20,80-120,4750.4
1802,Barcelona,Gràcia,Alquiler,Piso,358513.0,78.8,2.0,1.0,Reformado,1991-01-01,8,True,False,False,False,False,5.55,2024-10-19,40-80,4549.66
1803,Barcelona,Sants-Montjuïc,Venta,Piso,427385.0,79.6,2.0,1.0,Buen estado,1991-01-01,6,True,True,True,False,False,3.64,2024-12-25,40-80,5369.16
1804,Barcelona,Sants-Montjuïc,Venta,Piso,463309.0,94.9,3.0,2.0,Buen estado,1954-01-01,5,True,False,False,True,True,8.42,2025-02-12,80-120,4882.08
1805,Barcelona,Sarrià-Sant Gervasi,Venta,Piso,355950.0,73.1,2.0,1.0,A reformar,1992-01-01,7,True,False,False,False,False,3.96,2025-03-22,40-80,4869.36
1806,Barcelona,Eixample,Alquiler,Piso,231569.0,49.5,2.0,1.0,Buen estado,1986-01-01,3,True,True,True,False,False,3.65,2024-10-21,40-80,4678.16
1807,Barcelona,Eixample,Venta,Piso,,71.3,2.0,1.0,Reformado,1998-01-01,6,True,True,False,False,False,6.22,2024-12-05,40-80,
1808,Barcelona,Gràcia,Venta,Piso,326352.0,84.8,3.0,2.0,Obra nueva,2022-01-01,Bajo,True,True,False,False,True,6.64,2025-04-03,80-120,3848.49
1809,Barcelona,Eixample,Venta,Piso,395827.0,82.2,3.0,2.0,Buen estado,1987-01-01,4,True,True,True,True,False,5.63,2024-10-28,80-120,4815.41
1810,Barcelona,Sants-Montjuïc,Venta,Piso,592607.0,113.87,3.0,2.0,Obra nueva,2020-01-01,2,True,True,False,True,True,5.82,2024-11-13,80-120,5204.24
1811,Barcelona,Sarrià-Sant Gervasi,Venta,Piso,374298.0,73.2,2.0,1.0,Reformado,1994-01-01,9,True,False,True,True,False,7.44,,40-80,5113.36
1812,Barcelona,Ciutat Vella,Venta,Piso,211252.0,47.8,2.0,1.0,Buen estado,1988-01-01,7,True,False,True,True,True,5.77,2025-03-27,40-80,4419.5
1813,Barcelona,Ciutat Vella,Alquiler,Estudio,188908.0,36.8,0.0,1.0,Obra nueva,2019-01-01,1,True,False,False,False,False,7.0,2024-12-15,0-40,5133.37
1814,Barcelona,Sants-Montjuïc,Alquiler,Ático,468221.0,93.4,3.0,2.0,Obra nueva,2019-01-01,Ático,True,True,False,True,True,4.21,2025-03-23,80-120,5013.07
1815,Barcelona,Gràcia,Venta,Piso,452374.0,94.7,3.0,2.0,Buen estado,2005-01-01,3,False,False,False,True,False,2.51,2024-10-12,80-120,4776.92
1816,Barcelona,Gràcia,Venta,Piso,249470.0,52.9,2.0,1.0,Buen estado,1970-01-01,5,True,False,False,True,True,4.31,2024-12-01,40-80,4715.88
1817,Barcelona,Sarrià-Sant Gervasi,Alquiler,Piso,540913.0,122.6,4.0,2.0,Buen estado,1987-01-01,4,True,True,False,True,False,4.11,2025-02-02,120-160,4412.01
1818,Barcelona,Gràcia,Alquiler,Piso,327115.0,75.8,2.0,1.0,Buen estado,1990-01-01,5,True,False,False,False,False,6.13,2025-01-15,40-80,4315.5
1819,Barcelona,Ciutat Vella,Alquiler,Piso,331831.0,74.4,2.0,1.0,Obra nueva,2019-01-01,1,True,False,False,False,True,6.42,2024-12-19,40-80,4460.09
1820,Barcelona,Ciutat Vella,Venta,Ático,378562.0,96.5,3.0,2.0,Reformado,1981-01-01,Ático,False,True,True,False,True,2.97,2024-11-04,80-120,3922.92
1821,Barcelona,Gràcia,Venta,Piso,324964.0,69.5,2.0,1.0,Buen estado,1988-01-01,Bajo,False,False,False,False,True,2.76,2025-02-03,40-80,4675.74
1822,Barcelona,Gràcia,Venta,Piso,368257.0,103.2,3.0,2.0,Buen estado,1973-01-01,5,False,True,True,True,True,1.67,2024-12-15,80-120,3568.38
1823,Barcelona,Eixample,Alquiler,Piso,526132.0,107.5,3.0,2.0,Buen estado,2016-01-01,2,False,False,False,True,False,6.42,2025-01-18,80-120,4894.25
1824,Barcelona,Sarrià-Sant Gervasi,Venta,Piso,449227.0,97.6,3.0,2.0,Buen estado,1999-01-01,5,True,False,True,False,True,2.58,2024-11-03,80-120,4602.74
1825,Barcelona,Eixample,Venta,Piso,399700.0,88.2,3.0,2.0,Buen estado,1972-01-01,4,False,False,False,True,False,3.09,2024-11-26,80-120,4531.75
1826,Barcelona,Ciutat Vella,Venta,Piso,365910.0,89.0,3.0,2.0,Buen estado,1985-01-01,8,True,False,False,False,False,8.73,2025-01-27,80-120,4111.35
1827,Barcelona,Eixample,Venta,Piso,,107.8,3.0,2.0,A reformar,2019-01-01,3,True,False,True,False,False,5.8,2024-11-07,80-120,
1828,Barcelona,Eixample,Alquiler,Piso,445757.0,117.7,3.0,2.0,Buen estado,1991-01-01,8,True,False,True,False,True,3.3,2024-11-03,80-120,3787.23
1829,Barcelona,Sants-Montjuïc,Venta,Piso,499942.0,113.9,3.0,2.0,Obra nueva,2021-01-01,6,True,True,False,True,False,4.28,2024-11-03,80-120,4389.31
1830,Barcelona,Gràcia,Alquiler,Piso,437816.0,109.1,3.0,2.0,Buen estado,2005-01-01,3,False,False,False,False,False,4.91,2024-11-21,80-120,4012.98
1831,Barcelona,Gràcia,Venta,Piso,401152.0,114.9,3.0,2.0,Buen estado,1990-01-01,Bajo,True,False,False,True,False,7.75,2024-11-02,80-120,3491.31
1832,Barcelona,Gràcia,Venta,Piso,291722.0,70.7,2.0,1.0,Buen estado,1981-01-01,4,True,False,False,False,True,3.13,2025-04-03,40-80,4126.2
1833,Barcelona,Gràcia,Venta,Piso,313226.0,65.7,2.0,1.0,Buen estado,1986-01-01,5,False,False,False,False,False,6.79,2025-02-02,40-80,4767.52
1834,Barcelona,Gràcia,Alquiler,Piso,508723.0,98.3,3.0,2.0,Buen estado,1970-01-01,Bajo,False,True,False,True,True,5.02,2024-11-23,80-120,5175.21
1835,Barcelona,Sants-Montjuïc,Alquiler,Piso,220113.0,74.2,2.0,1.0,Obra nueva,2018-01-01,9,True,False,False,True,False,4.99,2025-01-07,40-80,2966.48
1836,Barcelona,Ciutat Vella,Venta,Sin_clasificar,,,1.0,2.0,Buen estado,1979-01-01,1,True,True,False,False,False,,,,
1837,Barcelona,Eixample,Venta,Piso,400750.0,91.5,3.0,2.0,Obra nueva,2022-01-01,8,True,True,False,True,True,4.31,2024-11-20,80-120,4379.78
1838,Barcelona,Gràcia,Alquiler,Piso,380920.0,87.6,3.0,2.0,Obra nueva,2020-01-01,7,False,True,True,True,True,1.19,2025-02-11,80-120,4348.4
1839,Barcelona,Sants-Montjuïc,Alquiler,Piso,431840.0,93.6,3.0,2.0,Buen estado,2003-01-01,5,False,True,False,False,True,5.0,2025-02-03,80-120,4613.68
1840,Barcelona,Eixample,Alquiler,Piso,206471.0,44.5,2.0,1.0,Buen estado,1993-01-01,8,True,True,False,True,False,5.22,2025-03-27,40-80,4639.8
1841,Barcelona,Sarrià-Sant Gervasi,Venta,Ático,306742.0,73.1,2.0,1.0,Buen estado,1980-01-01,Ático,True,False,False,True,True,0.5,2024-10-14,40-80,4196.2
1842,Barcelona,Gràcia,Alquiler,Piso,434034.0,88.3,3.0,2.0,Buen estado,1973-01-01,2,False,False,False,True,True,4.17,2025-01-08,80-120,4915.45
1843,Barcelona,Ciutat Vella,Venta,Piso,263674.0,66.5,2.0,1.0,Buen estado,1981-01-01,6,False,True,False,False,True,5.9,2025-01-09,40-80,3965.02
1844,Barcelona,Gràcia,Alquiler,Ático,605303.0,108.4,3.0,2.0,A reformar,1989-01-01,Ático,True,False,False,False,False,8.17,2024-11-05,80-120,5583.98
1845,Barcelona,Sants-Montjuïc,Alquiler,Piso,,91.6,3.0,2.0,Reformado,1981-01-01,7,False,False,False,True,False,,2025-02-20,80-120,
1846,Barcelona,Gràcia,Venta,Sin_clasificar,,,3.0,1.0,Reformado,2004-01-01,6,True,False,True,False,False,5.17,2025-03-08,,
1847,Barcelona,Ciutat Vella,Alquiler,Piso,269889.0,65.3,2.0,1.0,Buen estado,1977-01-01,9,True,False,False,True,True,3.0,2025-02-19,40-80,4133.06
1848,Barcelona,Sants-Montjuïc,Alquiler,Piso,364100.0,80.7,3.0,2.0,Obra nueva,2022-01-01,5,False,True,False,False,True,5.25,2024-12-21,80-120,4511.77
1849,Barcelona,Eixample,Alquiler,Piso,534508.0,115.3,3.0,2.0,Buen estado,1996-01-01,7,True,True,False,False,True,9.02,2025-04-01,80-120,4635.8
1850,Barcelona,Gràcia,Venta,Piso,497169.0,124.5,4.0,2.0,Buen estado,1977-01-01,2,True,False,False,True,False,7.84,2024-12-25,120-160,3993.33
1851,Barcelona,Ciutat Vella,Venta,Piso,425766.0,88.2,3.0,2.0,Buen estado,1987-01-01,Bajo,False,False,False,False,True,7.4,2024-12-03,80-120,4827.28
1852,Barcelona,Sants-Montjuïc,Alquiler,Piso,289793.0,66.9,2.0,1.0,Buen estado,2011-01-01,Bajo,False,True,True,False,True,5.89,,40-80,4331.73
1853,Barcelona,Sants-Montjuïc,Venta,Piso,319033.0,67.3,2.0,1.0,Buen estado,2020-01-01,5,True,False,True,False,True,4.28,2024-12-20,40-80,4740.46
1854,Barcelona,Sarrià-Sant Gervasi,Venta,Piso,319311.0,66.1,2.0,1.0,Buen estado,1963-01-01,1,True,False,False,False,True,5.51,2024-12-17,40-80,4830.73
1855,Barcelona,Gràcia,Alquiler,Piso,279423.0,69.3,2.0,1.0,Buen estado,1964-01-01,1,True,False,False,False,False,3.76,2024-12-22,40-80,4032.08
1856,Barcelona,Gràcia,Venta,Ático,453114.0,93.8,3.0,2.0,Buen estado,1973-01-01,Ático,False,False,False,False,False,4.86,2025-03-21,80-120,4830.64
1857,Barcelona,Ciutat Vella,Venta,Sin_clasificar,,,1.0,1.0,Buen estado,1994-01-01,4,False,True,False,False,False,3.45,2024-12-25,,
1858,Barcelona,Sarrià-Sant Gervasi,Venta,Sin_clasificar,,,2.0,1.0,Buen estado,1987-01-01,5,True,False,False,True,True,5.61,2025-03-06,,
1859,Barcelona,Gràcia,Venta,Piso,272369.0,65.3,2.0,1.0,Buen estado,2012-01-01,8,False,False,False,False,True,5.48,2024-11-29,40-80,4171.04
1860,Barcelona,Sants-Montjuïc,Venta,Piso,263032.0,57.8,2.0,1.0,Reformado,1984-01-01,7,True,True,False,True,False,6.18,2025-02-25,40-80,4550.73
1861,Barcelona,Gràcia,Venta,Piso,471604.0,103.5,3.0,2.0,Buen estado,1990-01-01,2,True,True,False,True,False,4.31,2025-02-20,80-120,4556.56
1862,Barcelona,Ciutat Vella,Venta,Piso,333835.0,75.3,2.0,1.0,Buen estado,1993-01-01,5,True,False,False,True,False,4.05,2025-02-05,40-80,4433.4
1863,Barcelona,Sants-Montjuïc,Venta,Piso,377344.0,73.0,2.0,1.0,Buen estado,1977-01-01,Bajo,False,True,False,False,False,4.82,2025-03-01,40-80,5169.1
1864,Barcelona,Eixample,Alquiler,Piso,348759.0,84.8,3.0,2.0,Obra nueva,2022-01-01,4,True,True,True,True,False,5.76,2024-12-10,80-120,4112.72
1865,Barcelona,Sarrià-Sant Gervasi,Venta,Piso,267649.0,60.4,2.0,1.0,Buen estado,1982-01-01,9,True,False,False,True,False,5.26,2024-12-23,40-80,4431.27
1866,Barcelona,Eixample,Alquiler,Piso,376269.0,74.7,2.0,1.0,Buen estado,1957-01-01,Bajo,True,False,False,False,True,4.41,2025-02-04,40-80,5037.07
1867,Barcelona,Sarrià-Sant Gervasi,Venta,Ático,320970.0,70.5,2.0,1.0,Buen estado,1958-01-01,Ático,False,False,False,False,True,5.73,2024-11-05,40-80,4552.77
1868,Barcelona,Sants-Montjuïc,Venta,Piso,539174.0,106.3,3.0,2.0,Buen estado,1977-01-01,5,True,True,True,True,False,8.34,2024-10-24,80-120,5072.19
1869,Barcelona,Eixample,Alquiler,Piso,487548.0,104.7,3.0,2.0,Obra nueva,2018-01-01,3,True,True,True,True,False,4.12,2025-02-18,80-120,4656.62
1870,Barcelona,Gràcia,Venta,Ático,322242.0,85.1,3.0,2.0,Buen estado,1993-01-01,Ático,False,True,True,False,False,,2025-03-21,80-120,3786.63
1871,Barcelona,Gràcia,Venta,Piso,526066.0,111.5,3.0,2.0,A reformar,1953-01-01,Bajo,True,False,False,True,False,6.6,2025-02-10,80-120,4718.08
1872,Barcelona,Sarrià-Sant Gervasi,Venta,Piso,460311.0,120.5,4.0,2.0,Buen estado,1996-01-01,9,True,True,False,True,False,,2024-11-08,120-160,3820.01
1873,Barcelona,Sarrià-Sant Gervasi,Venta,Piso,228179.0,48.7,2.0,1.0,Buen estado,1983-01-01,8,False,True,True,True,False,5.93,2025-01-30,40-80,4685.4
1874,Barcelona,Ciutat Vella,Venta,Piso,231425.0,54.4,2.0,1.0,Buen estado,1992-01-01,2,False,False,False,False,False,5.67,2024-12-08,40-80,4254.14
1875,Barcelona,Sarrià-Sant Gervasi,Venta,Ático,395363.0,88.3,3.0,2.0,Buen estado,1973-01-01,Ático,False,False,True,False,True,6.58,2025-03-15,80-120,4477.5
1876,Barcelona,Eixample,Venta,Ático,171372.0,35.0,0.0,1.0,Buen estado,2014-01-01,Ático,False,True,True,False,False,4.69,2024-12-09,0-40,4896.34
1877,Barcelona,Gràcia,Venta,Piso,201254.0,44.4,2.0,1.0,Buen estado,2020-01-01,7,False,True,True,True,False,,2024-12-22,40-80,4532.75
1878,Barcelona,Sants-Montjuïc,Venta,Ático,573317.0,98.9,3.0,2.0,Buen estado,1975-01-01,Ático,False,False,True,False,False,5.42,2024-12-18,80-120,5796.94
1879,Barcelona,Ciutat Vella,Venta,Piso,327845.0,71.5,2.0,1.0,Buen estado,2013-01-01,6,True,False,False,False,False,5.16,2024-11-15,40-80,4585.24
1880,Barcelona,Eixample,Venta,Piso,310238.0,66.5,2.0,1.0,Buen estado,1960-01-01,9,False,True,False,False,True,6.84,2024-12-25,40-80,4665.23
1881,Barcelona,Eixample,Venta,Piso,390884.0,84.9,3.0,2.0,Buen estado,1993-01-01,Bajo,False,True,False,False,False,6.9,2025-01-07,80-120,4604.05
1882,Barcelona,Gràcia,Venta,Piso,206303.0,46.1,2.0,1.0,Buen estado,1953-01-01,2,True,False,False,True,False,6.85,2025-01-08,40-80,4475.12
1883,Barcelona,Sarrià-Sant Gervasi,Alquiler,Piso,477736.0,121.4,4.0,2.0,Buen estado,2017-01-01,8,True,True,False,False,False,5.82,2025-01-16,120-160,3935.22
1884,Barcelona,Sarrià-Sant Gervasi,Venta,Piso,257843.0,64.2,2.0,1.0,Buen estado,1993-01-01,9,True,True,False,False,False,6.04,2025-01-03,40-80,4016.25
1885,Barcelona,Ciutat Vella,Alquiler,Ático,275607.0,60.3,2.0,1.0,Buen estado,1994-01-01,Ático,False,True,False,False,False,1.08,2024-12-25,40-80,4570.6
1886,Barcelona,Ciutat Vella,Venta,Piso,253639.0,58.6,2.0,1.0,Buen estado,2009-01-01,7,True,False,False,False,True,4.44,2025-03-13,40-80,4328.31
1887,Barcelona,Gràcia,Venta,Piso,184073.0,49.7,2.0,1.0,Obra nueva,2022-01-01,4,False,True,False,False,True,2.26,2024-11-11,40-80,3703.68
1888,Barcelona,Sants-Montjuïc,Venta,Piso,,105.0,3.0,2.0,Buen estado,2007-01-01,6,True,True,True,False,False,4.28,2024-10-26,80-120,
1889,Barcelona,Eixample,Venta,Ático,263743.0,68.4,2.0,1.0,Buen estado,1958-01-01,Ático,False,False,False,True,True,6.89,2024-11-05,40-80,3855.89
1890,Barcelona,Ciutat Vella,Alquiler,Sin_clasificar,,,,1.0,Obra nueva,2023-01-01,3,True,True,True,False,True,4.67,2024-11-04,,
1891,Barcelona,Gràcia,Alquiler,Piso,358454.0,82.1,3.0,2.0,A reformar,1976-01-01,1,False,False,False,False,False,7.11,2024-10-24,80-120,4366.07
1892,Barcelona,Sarrià-Sant Gervasi,Venta,Piso,320239.0,78.1,2.0,1.0,Obra nueva,2021-01-01,5,False,True,True,False,True,4.94,2025-03-13,40-80,4100.37
1893,Barcelona,Eixample,Alquiler,Piso,259643.0,60.0,2.0,1.0,Buen estado,2008-01-01,6,False,True,False,True,False,5.46,2024-11-12,40-80,4327.38
1894,Barcelona,Sarrià-Sant Gervasi,Venta,Ático,487566.0,109.0,3.0,2.0,Buen estado,1987-01-01,Ático,False,True,False,False,True,3.52,,80-120,4473.08
1895,Barcelona,Gràcia,Venta,Piso,291837.0,75.0,2.0,1.0,Obra nueva,2019-01-01,1,True,False,False,True,False,4.73,2025-03-07,40-80,3891.16
1896,Barcelona,Eixample,Venta,Piso,313617.0,85.4,3.0,2.0,Buen estado,1980-01-01,2,True,True,False,True,False,4.3,2024-10-10,80-120,3672.33
1897,Barcelona,Sants-Montjuïc,Alquiler,Piso,463310.0,99.6,3.0,2.0,Reformado,1990-01-01,5,True,False,True,False,False,3.9,2024-11-25,80-120,4651.71
1898,Barcelona,Sarrià-Sant Gervasi,Venta,Piso,189758.0,45.6,2.0,1.0,Buen estado,1991-01-01,7,True,False,False,True,False,3.96,2025-02-14,40-80,4161.36
1899,Barcelona,Sants-Montjuïc,Venta,Piso,371339.0,83.2,3.0,2.0,Reformado,1985-01-01,1,False,True,False,True,False,4.09,2025-01-29,80-120,4463.21
1900,Barcelona,Ciutat Vella,Venta,Piso,426355.0,86.4,3.0,2.0,Buen estado,1989-01-01,2,False,True,False,False,False,7.75,2025-02-18,80-120,4934.66
1901,Barcelona,Sants-Montjuïc,Venta,Piso,,77.7,2.0,1.0,Buen estado,1980-01-01,8,False,False,False,True,False,4.14,2025-01-01,40-80,
1902,Barcelona,Eixample,Venta,Piso,268045.0,59.0,2.0,1.0,Reformado,1993-01-01,4,True,False,False,True,False,5.71,2025-01-16,40-80,4543.14
1903,Barcelona,Sants-Montjuïc,Venta,Piso,448822.0,100.2,3.0,2.0,A reformar,2007-01-01,1,False,True,False,False,True,5.36,2025-02-22,80-120,4479.26
1904,Barcelona,Sarrià-Sant Gervasi,Venta,Piso,491453.0,104.3,3.0,2.0,Buen estado,2007-01-01,4,True,True,False,False,False,2.46,2025-01-19,80-120,4711.92
1905,Barcelona,Sarrià-Sant Gervasi,Venta,Piso,339070.0,83.2,3.0,2.0,Buen estado,1974-01-01,7,True,False,False,False,False,5.21,2024-12-15,80-120,4075.36
1906,Barcelona,Eixample,Venta,Piso,,109.8,3.0,2.0,Buen estado,1976-01-01,Bajo,True,True,False,True,False,5.28,2024-11-13,80-120,
1907,Barcelona,Gràcia,Venta,Ático,571988.0,112.3,3.0,2.0,Reformado,1972-01-01,Ático,False,False,True,True,True,3.83,,80-120,5093.39
1908,Barcelona,Gràcia,Venta,Piso,471197.0,89.9,3.0,2.0,Buen estado,1980-01-01,9,True,False,False,False,False,3.92,2025-04-06,80-120,5241.35
1909,Barcelona,Eixample,Venta,Piso,502891.0,119.7,3.0,2.0,Buen estado,1997-01-01,9,False,True,True,False,False,6.79,2024-10-29,80-120,4201.26
1910,Barcelona,Sarrià-Sant Gervasi,Venta,Piso,,58.4,2.0,1.0,Obra nueva,2018-01-01,Bajo,True,False,False,True,False,2.84,2025-02-13,40-80,
1911,Barcelona,Sarrià-Sant Gervasi,Venta,Piso,499980.0,129.3,4.0,2.0,Buen estado,1984-01-01,3,True,True,False,True,False,7.44,2024-10-14,120-160,3866.82
1912,Barcelona,Eixample,Venta,Piso,216621.0,59.4,2.0,1.0,Buen estado,2007-01-01,9,True,True,True,False,False,5.1,2025-01-14,40-80,3646.82
1913,Barcelona,Eixample,Venta,Piso,329093.0,75.3,2.0,1.0,Obra nueva,2023-01-01,2,True,True,True,False,True,4.42,2025-01-27,40-80,4370.42
1914,Barcelona,Ciutat Vella,Venta,Piso,438547.0,95.6,3.0,2.0,Buen estado,1974-01-01,9,True,True,False,True,True,4.65,2025-01-11,80-120,4587.31
1915,Barcelona,Sants-Montjuïc,Venta,Piso,231491.0,55.8,2.0,1.0,Buen estado,1963-01-01,3,True,False,True,False,False,5.61,2024-11-01,40-80,4148.58
1916,Barcelona,Sarrià-Sant Gervasi,Venta,Piso,307749.0,67.3,2.0,1.0,Obra nueva,2022-01-01,9,False,True,True,True,True,5.19,2024-10-20,40-80,4572.79
1917,Barcelona,Eixample,Alquiler,Piso,271954.0,52.3,2.0,1.0,Buen estado,1979-01-01,Bajo,False,True,True,True,True,3.57,2024-11-10,40-80,5199.89
1918,Barcelona,Ciutat Vella,Venta,Ático,,,1.0,2.0,Buen estado,1991-01-01,Ático,True,True,False,True,False,5.79,2024-12-10,,
1919,Barcelona,Sants-Montjuïc,Venta,Ático,470763.0,89.7,3.0,2.0,Buen estado,1966-01-01,Ático,False,True,True,False,False,5.31,2024-10-28,80-120,5248.19
1920,Barcelona,Eixample,Venta,Piso,277841.0,74.8,2.0,1.0,Buen estado,1982-01-01,5,True,True,True,True,True,4.69,2024-12-04,40-80,3714.45
1921,Barcelona,Ciutat Vella,Alquiler,Ático,371915.0,79.2,2.0,1.0,Obra nueva,2020-01-01,Ático,True,False,False,True,False,7.08,2024-12-10,40-80,4695.9
1922,Barcelona,Sarrià-Sant Gervasi,Alquiler,Piso,426676.0,98.1,3.0,2.0,Buen estado,1964-01-01,1,True,True,False,False,False,5.57,2024-10-22,80-120,4349.4
1923,Barcelona,Sants-Montjuïc,Alquiler,Sin_clasificar,,,3.0,1.0,Buen estado,1992-01-01,4,False,False,False,True,False,5.37,2024-10-29,,
1924,Barcelona,Gràcia,Alquiler,Piso,283549.0,63.6,2.0,1.0,Buen estado,1989-01-01,4,False,False,False,False,False,4.42,2025-02-27,40-80,4458.32
1925,Barcelona,Gràcia,Venta,Piso,323481.0,75.3,2.0,1.0,Obra nueva,2018-01-01,3,True,False,False,True,False,5.9,2025-04-05,40-80,4295.9
1926,Barcelona,Ciutat Vella,Venta,Piso,359400.0,77.6,2.0,1.0,Buen estado,1998-01-01,7,False,False,False,False,False,4.07,2024-10-17,40-80,4631.44
1927,Barcelona,Sants-Montjuïc,Venta,Piso,320169.0,73.7,2.0,1.0,Obra nueva,2018-01-01,Bajo,True,True,True,False,True,5.21,2024-12-19,40-80,4344.22
1928,Barcelona,Sarrià-Sant Gervasi,Venta,Piso,362369.0,88.6,3.0,2.0,Buen estado,1972-01-01,7,False,False,True,False,True,6.22,2024-10-20,80-120,4089.94
1929,Barcelona,Gràcia,Venta,Piso,338614.0,76.0,2.0,1.0,Buen estado,2001-01-01,Bajo,True,False,False,True,True,3.91,2025-03-27,40-80,4455.45
1930,Barcelona,Sants-Montjuïc,Venta,Piso,472882.0,85.2,3.0,2.0,Reformado,1998-01-01,9,True,True,False,False,False,,2025-01-03,80-120,5550.26
1931,Barcelona,Sants-Montjuïc,Alquiler,Piso,314738.0,64.9,2.0,1.0,Obra nueva,2020-01-01,9,True,True,True,False,True,4.84,2025-01-28,40-80,4849.58
1932,Barcelona,Ciutat Vella,Alquiler,Piso,414615.0,105.4,3.0,2.0,Obra nueva,2018-01-01,8,True,True,False,True,True,5.21,2025-01-16,80-120,3933.73
1933,Barcelona,Sants-Montjuïc,Alquiler,Piso,366519.0,106.7,3.0,2.0,Buen estado,1967-01-01,9,True,True,False,False,False,4.03,2025-03-03,80-120,3435.04
1934,Barcelona,Sarrià-Sant Gervasi,Venta,Piso,406169.0,87.8,3.0,2.0,Buen estado,1987-01-01,3,True,True,False,True,False,6.61,2024-11-11,80-120,4626.07
1935,Barcelona,Eixample,Venta,Piso,521343.0,96.9,3.0,2.0,Buen estado,1994-01-01,3,True,False,False,False,True,5.51,2025-02-24,80-120,5380.22
1936,Barcelona,Sants-Montjuïc,Venta,Piso,338979.0,71.8,2.0,1.0,Buen estado,1988-01-01,5,False,True,True,False,False,4.51,2024-12-16,40-80,4721.16
1937,Barcelona,Sants-Montjuïc,Alquiler,Piso,316003.0,88.2,3.0,2.0,Buen estado,1988-01-01,1,True,True,True,False,True,7.33,2024-12-26,80-120,3582.8
1938,Barcelona,Sarrià-Sant Gervasi,Venta,Piso,292787.0,62.2,2.0,1.0,Obra nueva,2021-01-01,7,True,True,True,True,False,6.27,2024-10-13,40-80,4707.19
1939,Barcelona,Ciutat Vella,Venta,Ático,234467.0,55.2,2.0,1.0,Buen estado,1987-01-01,Ático,True,False,True,True,False,3.54,2025-02-28,40-80,4247.59
1940,Barcelona,Gràcia,Venta,Estudio,154050.0,38.9,0.0,1.0,Buen estado,1998-01-01,9,True,False,False,True,False,4.93,2025-02-27,0-40,3960.15
1941,Barcelona,Sants-Montjuïc,Alquiler,Piso,456282.0,89.3,3.0,2.0,Buen estado,1959-01-01,4,True,False,False,True,True,3.68,2024-12-14,80-120,5109.54
1942,Barcelona,Ciutat Vella,Venta,Piso,224138.0,58.0,2.0,1.0,Buen estado,1984-01-01,9,False,False,True,False,True,3.28,2025-03-25,40-80,3864.45
1943,Barcelona,Eixample,Venta,Piso,426910.0,92.7,3.0,2.0,Buen estado,1994-01-01,8,False,True,False,False,False,5.4,2025-01-29,80-120,4605.29
1944,Barcelona,Sarrià-Sant Gervasi,Venta,Piso,373844.0,104.9,3.0,2.0,Buen estado,1979-01-01,4,True,False,False,False,True,7.28,2024-12-13,80-120,3563.81
1945,Barcelona,Eixample,Venta,Piso,522463.0,124.7,4.0,2.0,Buen estado,2011-01-01,Bajo,True,False,False,False,False,4.32,2025-03-11,120-160,4189.76
1946,Barcelona,Gràcia,Venta,Piso,359655.0,81.3,3.0,2.0,Buen estado,1980-01-01,8,False,True,False,False,True,,,80-120,4423.8
1947,Barcelona,Gràcia,Venta,Piso,347713.0,86.3,3.0,2.0,Obra nueva,2023-01-01,6,True,True,True,True,True,6.21,,80-120,4029.12
1948,Barcelona,Ciutat Vella,Alquiler,Sin_clasificar,,,4.0,1.0,Buen estado,1987-01-01,5,False,False,False,False,True,4.37,2025-01-02,,
1949,Barcelona,Ciutat Vella,Alquiler,Piso,567389.0,112.2,3.0,2.0,Reformado,1982-01-01,4,False,False,False,False,True,7.06,2025-03-17,80-120,5056.94
1950,Barcelona,Eixample,Venta,Sin_clasificar,,,2.0,2.0,Reformado,1975-01-01,9,True,True,False,False,False,3.64,2024-10-15,,
1951,Barcelona,Eixample,Venta,Piso,374396.0,90.3,3.0,2.0,Buen estado,1985-01-01,8,True,False,False,False,True,6.7,2025-03-06,80-120,4146.14
1952,Barcelona,Sants-Montjuïc,Alquiler,Ático,447697.0,106.9,3.0,2.0,Buen estado,1996-01-01,Ático,False,True,False,True,False,4.74,2024-11-16,80-120,4188.0
1953,Barcelona,Ciutat Vella,Alquiler,Sin_clasificar,,,1.0,1.0,A reformar,2011-01-01,3,False,True,False,False,True,5.61,2025-03-02,,
1954,Barcelona,Sarrià-Sant Gervasi,Alquiler,Piso,365228.0,92.1,3.0,2.0,Obra nueva,2022-01-01,1,True,True,True,True,False,2.31,2025-02-21,80-120,3965.56
1955,Barcelona,Eixample,Venta,Piso,,108.1,3.0,2.0,Buen estado,2001-01-01,5,False,True,False,False,False,2.84,2024-12-16,80-120,
1956,Barcelona,Gràcia,Alquiler,Piso,222125.0,45.3,2.0,1.0,Buen estado,1986-01-01,3,True,True,False,False,False,4.96,,40-80,4903.42
1957,Barcelona,Gràcia,Venta,Piso,386740.0,90.6,3.0,2.0,Buen estado,1976-01-01,3,True,False,False,True,False,5.07,2025-01-30,80-120,4268.65
1958,Barcelona,Ciutat Vella,Venta,Piso,457880.0,100.1,3.0,2.0,Buen estado,2001-01-01,5,False,False,True,True,False,7.0,2025-03-25,80-120,4574.23
1959,Barcelona,Ciutat Vella,Venta,Piso,345030.0,76.0,2.0,1.0,Buen estado,1992-01-01,9,True,False,False,False,True,4.46,2024-11-10,40-80,4539.87
1960,Barcelona,Sarrià-Sant Gervasi,Venta,Ático,477595.0,105.1,3.0,2.0,Buen estado,1965-01-01,Ático,True,False,True,False,False,5.65,2024-11-13,80-120,4544.2
1961,Barcelona,Sarrià-Sant Gervasi,Venta,Piso,392713.0,95.1,3.0,2.0,Buen estado,1979-01-01,1,True,False,False,True,False,3.95,2025-01-21,80-120,4129.47
1962,Barcelona,Ciutat Vella,Venta,Sin_clasificar,,,2.0,1.0,Buen estado,1964-01-01,3,True,False,True,False,True,4.91,2024-11-24,,
1963,Barcelona,Ciutat Vella,Venta,Piso,293103.0,73.6,2.0,1.0,Buen estado,1970-01-01,8,True,True,False,False,False,6.0,2025-02-06,40-80,3982.38
1964,Barcelona,Eixample,Venta,Piso,361286.0,89.9,3.0,2.0,Buen estado,1963-01-01,2,True,False,False,False,False,4.14,2024-10-27,80-120,4018.75
1965,Barcelona,Gràcia,Venta,Piso,237217.0,50.4,2.0,1.0,Buen estado,1995-01-01,6,True,True,False,False,False,5.11,2025-01-07,40-80,4706.69
1966,Barcelona,Gràcia,Venta,Piso,408173.0,95.7,3.0,2.0,Obra nueva,2018-01-01,5,True,False,False,True,True,7.63,2025-01-03,80-120,4265.13
1967,Barcelona,Sarrià-Sant Gervasi,Venta,Piso,,73.4,2.0,1.0,Obra nueva,2018-01-01,5,True,True,False,True,False,6.12,2025-01-31,40-80,
1968,Barcelona,Ciutat Vella,Venta,Piso,203590.0,64.6,2.0,1.0,Buen estado,1982-01-01,7,False,False,True,True,False,3.59,2025-04-06,40-80,3151.55
1969,Barcelona,Gràcia,Alquiler,Piso,364330.0,87.5,3.0,2.0,Buen estado,1987-01-01,8,True,False,False,False,True,6.09,,80-120,4163.77
1970,Barcelona,Gràcia,Alquiler,Ático,282798.0,67.8,2.0,1.0,Buen estado,1990-01-01,Ático,False,False,False,True,True,5.88,2025-02-02,40-80,4171.06
1971,Barcelona,Ciutat Vella,Venta,Piso,159707.0,44.9,2.0,1.0,Obra nueva,2020-01-01,1,True,False,False,False,True,5.71,2024-12-07,40-80,3556.95
1972,Barcelona,Sants-Montjuïc,Venta,Piso,334751.0,72.9,2.0,1.0,Buen estado,1978-01-01,8,False,True,False,False,True,2.92,2025-03-06,40-80,4591.92
1973,Barcelona,Sarrià-Sant Gervasi,Alquiler,Piso,313048.0,91.8,3.0,2.0,Buen estado,1990-01-01,5,True,False,False,True,True,3.91,2024-11-23,80-120,3410.11
1974,Barcelona,Gràcia,Venta,Piso,,74.8,2.0,1.0,Reformado,1982-01-01,3,True,False,False,False,True,,2025-01-27,40-80,
1975,Barcelona,Sarrià-Sant Gervasi,Venta,Piso,387547.0,114.1,3.0,2.0,Buen estado,2005-01-01,5,True,False,False,False,False,5.77,2024-12-20,80-120,3396.56
1976,Barcelona,Gràcia,Venta,Piso,389920.0,81.4,3.0,2.0,Buen estado,1980-01-01,2,True,False,True,False,False,4.84,2024-12-21,80-120,4790.17
1977,Barcelona,Sants-Montjuïc,Alquiler,Ático,327458.0,80.8,3.0,2.0,Reformado,1959-01-01,Ático,True,False,False,True,False,5.24,2024-12-19,80-120,4052.7
1978,Barcelona,Gràcia,Venta,Piso,504513.0,105.3,3.0,2.0,Buen estado,1951-01-01,2,True,False,False,True,False,3.57,2024-10-16,80-120,4791.2
1979,Barcelona,Sarrià-Sant Gervasi,Alquiler,Piso,677886.0,124.6,4.0,2.0,Buen estado,1991-01-01,3,True,False,False,True,True,7.3,2024-10-10,120-160,5440.5
1980,Barcelona,Ciutat Vella,Alquiler,Piso,264442.0,55.9,2.0,1.0,Buen estado,1990-01-01,9,True,True,False,False,False,8.27,2025-01-26,40-80,4730.63
1981,Barcelona,Ciutat Vella,Venta,Piso,365485.0,82.7,3.0,2.0,Buen estado,1988-01-01,1,False,True,True,False,False,5.05,2025-04-07,80-120,4419.41
1982,Barcelona,Eixample,Venta,Piso,208490.0,54.8,2.0,1.0,Buen estado,1981-01-01,2,True,True,True,False,True,8.54,2024-12-19,40-80,3804.56
1983,Barcelona,Eixample,Alquiler,Piso,372459.0,80.3,3.0,2.0,Obra nueva,2019-01-01,1,True,True,True,True,True,6.3,2024-12-31,80-120,4638.34
1984,Barcelona,Gràcia,Venta,Piso,377527.0,92.5,3.0,2.0,Buen estado,1986-01-01,8,True,True,False,False,False,5.14,2025-03-30,80-120,4081.37
1985,Barcelona,Eixample,Alquiler,Piso,423685.0,98.5,3.0,2.0,Reformado,2018-01-01,6,False,True,True,True,False,3.84,2024-11-03,80-120,4301.37
1986,Barcelona,Sarrià-Sant Gervasi,Venta,Ático,412919.0,76.2,2.0,1.0,Buen estado,1975-01-01,Ático,False,True,False,False,False,6.04,2024-10-18,40-80,5418.88
1987,Barcelona,Eixample,Venta,Piso,404781.0,87.5,3.0,2.0,Reformado,1967-01-01,3,True,True,False,False,True,,2025-03-30,80-120,4626.07
1988,Barcelona,Gràcia,Venta,Piso,455209.0,115.2,3.0,2.0,Obra nueva,2023-01-01,7,True,True,False,True,True,2.97,2024-12-20,80-120,3951.47
1989,Barcelona,Gràcia,Venta,Piso,252202.0,87.8,3.0,2.0,A reformar,1987-01-01,3,True,False,False,True,False,4.92,2024-10-09,80-120,2872.46
1990,Barcelona,Ciutat Vella,Venta,Piso,283811.0,59.3,2.0,1.0,Buen estado,1996-01-01,2,False,False,False,True,False,4.08,2024-10-18,40-80,4786.02
1991,Barcelona,Ciutat Vella,Venta,Piso,258640.0,70.5,2.0,1.0,Buen estado,1977-01-01,3,True,False,False,True,False,9.07,2025-03-21,40-80,3668.65
1992,Barcelona,Sants-Montjuïc,Venta,Piso,,92.6,3.0,2.0,Buen estado,2004-01-01,4,True,True,False,False,False,5.23,2024-12-07,80-120,
1993,Barcelona,Sants-Montjuïc,Venta,Sin_clasificar,,,4.0,3.0,Buen estado,1979-01-01,9,True,True,False,False,True,4.3,2025-01-08,,
1994,Barcelona,Sarrià-Sant Gervasi,Venta,Piso,476025.0,111.2,3.0,2.0,Buen estado,1991-01-01,4,True,True,True,True,False,7.24,2025-01-24,80-120,4280.8
1995,Barcelona,Ciutat Vella,Venta,Piso,475464.0,102.5,3.0,2.0,Buen estado,1980-01-01,7,True,True,True,False,False,5.15,2024-12-29,80-120,4638.67
1996,Barcelona,Eixample,Venta,Piso,227417.0,71.0,2.0,1.0,Buen estado,1982-01-01,7,False,True,False,True,False,5.6,2025-02-11,40-80,3203.06
1997,Barcelona,Sarrià-Sant Gervasi,Venta,Piso,252587.0,61.2,2.0,1.0,Buen estado,2000-01-01,8,False,False,True,False,False,4.32,2024-12-03,40-80,4127.24
1998,Barcelona,Ciutat Vella,Venta,Piso,393722.0,90.0,3.0,2.0,Buen estado,1991-01-01,5,True,False,False,False,False,3.86,2025-01-22,80-120,4374.69
1999,Barcelona,Ciutat Vella,Alquiler,Piso,493294.0,94.5,3.0,2.0,Buen estado,1971-01-01,Bajo,True,False,False,True,True,3.8,2024-12-16,80-120,5220.04
2000,Barcelona,Ciutat Vella,Alquiler,Piso,379619.0,87.6,3.0,2.0,Obra nueva,2020-01-01,7,True,False,True,True,True,7.45,2025-01-21,80-120,4333.55
2001,Barcelona,Gràcia,Venta,Ático,252793.0,55.4,2.0,1.0,Buen estado,2001-01-01,Ático,False,False,True,True,False,2.49,2024-11-06,40-80,4563.05
2002,Barcelona,Sarrià-Sant Gervasi,Venta,Piso,332635.0,76.4,2.0,1.0,Buen estado,1988-01-01,Bajo,True,False,False,False,False,2.56,2025-01-14,40-80,4353.86
2003,Barcelona,Eixample,Alquiler,Piso,383749.0,85.2,3.0,2.0,Buen estado,2020-01-01,8,True,False,True,False,False,3.52,2024-10-25,80-120,4504.1
2004,Barcelona,Eixample,Venta,Piso,406467.0,94.5,3.0,2.0,Buen estado,1985-01-01,2,True,False,False,False,True,5.06,2025-02-23,80-120,4301.24
2005,Barcelona,Ciutat Vella,Alquiler,Piso,232359.0,73.0,2.0,1.0,Obra nueva,2020-01-01,5,True,True,False,True,True,5.16,2025-01-22,40-80,3183.0
2006,Barcelona,Gràcia,Venta,Piso,,51.1,2.0,1.0,Buen estado,1966-01-01,Bajo,False,True,False,True,False,5.89,2025-02-20,40-80,
2007,Barcelona,Eixample,Venta,Piso,286107.0,75.1,2.0,1.0,Buen estado,1980-01-01,4,False,True,True,False,False,3.79,2024-12-25,40-80,3809.68
2008,Barcelona,Eixample,Venta,Piso,275388.0,61.5,2.0,1.0,Buen estado,1963-01-01,4,True,False,False,True,False,5.58,2024-11-09,40-80,4477.85
2009,Barcelona,Ciutat Vella,Venta,Piso,405852.0,105.2,3.0,2.0,Obra nueva,2020-01-01,1,True,False,False,False,False,5.03,2024-10-28,80-120,3857.91
2010,Barcelona,Eixample,Venta,Piso,334443.0,84.8,3.0,2.0,Obra nueva,2018-01-01,Bajo,True,True,False,False,False,3.52,2025-02-24,80-120,3943.9
2011,Barcelona,Sarrià-Sant Gervasi,Alquiler,Piso,288654.0,63.1,2.0,1.0,Buen estado,1971-01-01,6,True,False,True,True,False,,2024-11-27,40-80,4574.55
2012,Barcelona,Sarrià-Sant Gervasi,Alquiler,Piso,294405.0,74.0,2.0,1.0,Buen estado,1973-01-01,Bajo,True,False,False,True,True,7.53,2024-12-25,40-80,3978.45
2013,Barcelona,Sants-Montjuïc,Venta,Piso,392610.0,78.7,2.0,1.0,A reformar,1973-01-01,9,True,True,False,True,False,5.74,2025-02-06,40-80,4988.69
2014,Barcelona,Ciutat Vella,Venta,Piso,193305.0,63.8,2.0,1.0,A reformar,1989-01-01,8,True,True,True,True,True,4.54,2024-12-19,40-80,3029.86
2015,Barcelona,Ciutat Vella,Venta,Piso,452650.0,81.5,3.0,2.0,Buen estado,1948-01-01,6,False,True,False,False,False,5.21,2024-10-13,80-120,5553.99
2016,Barcelona,Ciutat Vella,Alquiler,Piso,565586.0,120.3,4.0,2.0,Obra nueva,2023-01-01,1,True,True,False,False,True,3.11,2025-02-01,120-160,4701.46
2017,Barcelona,Gràcia,Venta,Piso,342062.0,71.7,2.0,1.0,Obra nueva,2021-01-01,5,True,False,False,False,True,7.91,2025-02-08,40-80,4770.74
2018,Barcelona,Sarrià-Sant Gervasi,Venta,Ático,415756.0,98.0,3.0,2.0,Buen estado,1978-01-01,Ático,True,True,False,False,False,2.63,2024-10-30,80-120,4242.41
2019,Barcelona,Eixample,Venta,Piso,452801.0,101.7,3.0,2.0,Reformado,1980-01-01,9,True,False,False,False,False,3.24,2024-12-11,80-120,4452.32
2020,Barcelona,Eixample,Venta,Piso,408515.0,83.7,3.0,2.0,Buen estado,1961-01-01,9,True,True,False,True,False,5.42,2024-12-07,80-120,4880.7
2021,Barcelona,Eixample,Alquiler,Piso,,59.4,2.0,1.0,Buen estado,1962-01-01,5,False,True,False,False,False,8.14,2024-11-16,40-80,
2022,Barcelona,Eixample,Venta,Piso,334982.0,84.7,3.0,2.0,Buen estado,1954-01-01,Bajo,False,True,False,True,True,3.89,2024-12-16,80-120,3954.92
2023,Barcelona,Gràcia,Alquiler,Piso,290701.0,70.3,2.0,1.0,Buen estado,2005-01-01,5,False,True,False,False,False,7.73,2025-03-24,40-80,4135.15
2024,Barcelona,Gràcia,Venta,Piso,,66.4,2.0,1.0,Buen estado,2020-01-01,1,True,True,False,False,True,7.13,2024-11-04,40-80,
2025,Barcelona,Ciutat Vella,Venta,Piso,343798.0,76.8,2.0,1.0,Obra nueva,2019-01-01,8,True,True,True,True,True,6.07,2024-11-09,40-80,4476.54
2026,Barcelona,Gràcia,Venta,Piso,423373.0,82.6,3.0,2.0,Buen estado,2020-01-01,6,True,True,False,False,False,4.4,2025-02-12,80-120,5125.58
2027,Barcelona,Gràcia,Venta,Piso,443939.0,91.9,3.0,2.0,Buen estado,1983-01-01,8,True,False,False,True,True,5.46,2025-01-24,80-120,4830.67
2028,Barcelona,Ciutat Vella,Venta,Ático,296617.0,74.0,2.0,1.0,A reformar,1998-01-01,Ático,True,False,False,True,False,,2024-12-17,40-80,4008.34
2029,Barcelona,Sarrià-Sant Gervasi,Venta,Piso,457516.0,102.9,3.0,2.0,Buen estado,1971-01-01,2,False,True,False,True,False,6.78,2024-11-14,80-120,4446.22
2030,Barcelona,Sants-Montjuïc,Venta,Piso,475918.0,92.2,3.0,2.0,Buen estado,1992-01-01,5,True,False,False,True,False,4.6,2025-02-18,80-120,5161.8
2031,Barcelona,Sarrià-Sant Gervasi,Venta,Sin_clasificar,,,6.0,2.0,Reformado,1995-01-01,2,False,False,True,False,False,7.33,2024-11-20,,
2032,Barcelona,Sarrià-Sant Gervasi,Alquiler,Piso,439559.0,92.3,3.0,2.0,Buen estado,1983-01-01,2,True,True,False,True,False,4.23,2024-11-16,80-120,4762.29
2033,Barcelona,Ciutat Vella,Venta,Piso,283349.0,71.1,2.0,1.0,Buen estado,1977-01-01,3,True,False,False,False,True,5.12,2024-11-29,40-80,3985.22
2034,Barcelona,Eixample,Venta,Piso,301267.0,84.0,3.0,2.0,Buen estado,2008-01-01,7,False,False,False,False,False,1.62,2025-03-10,80-120,3586.51
2035,Barcelona,Gràcia,Venta,Piso,335243.0,76.2,2.0,1.0,Reformado,2000-01-01,5,False,False,False,False,True,4.81,2025-03-18,40-80,4399.51
2036,Barcelona,Eixample,Alquiler,Piso,356442.0,77.1,2.0,1.0,Obra nueva,2021-01-01,9,True,True,True,True,True,6.93,2024-12-26,40-80,4623.11
2037,Barcelona,Sants-Montjuïc,Venta,Piso,532203.0,112.8,3.0,2.0,Buen estado,1990-01-01,8,True,False,True,False,False,7.23,2025-03-22,80-120,4718.11
2038,Barcelona,Gràcia,Venta,Piso,332201.0,66.2,2.0,1.0,Obra nueva,2020-01-01,2,True,True,True,True,False,,2024-12-15,40-80,5018.14
2039,Barcelona,Sarrià-Sant Gervasi,Venta,Piso,219688.0,53.9,2.0,1.0,Buen estado,1976-01-01,6,True,True,True,True,False,5.4,2025-01-01,40-80,4075.84
2040,Barcelona,Sarrià-Sant Gervasi,Alquiler,Piso,355317.0,87.3,3.0,2.0,Buen estado,1981-01-01,9,True,False,False,False,True,,2025-03-29,80-120,4070.07
2041,Barcelona,Ciutat Vella,Venta,Piso,210357.0,47.7,2.0,1.0,Buen estado,1984-01-01,3,False,False,False,False,True,5.37,2024-11-01,40-80,4410.0
2042,Barcelona,Sarrià-Sant Gervasi,Venta,Piso,258698.0,55.2,2.0,1.0,Reformado,2005-01-01,5,True,False,True,True,False,,2024-10-28,40-80,4686.56
2043,Barcelona,Eixample,Venta,Piso,307910.0,63.2,2.0,1.0,Buen estado,1950-01-01,7,False,True,False,False,False,8.67,2024-12-31,40-80,4871.99
2044,Barcelona,Sants-Montjuïc,Venta,Piso,415078.0,99.3,3.0,2.0,Buen estado,1987-01-01,6,True,False,False,True,False,5.71,2025-01-15,80-120,4180.04
2045,Barcelona,Ciutat Vella,Venta,Piso,491235.0,102.2,3.0,2.0,Buen estado,1997-01-01,1,True,True,False,True,False,5.61,2025-03-12,80-120,4806.6
2046,Barcelona,Gràcia,Alquiler,Piso,468616.0,104.2,3.0,2.0,Obra nueva,2023-01-01,2,True,False,True,False,False,4.52,2025-01-28,80-120,4497.27
2047,Barcelona,Sarrià-Sant Gervasi,Venta,Piso,251867.0,65.3,2.0,1.0,Buen estado,1999-01-01,1,True,True,False,True,False,4.69,2025-02-28,40-80,3857.08
2048,Barcelona,Ciutat Vella,Venta,Piso,297336.0,79.6,2.0,1.0,Reformado,1964-01-01,7,True,False,False,False,False,5.66,2025-03-29,40-80,3735.38
2049,Barcelona,Sants-Montjuïc,Alquiler,Piso,312869.0,72.0,2.0,1.0,Buen estado,2001-01-01,3,True,True,True,False,False,6.79,2025-01-14,40-80,4345.4
2050,Barcelona,Sants-Montjuïc,Venta,Piso,469730.0,100.0,3.0,2.0,Buen estado,1988-01-01,7,False,False,False,True,False,2.69,2025-01-09,80-120,4697.3
2051,Barcelona,Sarrià-Sant Gervasi,Venta,Piso,328844.0,71.6,2.0,1.0,Buen estado,1974-01-01,5,True,True,False,True,False,5.3,2024-12-12,40-80,4592.79
2052,Barcelona,Sarrià-Sant Gervasi,Alquiler,Piso,463586.0,96.3,3.0,2.0,Buen estado,1985-01-01,4,True,False,False,False,False,,2025-03-22,80-120,4813.98
2053,Barcelona,Ciutat Vella,Venta,Ático,390392.0,80.9,3.0,2.0,Obra nueva,2020-01-01,Ático,True,True,True,False,True,6.46,,80-120,4825.61
2054,Barcelona,Sarrià-Sant Gervasi,Alquiler,Piso,351550.0,79.7,2.0,1.0,Reformado,1983-01-01,9,True,False,True,True,False,4.92,2025-03-19,40-80,4410.92
2055,Barcelona,Ciutat Vella,Venta,Piso,299968.0,81.5,3.0,2.0,Reformado,1992-01-01,8,False,True,False,True,False,,2024-11-04,80-120,3680.59
2056,Barcelona,Eixample,Venta,Piso,405433.0,91.0,3.0,2.0,Obra nueva,2023-01-01,2,False,False,False,True,True,6.71,2024-11-11,80-120,4455.31
2057,Barcelona,Eixample,Venta,Ático,278734.0,63.5,2.0,1.0,Buen estado,1985-01-01,Ático,True,False,True,True,True,6.04,2024-10-24,40-80,4389.51
2058,Barcelona,Sants-Montjuïc,Venta,Piso,337027.0,81.2,3.0,2.0,A reformar,1968-01-01,3,True,True,False,True,True,6.68,2025-03-25,80-120,4150.58
2059,Barcelona,Sarrià-Sant Gervasi,Alquiler,Piso,364985.0,85.4,3.0,2.0,Buen estado,1968-01-01,5,True,False,False,True,True,5.22,2024-11-21,80-120,4273.83
2060,Barcelona,Sarrià-Sant Gervasi,Alquiler,Ático,475073.0,108.5,3.0,2.0,Buen estado,1980-01-01,Ático,True,False,True,False,True,4.58,2025-01-20,80-120,4378.55
2061,Barcelona,Ciutat Vella,Alquiler,Piso,369443.0,91.3,3.0,2.0,Buen estado,1994-01-01,8,False,False,False,False,False,4.99,2024-11-15,80-120,4046.47
2062,Barcelona,Sants-Montjuïc,Venta,Piso,336029.0,76.8,2.0,1.0,Buen estado,1994-01-01,3,False,True,True,True,False,6.03,2025-04-03,40-80,4375.38
2063,Barcelona,Sarrià-Sant Gervasi,Venta,Piso,379889.0,90.1,3.0,2.0,Obra nueva,2018-01-01,4,True,True,True,False,True,4.09,2024-12-18,80-120,4216.3
2064,Barcelona,Sarrià-Sant Gervasi,Venta,Piso,319351.0,76.0,2.0,1.0,Buen estado,1984-01-01,1,True,True,False,True,False,5.07,2025-03-02,40-80,4201.99
2065,Barcelona,Ciutat Vella,Venta,Piso,356132.0,85.6,3.0,2.0,Buen estado,1969-01-01,1,True,True,False,True,True,5.07,2024-11-25,80-120,4160.42
2066,Barcelona,Sants-Montjuïc,Venta,Piso,386448.0,81.6,3.0,2.0,Obra nueva,2018-01-01,3,True,False,False,False,True,4.32,2025-03-21,80-120,4735.88
2067,Barcelona,Sants-Montjuïc,Venta,Piso,267048.0,64.1,2.0,1.0,Reformado,1969-01-01,4,True,False,False,False,False,2.84,2025-04-01,40-80,4166.12
2068,Barcelona,Gràcia,Alquiler,Piso,224263.0,49.8,2.0,1.0,Buen estado,1971-01-01,6,True,False,False,False,False,2.43,2025-04-07,40-80,4503.27
2069,Barcelona,Sants-Montjuïc,Venta,Piso,265107.0,58.7,2.0,1.0,Buen estado,2015-01-01,3,False,True,False,True,True,4.97,2024-11-26,40-80,4516.3
2070,Barcelona,Sants-Montjuïc,Alquiler,Piso,375120.0,83.3,3.0,2.0,Buen estado,2003-01-01,7,True,False,True,False,False,5.12,,80-120,4503.24
2071,Barcelona,Eixample,Venta,Ático,354128.0,77.9,2.0,1.0,Buen estado,1987-01-01,Ático,False,False,False,False,False,6.27,2025-02-19,40-80,4545.93
2072,Barcelona,Ciutat Vella,Alquiler,Piso,239958.0,50.5,2.0,1.0,Buen estado,1971-01-01,9,False,True,True,True,False,1.4,2025-01-15,40-80,4751.64
2073,Barcelona,Gràcia,Venta,Ático,418907.0,93.6,3.0,2.0,Obra nueva,2020-01-01,Ático,True,True,True,True,False,,2025-04-01,80-120,4475.5
2074,Barcelona,Sants-Montjuïc,Venta,Piso,456267.0,90.8,3.0,2.0,Buen estado,1971-01-01,4,False,False,False,False,True,4.32,2024-11-01,80-120,5024.97
2075,Barcelona,Sarrià-Sant Gervasi,Alquiler,Piso,283749.0,66.0,2.0,1.0,Buen estado,1979-01-01,Bajo,False,True,False,True,False,6.94,2024-11-07,40-80,4299.23
2076,Barcelona,Sarrià-Sant Gervasi,Venta,Piso,440913.0,100.2,3.0,2.0,Buen estado,1981-01-01,9,False,False,False,True,False,4.28,2024-12-30,80-120,4400.33
2077,Barcelona,Sants-Montjuïc,Venta,Piso,,44.4,2.0,1.0,Reformado,2010-01-01,5,False,False,False,False,True,5.46,2025-04-06,40-80,
2078,Barcelona,Eixample,Venta,Sin_clasificar,,,1.0,1.0,Buen estado,1964-01-01,6,True,False,True,False,False,7.19,2025-02-07,,
2079,Barcelona,Sants-Montjuïc,Venta,Piso,432906.0,92.2,3.0,2.0,Buen estado,1975-01-01,5,True,False,True,True,False,4.95,2024-12-26,80-120,4695.29
2080,Barcelona,Gràcia,Venta,Piso,267410.0,63.6,2.0,1.0,Buen estado,1958-01-01,9,True,True,False,True,False,3.71,2025-02-02,40-80,4204.56
2081,Barcelona,Sarrià-Sant Gervasi,Venta,Sin_clasificar,,,1.0,2.0,Buen estado,2000-01-01,3,False,True,False,False,False,6.69,2024-12-12,,
2082,Barcelona,Sants-Montjuïc,Venta,Piso,399602.0,82.0,3.0,2.0,Buen estado,1981-01-01,Bajo,False,False,False,False,False,,2024-12-07,80-120,4873.2
2083,Barcelona,Sarrià-Sant Gervasi,Venta,Piso,301465.0,66.7,2.0,1.0,Buen estado,1983-01-01,9,False,False,False,True,True,5.09,2025-01-19,40-80,4519.72
2084,Barcelona,Sarrià-Sant Gervasi,Venta,Sin_clasificar,,,2.0,1.0,Reformado,1964-01-01,9,False,False,False,False,True,2.15,2025-04-05,,
2085,Barcelona,Sarrià-Sant Gervasi,Venta,Ático,386926.0,102.9,3.0,2.0,Obra nueva,2019-01-01,Ático,True,False,False,False,False,0.77,2025-01-02,80-120,3760.21
2086,Barcelona,Eixample,Alquiler,Piso,98418.0,48.1,2.0,1.0,Obra nueva,2020-01-01,7,True,False,False,False,False,6.68,2025-01-18,40-80,2046.11
2087,Barcelona,Gràcia,Venta,Piso,460999.0,105.5,3.0,2.0,Buen estado,1958-01-01,2,True,False,False,True,True,6.54,2024-12-25,80-120,4369.66
2088,Barcelona,Sants-Montjuïc,Venta,Piso,255336.0,60.5,2.0,1.0,Buen estado,1979-01-01,1,True,False,False,True,False,4.22,2024-12-10,40-80,4220.43
2089,Barcelona,Gràcia,Venta,Piso,474829.0,97.3,3.0,2.0,Buen estado,2000-01-01,7,True,False,False,True,True,3.11,2024-11-18,80-120,4880.05
2090,Barcelona,Sants-Montjuïc,Venta,Piso,561807.0,116.4,3.0,2.0,Buen estado,1972-01-01,3,True,True,False,False,True,3.19,2025-02-06,80-120,4826.52
2091,Barcelona,Ciutat Vella,Alquiler,Piso,389280.0,97.5,3.0,2.0,Obra nueva,2018-01-01,6,True,True,True,False,False,6.01,2024-11-10,80-120,3992.62
2092,Barcelona,Sants-Montjuïc,Alquiler,Ático,378595.0,90.9,3.0,2.0,Obra nueva,2020-01-01,Ático,True,False,False,True,False,4.59,,80-120,4164.96
2093,Barcelona,Sarrià-Sant Gervasi,Venta,Piso,303920.0,72.3,2.0,1.0,Buen estado,1980-01-01,9,True,False,False,False,False,2.31,2024-10-15,40-80,4203.6
2094,Barcelona,Gràcia,Alquiler,Piso,297391.0,61.3,2.0,1.0,Buen estado,2008-01-01,5,True,False,False,True,True,5.47,2025-01-04,40-80,4851.4
2095,Barcelona,Sarrià-Sant Gervasi,Alquiler,Ático,549478.0,112.3,3.0,2.0,Obra nueva,2018-01-01,Ático,False,True,False,True,True,6.44,2024-12-06,80-120,4892.95
2096,Barcelona,Gràcia,Venta,Piso,278998.0,58.1,2.0,1.0,Buen estado,2003-01-01,1,True,False,False,True,False,4.1,2025-01-03,40-80,4802.03
2097,Barcelona,Ciutat Vella,Venta,Piso,382959.0,78.4,2.0,1.0,Buen estado,1956-01-01,6,True,True,False,True,False,1.99,2025-03-30,40-80,4884.68
2098,Barcelona,Ciutat Vella,Venta,Piso,335244.0,79.2,2.0,1.0,Buen estado,1969-01-01,2,False,True,False,False,True,5.6,2025-01-18,40-80,4232.88
2099,Barcelona,Sarrià-Sant Gervasi,Alquiler,Ático,221634.0,55.7,2.0,1.0,Buen estado,2008-01-01,Ático,True,True,True,True,False,7.18,2024-11-03,40-80,3979.07
2100,Barcelona,Ciutat Vella,Alquiler,Piso,334768.0,84.4,3.0,2.0,Buen estado,1977-01-01,9,True,False,True,False,False,5.05,2025-02-15,80-120,3966.45
2101,Barcelona,Ciutat Vella,Venta,Ático,601154.0,108.4,3.0,2.0,Buen estado,1975-01-01,Ático,True,False,False,True,True,5.65,2025-01-19,80-120,5545.7
2102,Barcelona,Ciutat Vella,Alquiler,Ático,327311.0,77.0,2.0,1.0,Buen estado,1999-01-01,Ático,False,False,True,True,False,6.96,2024-11-07,40-80,4250.79
2103,Barcelona,Sarrià-Sant Gervasi,Alquiler,Piso,533819.0,127.83,4.0,2.0,Buen estado,1973-01-01,7,True,True,False,True,True,3.97,2025-01-02,120-160,4176.01
2104,Barcelona,Sarrià-Sant Gervasi,Alquiler,Piso,,79.3,2.0,1.0,Buen estado,1997-01-01,6,True,True,True,False,False,3.53,2025-02-22,40-80,
2105,Barcelona,Ciutat Vella,Alquiler,Piso,457374.0,109.2,3.0,2.0,Buen estado,1986-01-01,9,True,True,False,False,True,5.54,2024-12-14,80-120,4188.41
2106,Barcelona,Gràcia,Venta,Piso,379493.0,87.1,3.0,2.0,Reformado,1975-01-01,6,True,True,False,False,True,2.15,2024-10-21,80-120,4356.98
2107,Barcelona,Ciutat Vella,Venta,Piso,254368.0,50.7,2.0,1.0,Buen estado,1978-01-01,5,True,False,False,True,False,4.98,2024-10-21,40-80,5017.12
2108,Barcelona,Sarrià-Sant Gervasi,Venta,Piso,202587.0,42.7,2.0,1.0,Buen estado,1981-01-01,4,True,True,False,False,False,3.33,2024-10-15,40-80,4744.43
2109,Barcelona,Sarrià-Sant Gervasi,Venta,Piso,365503.0,91.0,3.0,2.0,Buen estado,1969-01-01,7,False,True,False,True,False,5.28,2024-12-31,80-120,4016.52
2110,Barcelona,Sants-Montjuïc,Venta,Piso,446680.0,94.2,3.0,2.0,Buen estado,1974-01-01,Bajo,False,False,False,True,False,4.43,2025-02-22,80-120,4741.83
2111,Barcelona,Ciutat Vella,Venta,Piso,314690.0,80.0,3.0,2.0,Buen estado,1998-01-01,2,False,True,True,False,False,7.03,2025-03-20,80-120,3933.62
2112,Barcelona,Ciutat Vella,Venta,Piso,472186.0,92.1,3.0,2.0,A reformar,1991-01-01,9,True,False,False,False,True,3.16,2024-12-10,80-120,5126.88
2113,Barcelona,Sarrià-Sant Gervasi,Venta,Estudio,107613.0,30.0,0.0,1.0,Buen estado,1964-01-01,Bajo,True,False,False,False,False,3.01,2024-11-15,0-40,3587.1
2114,Barcelona,Sarrià-Sant Gervasi,Alquiler,Piso,169438.0,44.8,2.0,1.0,Reformado,2002-01-01,6,True,False,False,True,False,3.99,2025-02-17,40-80,3782.1
2115,Barcelona,Eixample,Venta,Piso,352872.0,81.7,3.0,2.0,Buen estado,1983-01-01,6,True,True,False,True,False,,2024-10-14,80-120,4319.12
2116,Barcelona,Gràcia,Alquiler,Piso,369488.0,94.9,3.0,2.0,Buen estado,1979-01-01,1,True,True,False,False,True,5.81,2025-01-27,80-120,3893.45
2117,Barcelona,Eixample,Alquiler,Piso,406812.0,84.3,3.0,2.0,A reformar,1990-01-01,9,True,True,True,False,False,5.43,,80-120,4825.77
2118,Barcelona,Sarrià-Sant Gervasi,Alquiler,Piso,407524.0,90.8,3.0,2.0,Obra nueva,2020-01-01,9,False,False,False,True,False,5.41,2025-02-07,80-120,4488.15
2119,Barcelona,Gràcia,Alquiler,Piso,423197.0,91.0,3.0,2.0,Obra nueva,2019-01-01,4,False,True,False,True,True,,2025-02-14,80-120,4650.52
2120,Barcelona,Eixample,Venta,Piso,386321.0,95.2,3.0,2.0,Buen estado,1969-01-01,4,True,True,False,False,False,2.83,2024-10-10,80-120,4057.99
2121,Barcelona,Ciutat Vella,Venta,Piso,374103.0,84.3,3.0,2.0,Buen estado,1979-01-01,4,True,True,False,False,False,,2024-12-16,80-120,4437.76
2122,Barcelona,Ciutat Vella,Venta,Piso,486275.0,116.3,3.0,2.0,Buen estado,2005-01-01,3,True,True,False,True,True,6.47,2024-12-05,80-120,4181.21
2123,Barcelona,Eixample,Alquiler,Piso,493959.0,113.3,3.0,2.0,Buen estado,1966-01-01,9,True,False,False,False,False,5.93,2025-02-03,80-120,4359.74
2124,Barcelona,Sarrià-Sant Gervasi,Venta,Piso,316466.0,87.5,3.0,2.0,Buen estado,1970-01-01,7,False,False,False,False,False,4.24,2025-02-28,80-120,3616.75
2125,Barcelona,Eixample,Venta,Piso,225691.0,55.0,2.0,1.0,Obra nueva,2019-01-01,7,True,False,False,False,False,1.65,2025-02-13,40-80,4103.47
2126,Barcelona,Gràcia,Venta,Piso,515742.0,112.8,3.0,2.0,Buen estado,1951-01-01,6,False,True,False,False,False,4.71,2024-10-17,80-120,4572.18
2127,Barcelona,Sarrià-Sant Gervasi,Alquiler,Piso,208151.0,56.6,2.0,1.0,Buen estado,1977-01-01,5,True,False,True,False,False,6.69,,40-80,3677.58
2128,Barcelona,Gràcia,Alquiler,Sin_clasificar,,,2.0,1.0,Buen estado,1993-01-01,5,True,False,False,False,False,6.29,2025-02-01,,
2129,Barcelona,Ciutat Vella,Venta,Sin_clasificar,,,3.0,1.0,Buen estado,1974-01-01,5,True,True,False,False,False,5.01,2025-03-02,,
2130,Barcelona,Ciutat Vella,Venta,Piso,691399.0,129.6,4.0,2.0,Obra nueva,2020-01-01,8,True,False,False,False,True,4.2,2025-02-11,120-160,5334.87
2131,Barcelona,Gràcia,Venta,Piso,477016.0,83.9,3.0,2.0,Buen estado,1983-01-01,1,True,True,False,True,False,5.59,2024-11-02,80-120,5685.53
2132,Barcelona,Ciutat Vella,Venta,Piso,460463.0,98.1,3.0,2.0,Buen estado,1999-01-01,2,False,False,False,False,False,7.33,2024-11-18,80-120,4693.81
2133,Barcelona,Ciutat Vella,Venta,Piso,247859.0,55.2,2.0,1.0,Buen estado,2002-01-01,9,True,False,False,True,False,5.73,2024-12-19,40-80,4490.2
2134,Barcelona,Sants-Montjuïc,Alquiler,Ático,,,2.0,,Buen estado,1979-01-01,Ático,True,False,False,False,False,6.37,2025-03-20,,
2135,Barcelona,Sants-Montjuïc,Venta,Piso,400441.0,82.6,3.0,2.0,Buen estado,1992-01-01,6,False,False,True,False,False,4.46,2025-02-12,80-120,4847.95
2136,Barcelona,Ciutat Vella,Venta,Piso,283131.0,55.9,2.0,1.0,Buen estado,1992-01-01,2,False,False,False,True,False,3.34,,40-80,5064.96
2137,Barcelona,Sants-Montjuïc,Venta,Sin_clasificar,,,2.0,1.0,Obra nueva,2023-01-01,2,True,False,True,True,True,6.64,2025-04-01,,
2138,Barcelona,Eixample,Venta,Piso,369758.0,87.1,3.0,2.0,A reformar,1993-01-01,6,False,True,False,False,False,4.05,,80-120,4245.21
2139,Barcelona,Eixample,Venta,Piso,192317.0,44.8,2.0,1.0,Buen estado,1980-01-01,1,True,False,True,True,True,7.19,2025-03-11,40-80,4292.79
2140,Barcelona,Sarrià-Sant Gervasi,Alquiler,Piso,474123.0,107.3,3.0,2.0,Buen estado,1985-01-01,3,False,True,False,False,False,1.38,2024-11-20,80-120,4418.67
2141,Barcelona,Sarrià-Sant Gervasi,Venta,Piso,274605.0,67.7,2.0,1.0,A reformar,1984-01-01,Bajo,True,False,True,False,False,2.82,2025-03-11,40-80,4056.2
2142,Barcelona,Ciutat Vella,Venta,Piso,270696.0,55.3,2.0,1.0,Reformado,2014-01-01,2,True,False,True,False,False,6.6,2025-02-03,40-80,4895.05
2143,Barcelona,Sants-Montjuïc,Alquiler,Piso,368360.0,83.8,3.0,2.0,Buen estado,1983-01-01,3,False,False,False,False,False,,2024-12-30,80-120,4395.7
2144,Barcelona,Gràcia,Venta,Sin_clasificar,,,1.0,2.0,Buen estado,1995-01-01,7,True,False,False,False,True,6.97,2025-02-03,,
2145,Barcelona,Gràcia,Venta,Piso,239525.0,57.4,2.0,1.0,Buen estado,1979-01-01,2,True,True,False,False,False,4.65,2025-02-04,40-80,4172.91
2146,Barcelona,Sarrià-Sant Gervasi,Venta,Piso,335048.0,73.1,2.0,1.0,Obra nueva,2019-01-01,3,False,False,True,False,False,5.7,2025-02-04,40-80,4583.42
2147,Barcelona,Eixample,Venta,Piso,351353.0,77.3,2.0,1.0,Buen estado,1950-01-01,8,True,False,True,True,False,6.71,2025-02-06,40-80,4545.32
2148,Barcelona,Ciutat Vella,Venta,Piso,381367.0,70.0,2.0,1.0,Buen estado,2020-01-01,8,True,False,False,True,False,5.64,2024-11-08,40-80,5448.1
2149,Barcelona,Sarrià-Sant Gervasi,Venta,Piso,487177.0,109.8,3.0,2.0,Buen estado,1976-01-01,7,True,True,True,False,False,6.6,2024-10-24,80-120,4436.95
2150,Barcelona,Sants-Montjuïc,Alquiler,Piso,283717.0,71.7,2.0,1.0,Obra nueva,2018-01-01,5,False,True,False,True,False,4.04,2025-01-19,40-80,3957.0
2151,Barcelona,Sarrià-Sant Gervasi,Venta,Piso,310156.0,66.8,2.0,1.0,Obra nueva,2018-01-01,2,True,True,True,True,True,6.66,2024-12-15,40-80,4643.05
2152,Barcelona,Sarrià-Sant Gervasi,Alquiler,Piso,310730.0,75.4,2.0,1.0,Buen estado,1986-01-01,6,True,True,False,False,False,4.29,2025-03-26,40-80,4121.09
2153,Barcelona,Sants-Montjuïc,Venta,Estudio,147438.0,30.0,0.0,1.0,Buen estado,1982-01-01,4,True,False,True,False,False,1.37,2024-11-02,0-40,4914.6
2154,Barcelona,Sants-Montjuïc,Venta,Piso,339700.0,94.9,3.0,2.0,Reformado,1966-01-01,7,True,True,False,False,False,6.94,2024-12-10,80-120,3579.56
2155,Barcelona,Sants-Montjuïc,Venta,Piso,462061.0,87.1,3.0,2.0,Buen estado,1974-01-01,7,True,True,False,False,True,3.55,2025-04-06,80-120,5304.95
2156,Barcelona,Sants-Montjuïc,Venta,Piso,336142.0,68.2,2.0,1.0,Obra nueva,2019-01-01,8,True,False,True,True,False,5.54,2024-12-21,40-80,4928.77
2157,Barcelona,Eixample,Venta,Sin_clasificar,,,2.0,3.0,Buen estado,1980-01-01,4,True,True,False,False,True,5.35,2024-12-26,,
2158,Barcelona,Gràcia,Venta,Piso,320566.0,73.0,2.0,1.0,Obra nueva,2023-01-01,4,True,True,False,False,True,5.75,2024-11-17,40-80,4391.32
2159,Barcelona,Gràcia,Venta,Ático,388513.0,82.6,3.0,2.0,Buen estado,1996-01-01,Ático,True,False,False,False,True,7.56,2024-12-06,80-120,4703.55
2160,Barcelona,Eixample,Alquiler,Piso,374371.0,71.2,2.0,1.0,Buen estado,1977-01-01,Bajo,True,False,False,True,False,5.19,2024-12-14,40-80,5258.02
2161,Barcelona,Sants-Montjuïc,Alquiler,Piso,367718.0,91.6,3.0,2.0,A reformar,1973-01-01,6,True,False,True,False,False,6.75,2025-02-08,80-120,4014.39
2162,Barcelona,Sarrià-Sant Gervasi,Alquiler,Piso,307928.0,72.2,2.0,1.0,Buen estado,1971-01-01,9,True,True,False,False,True,,2025-02-14,40-80,4264.93
2163,Barcelona,Sants-Montjuïc,Venta,Ático,379070.0,109.3,3.0,2.0,Reformado,1999-01-01,Ático,False,True,False,True,True,4.04,2024-11-21,80-120,3468.16
2164,Barcelona,Sarrià-Sant Gervasi,Venta,Ático,490325.0,105.8,3.0,2.0,Buen estado,1978-01-01,Ático,True,True,True,False,False,3.16,2024-10-25,80-120,4634.45
2165,Barcelona,Sants-Montjuïc,Venta,Piso,253509.0,63.7,2.0,1.0,Buen estado,1959-01-01,9,True,False,False,False,True,,2024-11-08,40-80,3979.73
2166,Barcelona,Gràcia,Venta,Piso,310776.0,61.8,2.0,1.0,Reformado,1996-01-01,Bajo,True,True,True,False,True,5.05,2025-02-20,40-80,5028.74
2167,Barcelona,Gràcia,Alquiler,Ático,284032.0,58.5,2.0,1.0,Buen estado,1987-01-01,Ático,False,False,False,False,False,5.81,2024-11-03,40-80,4855.25
2168,Barcelona,Sants-Montjuïc,Venta,Piso,454541.0,99.1,3.0,2.0,A reformar,1995-01-01,8,True,False,False,True,False,5.77,2024-10-29,80-120,4586.69
2169,Barcelona,Eixample,Venta,Piso,350091.0,84.4,3.0,2.0,Buen estado,1999-01-01,2,True,False,True,False,False,7.17,2025-04-03,80-120,4148.0
2170,Barcelona,Gràcia,Venta,Piso,413903.0,86.5,3.0,2.0,Buen estado,1982-01-01,9,False,True,False,True,True,4.11,2024-12-16,80-120,4785.01
2171,Barcelona,Sarrià-Sant Gervasi,Venta,Estudio,139668.0,31.6,0.0,1.0,Obra nueva,2018-01-01,2,True,True,False,True,True,6.83,2025-02-19,0-40,4419.87
2172,Barcelona,Sants-Montjuïc,Venta,Piso,231049.0,50.0,2.0,1.0,Buen estado,1974-01-01,9,False,False,True,False,False,6.66,2025-02-08,40-80,4620.98
2173,Barcelona,Ciutat Vella,Venta,Ático,502339.0,95.8,3.0,2.0,Buen estado,1976-01-01,Ático,True,True,False,False,False,3.3,2024-10-27,80-120,5243.62
2174,Barcelona,Gràcia,Venta,Piso,403688.0,84.9,3.0,2.0,Buen estado,1982-01-01,1,True,False,False,True,True,4.13,2025-02-24,80-120,4754.86
2175,Barcelona,Sarrià-Sant Gervasi,Venta,Piso,356132.0,79.3,2.0,1.0,Buen estado,1986-01-01,9,False,False,False,True,False,5.55,2025-01-27,40-80,4490.95
2176,Barcelona,Eixample,Alquiler,Piso,454452.0,84.2,3.0,2.0,Buen estado,2009-01-01,9,True,True,False,False,False,2.9,2025-03-20,80-120,5397.29
2177,Barcelona,Sarrià-Sant Gervasi,Alquiler,Piso,263525.0,66.5,2.0,1.0,Buen estado,1977-01-01,6,True,False,False,False,True,3.3,2025-03-11,40-80,3962.78
2178,Barcelona,Sants-Montjuïc,Venta,Piso,153676.0,45.2,2.0,1.0,Buen estado,1992-01-01,8,False,False,False,False,False,5.71,2024-12-20,40-80,3399.91
2179,Barcelona,Sants-Montjuïc,Venta,Ático,,102.76,3.0,2.0,Buen estado,1987-01-01,Ático,True,False,False,False,False,4.62,2025-03-01,80-120,
2180,Barcelona,Sarrià-Sant Gervasi,Venta,Piso,230353.0,58.2,2.0,1.0,A reformar,1973-01-01,2,True,False,False,False,True,3.14,2025-02-10,40-80,3957.96
2181,Barcelona,Eixample,Venta,Piso,478028.0,95.4,3.0,2.0,Buen estado,1969-01-01,2,True,False,True,False,True,5.08,2024-11-23,80-120,5010.78
2182,Barcelona,Eixample,Alquiler,Piso,373998.0,78.7,2.0,1.0,Buen estado,1967-01-01,7,True,True,True,False,False,6.8,2025-01-04,40-80,4752.2
2183,Barcelona,Sarrià-Sant Gervasi,Alquiler,Piso,396736.0,106.4,3.0,2.0,Buen estado,1994-01-01,3,True,False,False,False,False,6.36,2024-12-02,80-120,3728.72
2184,Barcelona,Sants-Montjuïc,Venta,Piso,483274.0,99.3,3.0,2.0,Buen estado,1968-01-01,1,True,False,False,False,True,2.99,,80-120,4866.81
2185,Barcelona,Sants-Montjuïc,Alquiler,Piso,311130.0,69.0,2.0,1.0,Buen estado,1977-01-01,5,True,False,False,False,False,8.77,2024-11-18,40-80,4509.13
2186,Barcelona,Gràcia,Alquiler,Piso,207898.0,43.8,2.0,1.0,Reformado,1989-01-01,9,False,False,True,False,True,6.28,2025-03-27,40-80,4746.53
2187,Barcelona,Gràcia,Venta,Piso,348861.0,70.7,2.0,1.0,Buen estado,1992-01-01,9,False,False,False,True,False,,2025-01-23,40-80,4934.38
2188,Barcelona,Sants-Montjuïc,Venta,Piso,535482.0,96.1,3.0,2.0,Reformado,1977-01-01,4,True,True,False,True,True,5.43,2025-01-11,80-120,5572.13
2189,Barcelona,Gràcia,Venta,Piso,288820.0,66.0,2.0,1.0,Obra nueva,2020-01-01,7,True,True,True,False,True,,2024-12-26,40-80,4376.06
2190,Barcelona,Ciutat Vella,Venta,Piso,392124.0,107.1,3.0,2.0,Buen estado,1988-01-01,6,True,True,False,False,False,7.41,2024-10-23,80-120,3661.29
2191,Barcelona,Ciutat Vella,Venta,Sin_clasificar,,,1.0,1.0,A reformar,1989-01-01,4,False,False,False,False,False,5.62,2024-10-13,,
2192,Barcelona,Gràcia,Venta,Piso,333682.0,68.6,2.0,1.0,Buen estado,1977-01-01,5,False,False,True,False,False,3.75,2024-10-15,40-80,4864.17
2193,Barcelona,Sants-Montjuïc,Venta,Estudio,152419.0,36.6,0.0,1.0,Buen estado,1984-01-01,3,False,True,False,False,True,2.77,2024-12-03,0-40,4164.45
2194,Barcelona,Sarrià-Sant Gervasi,Venta,Sin_clasificar,,,1.0,1.0,Buen estado,1981-01-01,3,False,False,True,False,True,6.78,2024-11-19,,
2195,Barcelona,Sants-Montjuïc,Alquiler,Piso,328990.0,71.0,2.0,1.0,Buen estado,2008-01-01,Bajo,True,False,False,False,True,4.23,2025-03-26,40-80,4633.66
2196,Barcelona,Ciutat Vella,Venta,Piso,366797.0,83.8,3.0,2.0,Buen estado,2005-01-01,4,True,True,True,False,False,4.61,2025-03-13,80-120,4377.05
2197,Barcelona,Sarrià-Sant Gervasi,Venta,Piso,383480.0,90.0,3.0,2.0,Buen estado,2009-01-01,4,True,True,False,True,False,3.66,,80-120,4260.89
2198,Barcelona,Sants-Montjuïc,Venta,Sin_clasificar,,,2.0,2.0,Buen estado,1996-01-01,1,True,False,False,False,False,4.36,2024-12-31,,
2199,Barcelona,Ciutat Vella,Alquiler,Piso,343045.0,79.1,2.0,1.0,Buen estado,2012-01-01,9,True,True,False,True,False,5.9,2024-11-29,40-80,4336.85
2200,Barcelona,Sarrià-Sant Gervasi,Venta,Ático,519662.0,113.7,3.0,2.0,Buen estado,1987-01-01,Ático,False,True,False,False,False,4.55,2024-12-14,80-120,4570.47
2201,Barcelona,Sarrià-Sant Gervasi,Venta,Piso,299367.0,69.4,2.0,1.0,Buen estado,1989-01-01,1,False,False,False,True,True,6.15,2025-04-06,40-80,4313.65
2202,Barcelona,Sants-Montjuïc,Alquiler,Piso,393143.0,90.3,3.0,2.0,Obra nueva,2023-01-01,3,True,True,True,True,False,5.59,2024-11-25,80-120,4353.74
2203,Barcelona,Sants-Montjuïc,Venta,Ático,653241.0,125.8,4.0,2.0,Buen estado,1975-01-01,Ático,True,True,False,True,True,4.03,2025-04-07,120-160,5192.69
2204,Barcelona,Sants-Montjuïc,Venta,Piso,399160.0,104.2,3.0,2.0,Buen estado,1983-01-01,1,False,True,True,True,True,4.2,2025-03-22,80-120,3830.71
2205,Barcelona,Ciutat Vella,Venta,Piso,420469.0,100.3,3.0,2.0,Obra nueva,2022-01-01,Bajo,True,True,True,True,True,5.15,2025-02-17,80-120,4192.11
2206,Barcelona,Sants-Montjuïc,Venta,Piso,202673.0,47.8,2.0,1.0,Buen estado,1993-01-01,8,True,True,False,False,False,7.84,2024-12-31,40-80,4240.02
2207,Barcelona,Sarrià-Sant Gervasi,Venta,Piso,1025898.0,235.26,6.0,3.0,Buen estado,1977-01-01,1,False,True,False,False,False,6.59,2025-03-02,200-240,4360.7
2208,Barcelona,Eixample,Alquiler,Piso,287206.0,65.7,2.0,1.0,Buen estado,1979-01-01,8,True,False,False,True,False,5.77,2024-10-31,40-80,4371.48
2209,Barcelona,Sarrià-Sant Gervasi,Alquiler,Piso,327168.0,75.8,2.0,1.0,A reformar,1985-01-01,1,True,False,True,False,False,3.73,2025-04-02,40-80,4316.2
2210,Barcelona,Ciutat Vella,Alquiler,Piso,370345.0,63.8,2.0,1.0,Reformado,1998-01-01,2,False,True,False,False,True,5.35,2025-03-24,40-80,5804.78
2211,Barcelona,Sants-Montjuïc,Venta,Piso,306209.0,68.7,2.0,1.0,Buen estado,1947-01-01,8,True,False,True,True,True,3.35,2025-04-04,40-80,4457.19
2212,Barcelona,Ciutat Vella,Alquiler,Piso,380332.0,82.8,3.0,2.0,Buen estado,2005-01-01,9,False,True,False,False,True,1.46,2025-01-16,80-120,4593.38
2213,Barcelona,Eixample,Venta,Piso,449041.0,93.8,3.0,2.0,Buen estado,1974-01-01,3,False,False,False,True,False,7.15,2025-03-07,80-120,4787.22
2214,Barcelona,Sants-Montjuïc,Venta,Piso,210755.0,51.8,2.0,1.0,Buen estado,1980-01-01,9,True,False,True,True,True,4.17,2025-01-07,40-80,4068.63
2215,Barcelona,Sarrià-Sant Gervasi,Venta,Piso,246337.0,57.1,2.0,1.0,Buen estado,1971-01-01,2,False,True,False,False,True,4.45,2024-11-03,40-80,4314.13
2216,Barcelona,Eixample,Venta,Piso,438466.0,85.6,3.0,2.0,Buen estado,1991-01-01,2,True,False,True,False,True,5.65,2025-02-24,80-120,5122.27
2217,Barcelona,Sants-Montjuïc,Alquiler,Sin_clasificar,,,5.0,1.0,Buen estado,1983-01-01,3,True,True,False,False,False,2.3,2025-03-26,,
2218,Barcelona,Gràcia,Venta,Sin_clasificar,,,,1.0,A reformar,1994-01-01,3,True,False,False,True,False,3.73,2024-12-03,,
2219,Barcelona,Sants-Montjuïc,Venta,Piso,394647.0,85.5,3.0,2.0,Reformado,1996-01-01,1,False,False,False,False,False,4.83,2025-01-13,80-120,4615.75
2220,Barcelona,Eixample,Venta,Piso,,48.9,2.0,1.0,Obra nueva,2021-01-01,Bajo,False,True,False,True,True,5.09,2025-01-31,40-80,
2221,Barcelona,Ciutat Vella,Venta,Piso,254511.0,69.1,2.0,1.0,Buen estado,1999-01-01,1,True,True,False,True,False,3.8,2024-11-01,40-80,3683.23
2222,Barcelona,Gràcia,Venta,Piso,308514.0,72.1,2.0,1.0,Buen estado,1974-01-01,2,True,True,False,True,True,5.5,2024-12-01,40-80,4278.97
2223,Barcelona,Eixample,Alquiler,Piso,454379.0,99.8,3.0,2.0,Buen estado,1972-01-01,5,False,True,True,True,False,3.38,2025-01-23,80-120,4552.9
2224,Barcelona,Gràcia,Venta,Piso,122204.0,45.0,2.0,1.0,Buen estado,1966-01-01,7,True,False,True,True,False,3.03,2024-12-13,40-80,2715.64
2225,Barcelona,Sarrià-Sant Gervasi,Venta,Piso,349578.0,77.2,2.0,1.0,Buen estado,2007-01-01,6,True,False,True,False,False,7.28,2025-01-19,40-80,4528.21
2226,Barcelona,Eixample,Venta,Ático,306206.0,66.1,2.0,1.0,Obra nueva,2021-01-01,Ático,True,True,False,False,True,5.59,,40-80,4632.47
2227,Barcelona,Gràcia,Alquiler,Piso,539887.0,105.2,3.0,2.0,Buen estado,1993-01-01,6,True,True,False,False,True,4.36,2025-02-06,80-120,5132.01
2228,Barcelona,Eixample,Alquiler,Piso,239712.0,51.4,2.0,1.0,Buen estado,1999-01-01,5,False,True,True,True,False,3.85,2024-10-20,40-80,4663.66
2229,Barcelona,Gràcia,Alquiler,Piso,356925.0,84.5,3.0,2.0,Buen estado,1973-01-01,8,True,False,False,False,False,5.22,2024-11-17,80-120,4223.96
2230,Barcelona,Gràcia,Venta,Piso,258909.0,63.8,2.0,1.0,Buen estado,1995-01-01,3,True,False,True,True,True,3.88,2025-03-27,40-80,4058.13
2231,Barcelona,Sants-Montjuïc,Venta,Piso,339124.0,97.1,3.0,2.0,Buen estado,1963-01-01,2,False,False,True,True,False,7.03,2024-11-22,80-120,3492.52
2232,Barcelona,Sarrià-Sant Gervasi,Alquiler,Piso,253867.0,63.4,2.0,1.0,Obra nueva,2019-01-01,5,True,True,False,True,False,6.9,2024-11-06,40-80,4004.21
2233,Barcelona,Gràcia,Venta,Piso,435268.0,85.6,3.0,2.0,Buen estado,1978-01-01,5,True,False,False,False,False,4.47,2024-12-15,80-120,5084.91
2234,Barcelona,Sarrià-Sant Gervasi,Venta,Piso,318614.0,59.3,2.0,1.0,Buen estado,1977-01-01,7,False,True,False,False,False,,2024-10-17,40-80,5372.92
2235,Barcelona,Gràcia,Alquiler,Piso,453401.0,89.5,3.0,2.0,Buen estado,1967-01-01,9,True,True,True,True,False,4.17,2025-02-20,80-120,5065.93
2236,Barcelona,Gràcia,Venta,Piso,469974.0,114.6,3.0,2.0,Reformado,1989-01-01,1,False,False,False,True,False,,2025-01-24,80-120,4100.99
2237,Barcelona,Eixample,Venta,Piso,380988.0,73.3,2.0,1.0,A reformar,2005-01-01,8,False,False,False,False,False,5.86,2025-01-29,40-80,5197.65
2238,Barcelona,Gràcia,Alquiler,Piso,321221.0,82.5,3.0,2.0,Buen estado,2008-01-01,7,True,False,False,False,False,3.29,2025-02-06,80-120,3893.59
2239,Barcelona,Sants-Montjuïc,Venta,Piso,353007.0,85.2,3.0,2.0,Buen estado,1971-01-01,9,True,False,True,False,False,3.42,2025-03-29,80-120,4143.27
2240,Barcelona,Eixample,Venta,Piso,355956.0,86.8,3.0,2.0,Reformado,1974-01-01,3,True,True,False,True,False,2.84,2024-11-10,80-120,4100.88
2241,Barcelona,Gràcia,Venta,Ático,373497.0,82.9,3.0,2.0,Buen estado,1981-01-01,Ático,True,False,False,False,False,5.57,2024-10-30,80-120,4505.39
2242,Barcelona,Eixample,Alquiler,Sin_clasificar,,,4.0,1.0,Buen estado,1978-01-01,3,False,True,False,False,True,3.23,2024-12-05,,
2243,Barcelona,Sants-Montjuïc,Venta,Piso,490394.0,96.7,3.0,2.0,Buen estado,2004-01-01,7,True,True,False,True,False,3.22,2025-03-29,80-120,5071.29
2244,Barcelona,Sarrià-Sant Gervasi,Venta,Piso,,108.6,3.0,2.0,Reformado,1960-01-01,2,False,False,False,True,False,4.18,2024-12-31,80-120,
2245,Barcelona,Ciutat Vella,Venta,Piso,415130.0,110.6,3.0,2.0,Obra nueva,2018-01-01,6,False,False,False,False,False,5.62,2025-03-19,80-120,3753.44
2246,Barcelona,Eixample,Alquiler,Ático,426397.0,90.2,3.0,2.0,Buen estado,1972-01-01,Ático,True,False,False,True,False,6.67,2024-10-17,80-120,4727.24
2247,Barcelona,Gràcia,Venta,Piso,442394.0,94.2,3.0,2.0,Buen estado,1987-01-01,7,False,False,False,True,False,5.25,2025-01-05,80-120,4696.33
2248,Barcelona,Gràcia,Venta,Piso,341348.0,83.3,3.0,2.0,Buen estado,2005-01-01,7,False,True,False,False,False,4.05,2024-12-02,80-120,4097.82
2249,Barcelona,Ciutat Vella,Venta,Piso,453563.0,85.0,3.0,2.0,Buen estado,1997-01-01,4,True,False,False,True,False,5.33,2025-03-25,80-120,5336.04
2250,Barcelona,Sarrià-Sant Gervasi,Alquiler,Piso,348204.0,78.9,2.0,1.0,Reformado,1983-01-01,4,True,False,False,True,False,3.55,2025-01-04,40-80,4413.23
2251,Barcelona,Ciutat Vella,Alquiler,Piso,356390.0,68.0,2.0,1.0,Buen estado,1993-01-01,5,False,False,False,True,False,3.64,2025-02-18,40-80,5241.03
2252,Barcelona,Sants-Montjuïc,Venta,Piso,395640.0,78.5,2.0,1.0,Buen estado,1991-01-01,8,False,False,False,False,False,4.35,2024-11-10,40-80,5040.0
2253,Barcelona,Eixample,Venta,Piso,348093.0,74.9,2.0,1.0,Buen estado,1962-01-01,8,True,False,False,False,False,3.09,2024-12-23,40-80,4647.44
2254,Barcelona,Gràcia,Alquiler,Piso,241263.0,55.0,2.0,1.0,Buen estado,1968-01-01,1,True,True,False,False,True,8.77,2025-02-15,40-80,4386.6
2255,Barcelona,Gràcia,Venta,Piso,342575.0,69.1,2.0,1.0,A reformar,1980-01-01,3,False,False,False,True,False,5.86,2024-11-14,40-80,4957.67
2256,Barcelona,Gràcia,Alquiler,Piso,280308.0,70.2,2.0,1.0,Obra nueva,2022-01-01,9,True,False,False,False,False,6.16,2024-11-16,40-80,3992.99
2257,Barcelona,Sarrià-Sant Gervasi,Alquiler,Piso,555940.0,119.0,3.0,2.0,Obra nueva,2020-01-01,8,True,True,False,True,True,3.01,2024-12-06,80-120,4671.76
2258,Barcelona,Sarrià-Sant Gervasi,Venta,Ático,430860.0,98.9,3.0,2.0,Buen estado,1953-01-01,Ático,True,True,True,True,False,4.97,2025-03-20,80-120,4356.52
2259,Barcelona,Sarrià-Sant Gervasi,Venta,Piso,503491.0,96.2,3.0,2.0,Obra nueva,2022-01-01,9,True,True,True,True,False,2.97,2025-01-25,80-120,5233.79
2260,Barcelona,Gràcia,Venta,Piso,377578.0,93.7,3.0,2.0,Reformado,1976-01-01,4,True,True,False,True,False,4.77,2025-01-16,80-120,4029.65
2261,Barcelona,Sarrià-Sant Gervasi,Alquiler,Piso,533203.0,108.7,3.0,2.0,Buen estado,1974-01-01,2,True,True,False,True,False,5.98,2024-12-24,80-120,4905.27
2262,Barcelona,Eixample,Venta,Piso,280775.0,69.4,2.0,1.0,Buen estado,1984-01-01,3,False,False,False,False,True,7.29,2025-03-14,40-80,4045.75
2263,Barcelona,Sarrià-Sant Gervasi,Alquiler,Piso,428538.0,101.4,3.0,2.0,Buen estado,1966-01-01,2,False,False,True,True,True,4.77,,80-120,4226.21
2264,Barcelona,Gràcia,Alquiler,Piso,313978.0,71.2,2.0,1.0,A reformar,1950-01-01,3,False,False,True,False,True,3.43,2025-01-17,40-80,4409.8
2265,Barcelona,Gràcia,Venta,Piso,290305.0,68.7,2.0,1.0,Buen estado,2001-01-01,5,True,False,False,False,True,6.0,2024-10-27,40-80,4225.69
2266,Barcelona,Gràcia,Alquiler,Piso,,55.9,2.0,1.0,Reformado,1972-01-01,1,False,False,False,True,False,6.06,2025-03-07,40-80,
2267,Barcelona,Gràcia,Venta,Piso,369798.0,72.8,2.0,1.0,Buen estado,1957-01-01,5,False,False,False,False,False,4.33,2024-10-11,40-80,5079.64
2268,Barcelona,Eixample,Venta,Piso,307415.0,63.3,2.0,1.0,Obra nueva,2022-01-01,7,True,True,True,False,False,4.72,2024-12-07,40-80,4856.48
2269,Barcelona,Ciutat Vella,Venta,Piso,376048.0,81.6,3.0,2.0,Obra nueva,2021-01-01,2,True,False,True,False,True,5.86,2024-10-27,80-120,4608.43
2270,Barcelona,Sants-Montjuïc,Alquiler,Piso,331808.0,62.4,2.0,1.0,Buen estado,2017-01-01,4,False,False,False,True,False,6.19,2024-11-06,40-80,5317.44
2271,Barcelona,Ciutat Vella,Venta,Piso,273588.0,68.8,2.0,1.0,Obra nueva,2021-01-01,4,True,True,True,False,False,5.65,2024-12-05,40-80,3976.57
2272,Barcelona,Sarrià-Sant Gervasi,Venta,Piso,,118.6,3.0,2.0,Buen estado,2006-01-01,9,False,False,True,True,True,5.27,2025-01-09,80-120,
2273,Barcelona,Gràcia,Alquiler,Piso,212297.0,52.9,2.0,1.0,Obra nueva,2021-01-01,6,True,True,True,True,False,3.49,2024-10-23,40-80,4013.18
2274,Barcelona,Eixample,Alquiler,Piso,433277.0,88.9,3.0,2.0,Obra nueva,2020-01-01,4,False,True,False,True,False,6.45,2025-03-21,80-120,4873.76
2275,Barcelona,Sarrià-Sant Gervasi,Venta,Piso,393990.0,70.3,2.0,1.0,Buen estado,1952-01-01,5,True,False,False,False,False,6.95,2024-10-30,40-80,5604.41
2276,Barcelona,Eixample,Venta,Piso,394778.0,83.7,3.0,2.0,Buen estado,1985-01-01,7,False,True,True,False,False,4.28,2024-12-04,80-120,4716.58
2277,Barcelona,Sarrià-Sant Gervasi,Venta,Piso,471544.0,108.3,3.0,2.0,A reformar,1988-01-01,7,True,True,False,True,True,4.6,2025-03-01,80-120,4354.05
2278,Barcelona,Sarrià-Sant Gervasi,Alquiler,Ático,741894.0,157.1,4.0,2.0,Buen estado,2009-01-01,Ático,True,True,False,False,True,7.14,2025-01-14,120-160,4722.43
2279,Barcelona,Eixample,Venta,Piso,447611.0,92.9,3.0,2.0,Obra nueva,2018-01-01,9,True,True,True,True,True,4.77,2024-11-02,80-120,4818.2
2280,Barcelona,Eixample,Alquiler,Piso,489564.0,109.4,3.0,2.0,Buen estado,1970-01-01,9,False,False,False,True,False,4.88,2025-01-24,80-120,4474.99
2281,Barcelona,Ciutat Vella,Alquiler,Piso,352005.0,76.3,2.0,1.0,Buen estado,1981-01-01,7,False,False,False,True,False,4.33,2025-02-03,40-80,4613.43
2282,Barcelona,Sarrià-Sant Gervasi,Alquiler,Ático,408481.0,81.3,3.0,2.0,Buen estado,1979-01-01,Ático,False,False,False,True,False,5.07,2025-01-27,80-120,5024.37
2283,Barcelona,Eixample,Venta,Piso,309672.0,60.4,2.0,1.0,Buen estado,2017-01-01,5,True,False,True,True,False,8.72,2024-11-03,40-80,5127.02
2284,Barcelona,Sants-Montjuïc,Alquiler,Estudio,148487.0,30.0,0.0,1.0,Obra nueva,2020-01-01,5,True,True,True,False,True,5.03,2025-04-01,0-40,4949.57
2285,Barcelona,Sants-Montjuïc,Venta,Piso,300312.0,67.4,2.0,1.0,Buen estado,1996-01-01,Bajo,True,False,False,True,False,2.86,2024-12-31,40-80,4455.67
2286,Barcelona,Ciutat Vella,Venta,Piso,385195.0,95.0,3.0,2.0,Obra nueva,2019-01-01,3,True,True,False,True,True,2.68,2025-02-28,80-120,4054.68
2287,Barcelona,Sarrià-Sant Gervasi,Venta,Piso,373850.0,73.7,2.0,1.0,Obra nueva,2019-01-01,7,True,True,True,False,False,5.35,2024-10-31,40-80,5072.59
2288,Barcelona,Sants-Montjuïc,Venta,Piso,308772.0,56.6,2.0,1.0,Obra nueva,2019-01-01,5,True,True,True,True,True,7.73,2024-12-26,40-80,5455.34
2289,Barcelona,Eixample,Alquiler,Piso,299215.0,73.9,2.0,1.0,Buen estado,1991-01-01,9,False,False,True,True,False,2.81,2025-02-13,40-80,4048.92
2290,Barcelona,Gràcia,Alquiler,Piso,296150.0,66.3,2.0,1.0,Reformado,1998-01-01,7,False,False,False,True,False,5.1,2025-01-06,40-80,4466.82
2291,Barcelona,Sants-Montjuïc,Alquiler,Piso,388592.0,82.6,3.0,2.0,Obra nueva,2019-01-01,5,True,True,True,True,True,5.78,2024-10-13,80-120,4704.5
2292,Barcelona,Eixample,Venta,Ático,437797.0,93.0,3.0,2.0,Buen estado,2005-01-01,Ático,False,False,False,True,False,6.98,2025-03-01,80-120,4707.49
2293,Barcelona,Sants-Montjuïc,Alquiler,Sin_clasificar,,,2.0,2.0,Buen estado,2001-01-01,1,True,False,False,False,True,6.27,,,
2294,Barcelona,Eixample,Venta,Sin_clasificar,,,4.0,1.0,Reformado,1960-01-01,6,False,False,False,True,True,4.53,2024-12-15,,
2295,Barcelona,Gràcia,Alquiler,Piso,351823.0,86.0,3.0,2.0,Buen estado,1997-01-01,6,False,True,False,False,False,6.66,2024-11-04,80-120,4090.97
2296,Barcelona,Sants-Montjuïc,Venta,Piso,417983.0,83.2,3.0,2.0,Buen estado,1997-01-01,3,True,False,False,True,False,6.35,2025-01-30,80-120,5023.83
2297,Barcelona,Eixample,Venta,Piso,322179.0,74.4,2.0,1.0,A reformar,2011-01-01,Bajo,True,False,False,True,True,4.06,2025-02-12,40-80,4330.36
2298,Barcelona,Gràcia,Alquiler,Piso,533812.0,89.5,3.0,2.0,Buen estado,1999-01-01,3,True,True,False,False,False,3.6,2025-01-29,80-120,5964.38
2299,Barcelona,Gràcia,Venta,Piso,542645.0,123.5,4.0,2.0,A reformar,1982-01-01,9,True,False,False,True,False,5.49,2025-02-09,120-160,4393.89
2300,Barcelona,Ciutat Vella,Venta,Piso,362694.0,86.5,3.0,2.0,Buen estado,1994-01-01,6,False,True,False,True,True,4.0,2024-11-25,80-120,4192.99
2301,Barcelona,Sarrià-Sant Gervasi,Venta,Piso,191968.0,53.4,2.0,1.0,Reformado,1954-01-01,6,False,True,False,False,True,7.54,2024-12-14,40-80,3594.91
2302,Barcelona,Sants-Montjuïc,Alquiler,Piso,435409.0,105.0,3.0,2.0,Buen estado,1997-01-01,3,True,True,True,False,False,7.22,2024-12-29,80-120,4146.75
2303,Barcelona,Sarrià-Sant Gervasi,Venta,Piso,297328.0,69.9,2.0,1.0,Buen estado,1963-01-01,3,True,True,False,True,False,7.68,2025-02-23,40-80,4253.62
2304,Barcelona,Sarrià-Sant Gervasi,Venta,Piso,773379.0,160.44,5.0,3.0,Obra nueva,2022-01-01,7,True,True,False,False,True,1.92,2025-02-23,160-200,4820.36
2305,Barcelona,Sants-Montjuïc,Venta,Piso,413239.0,90.8,3.0,2.0,Buen estado,1998-01-01,5,True,True,False,True,True,4.34,2025-04-06,80-120,4551.09
2306,Barcelona,Sarrià-Sant Gervasi,Alquiler,Piso,293156.0,79.7,2.0,1.0,Buen estado,1997-01-01,Bajo,True,False,False,False,True,,2025-02-03,40-80,3678.24
2307,Barcelona,Sarrià-Sant Gervasi,Venta,Piso,,111.6,3.0,2.0,Buen estado,1973-01-01,2,True,True,True,False,False,2.78,,80-120,
2308,Barcelona,Sarrià-Sant Gervasi,Venta,Piso,438029.0,102.6,3.0,2.0,Reformado,1990-01-01,7,True,False,True,False,True,4.57,2025-04-07,80-120,4269.29
2309,Barcelona,Gràcia,Venta,Piso,347044.0,84.7,3.0,2.0,A reformar,1982-01-01,4,True,False,False,False,False,3.98,2025-03-03,80-120,4097.33
2310,Barcelona,Sants-Montjuïc,Alquiler,Piso,252033.0,56.4,2.0,1.0,Obra nueva,2021-01-01,6,True,True,False,False,False,,2025-04-07,40-80,4468.67
2311,Barcelona,Gràcia,Alquiler,Piso,351850.0,82.4,3.0,2.0,Buen estado,1972-01-01,8,False,False,True,False,False,7.5,2025-04-05,80-120,4270.02
2312,Barcelona,Sants-Montjuïc,Venta,Piso,344036.0,72.1,2.0,1.0,Reformado,1974-01-01,6,False,False,True,False,False,4.21,2024-11-14,40-80,4771.65
2313,Barcelona,Sarrià-Sant Gervasi,Alquiler,Piso,364795.0,82.6,3.0,2.0,Reformado,2008-01-01,9,True,True,False,False,False,4.81,2024-10-22,80-120,4416.4
2314,Barcelona,Sants-Montjuïc,Venta,Piso,382983.0,91.3,3.0,2.0,Buen estado,1982-01-01,1,True,True,False,False,True,3.81,2025-02-21,80-120,4194.78
2315,Barcelona,Ciutat Vella,Alquiler,Piso,270706.0,57.8,2.0,1.0,Buen estado,1955-01-01,9,True,True,True,True,True,5.75,2024-11-23,40-80,4683.49
2316,Barcelona,Gràcia,Venta,Piso,268866.0,64.8,2.0,1.0,Obra nueva,2020-01-01,1,True,False,False,True,False,3.85,2024-11-02,40-80,4149.17
2317,Barcelona,Ciutat Vella,Venta,Piso,,96.5,3.0,2.0,Buen estado,1976-01-01,6,True,False,True,True,False,8.51,2025-01-14,80-120,
2318,Barcelona,Ciutat Vella,Venta,Piso,,54.8,2.0,1.0,Buen estado,1981-01-01,5,False,False,True,False,False,6.6,2024-11-23,40-80,
2319,Barcelona,Ciutat Vella,Alquiler,Piso,257999.0,55.1,2.0,1.0,Buen estado,1987-01-01,6,True,False,True,False,True,5.92,2024-11-29,40-80,4682.38
2320,Barcelona,Gràcia,Venta,Piso,341638.0,84.3,3.0,2.0,Buen estado,1985-01-01,7,False,False,False,True,False,4.05,2024-11-02,80-120,4052.65
2321,Barcelona,Sarrià-Sant Gervasi,Venta,Piso,396376.0,80.7,3.0,2.0,Buen estado,1996-01-01,8,False,True,True,True,False,1.68,2024-10-24,80-120,4911.72
2322,Barcelona,Sants-Montjuïc,Venta,Piso,268730.0,67.0,2.0,1.0,A reformar,1994-01-01,Bajo,True,True,False,True,False,4.22,2024-10-10,40-80,4010.9
2323,Barcelona,Sants-Montjuïc,Venta,Piso,286357.0,77.5,2.0,1.0,Reformado,1996-01-01,9,False,False,False,True,False,5.0,2025-01-12,40-80,3694.93
2324,Barcelona,Eixample,Alquiler,Piso,608602.0,117.9,3.0,2.0,Buen estado,1982-01-01,2,False,False,False,False,True,5.7,2025-02-23,80-120,5162.02
2325,Barcelona,Gràcia,Alquiler,Piso,716909.0,86.0,3.0,2.0,Buen estado,1981-01-01,2,False,True,True,True,False,7.21,2025-03-11,80-120,8336.15
2326,Barcelona,Sants-Montjuïc,Venta,Piso,417612.0,105.3,3.0,2.0,Obra nueva,2019-01-01,8,True,False,False,False,False,7.44,2024-11-16,80-120,3965.93
2327,Barcelona,Ciutat Vella,Venta,Piso,263449.0,51.2,2.0,1.0,Buen estado,2004-01-01,1,True,True,False,False,False,3.37,2024-12-27,40-80,5145.49
2328,Barcelona,Sants-Montjuïc,Venta,Piso,364030.0,86.7,3.0,2.0,Buen estado,1966-01-01,2,False,False,False,True,True,4.1,2024-11-03,80-120,4198.73
2329,Barcelona,Ciutat Vella,Venta,Piso,487597.0,93.2,3.0,2.0,Buen estado,2004-01-01,5,True,False,False,True,False,8.3,2025-02-02,80-120,5231.73
2330,Barcelona,Sarrià-Sant Gervasi,Alquiler,Ático,189898.0,41.9,2.0,1.0,Reformado,1982-01-01,Ático,True,True,False,False,True,3.5,2025-02-27,40-80,4532.17
2331,Barcelona,Eixample,Venta,Piso,392267.0,85.2,3.0,2.0,Buen estado,1948-01-01,7,True,False,False,False,False,5.72,2024-11-26,80-120,4604.07
2332,Barcelona,Ciutat Vella,Venta,Piso,285844.0,55.0,2.0,1.0,A reformar,2006-01-01,7,False,False,False,False,True,7.7,2025-03-26,40-80,5197.16
2333,Barcelona,Sarrià-Sant Gervasi,Venta,Piso,178609.0,44.0,2.0,1.0,Buen estado,1986-01-01,5,False,True,False,False,False,5.04,2025-02-20,40-80,4059.3
2334,Barcelona,Sarrià-Sant Gervasi,Venta,Piso,395025.0,80.0,3.0,2.0,Buen estado,1991-01-01,8,True,False,False,False,False,4.9,2025-03-22,80-120,4937.81
2335,Barcelona,Gràcia,Venta,Ático,386320.0,83.0,3.0,2.0,Obra nueva,2020-01-01,Ático,False,True,False,True,True,6.51,2025-01-26,80-120,4654.46
2336,Barcelona,Ciutat Vella,Venta,Piso,396178.0,86.6,3.0,2.0,Buen estado,1989-01-01,1,True,True,True,True,False,2.89,2024-12-30,80-120,4574.8
2337,Barcelona,Sarrià-Sant Gervasi,Venta,Piso,335754.0,81.2,3.0,2.0,Buen estado,1965-01-01,4,True,True,False,False,False,6.03,2025-04-02,80-120,4134.9
2338,Barcelona,Eixample,Venta,Piso,315114.0,68.3,2.0,1.0,Reformado,1976-01-01,4,True,True,False,True,False,4.5,2025-03-08,40-80,4613.67
2339,Barcelona,Sarrià-Sant Gervasi,Venta,Piso,193689.0,47.3,2.0,1.0,Obra nueva,2022-01-01,Bajo,True,True,False,False,True,4.59,2024-10-21,40-80,4094.9
2340,Barcelona,Sants-Montjuïc,Venta,Ático,331643.0,88.5,3.0,2.0,Buen estado,2005-01-01,Ático,True,True,False,False,False,2.69,2025-01-28,80-120,3747.38
2341,Barcelona,Sarrià-Sant Gervasi,Venta,Piso,324198.0,67.8,2.0,1.0,Buen estado,1969-01-01,Bajo,True,True,False,False,False,5.27,2024-12-02,40-80,4781.68
2342,Barcelona,Eixample,Venta,Piso,,83.1,3.0,2.0,Buen estado,2010-01-01,5,False,True,False,False,False,3.81,2024-10-27,80-120,
2343,Barcelona,Gràcia,Venta,Sin_clasificar,,,3.0,1.0,Buen estado,1976-01-01,Bajo,False,False,False,False,False,4.16,2025-01-14,,
2344,Barcelona,Gràcia,Alquiler,Piso,444837.0,115.7,3.0,2.0,Buen estado,1997-01-01,3,True,True,False,True,True,,2025-03-26,80-120,3844.75
2345,Barcelona,Sants-Montjuïc,Alquiler,Piso,150592.0,48.8,2.0,1.0,Obra nueva,2020-01-01,6,True,True,False,True,True,4.1,2024-10-20,40-80,3085.9
2346,Barcelona,Gràcia,Venta,Piso,,87.4,3.0,2.0,Buen estado,1964-01-01,6,True,False,False,False,False,4.53,2025-04-01,80-120,
2347,Barcelona,Sarrià-Sant Gervasi,Alquiler,Ático,309373.0,70.7,2.0,1.0,Buen estado,1974-01-01,Ático,False,False,False,True,False,3.33,2024-12-17,40-80,4375.86
2348,Barcelona,Ciutat Vella,Venta,Piso,231756.0,47.1,2.0,1.0,Buen estado,2006-01-01,4,True,True,False,False,True,7.17,2024-11-26,40-80,4920.51
2349,Barcelona,Ciutat Vella,Venta,Piso,274775.0,65.3,2.0,1.0,Buen estado,1996-01-01,Bajo,False,True,False,True,True,5.29,2025-04-05,40-80,4207.89
2350,Barcelona,Ciutat Vella,Venta,Piso,523075.0,98.0,3.0,2.0,Buen estado,1986-01-01,1,True,False,True,False,False,4.23,2024-11-07,80-120,5337.5
2351,Barcelona,Gràcia,Alquiler,Piso,409950.0,89.5,3.0,2.0,Buen estado,2002-01-01,5,True,False,False,False,False,4.06,2024-11-20,80-120,4580.45
2352,Barcelona,Sants-Montjuïc,Alquiler,Piso,418477.0,81.8,3.0,2.0,Buen estado,1992-01-01,4,False,False,True,False,True,3.94,2025-02-23,80-120,5115.86
2353,Barcelona,Sants-Montjuïc,Venta,Piso,460391.0,108.2,3.0,2.0,Buen estado,1987-01-01,1,False,True,True,True,False,4.74,2025-01-18,80-120,4255.0
2354,Barcelona,Gràcia,Alquiler,Piso,462869.0,86.9,3.0,2.0,Buen estado,1985-01-01,2,True,True,False,False,False,4.46,2025-02-18,80-120,5326.46
2355,Barcelona,Eixample,Venta,Piso,389353.0,87.8,3.0,2.0,Buen estado,1976-01-01,6,True,False,False,True,False,4.95,2024-11-25,80-120,4434.54
2356,Barcelona,Eixample,Alquiler,Piso,394900.0,93.9,3.0,2.0,Buen estado,2003-01-01,9,False,False,False,False,True,6.16,2025-01-11,80-120,4205.54
2357,Barcelona,Ciutat Vella,Alquiler,Piso,418260.0,90.1,3.0,2.0,Obra nueva,2023-01-01,8,True,True,True,True,False,3.08,2024-11-26,80-120,4642.18
2358,Barcelona,Gràcia,Alquiler,Piso,402212.0,92.2,3.0,2.0,Buen estado,1993-01-01,2,False,True,False,False,True,5.44,2025-01-04,80-120,4362.39
2359,Barcelona,Sants-Montjuïc,Alquiler,Ático,344137.0,89.5,3.0,2.0,Buen estado,1956-01-01,Ático,False,False,True,False,False,4.98,,80-120,3845.11
2360,Barcelona,Ciutat Vella,Venta,Piso,339150.0,77.7,2.0,1.0,Buen estado,1978-01-01,3,True,False,False,False,True,3.87,2024-11-25,40-80,4364.86
2361,Barcelona,Gràcia,Venta,Piso,335804.0,84.3,3.0,2.0,Buen estado,2013-01-01,7,True,False,False,True,False,4.95,2024-10-26,80-120,3983.44
2362,Barcelona,Gràcia,Venta,Piso,311806.0,78.8,2.0,1.0,Buen estado,2002-01-01,8,False,False,False,False,False,6.54,2024-12-29,40-80,3956.93
2363,Barcelona,Eixample,Venta,Piso,347055.0,80.7,3.0,2.0,Buen estado,1958-01-01,Bajo,True,False,True,True,False,2.55,2025-03-16,80-120,4300.56
2364,Barcelona,Gràcia,Alquiler,Piso,489549.0,89.0,3.0,2.0,Buen estado,1961-01-01,1,False,True,False,True,False,6.83,2025-04-02,80-120,5500.55
2365,Barcelona,Gràcia,Venta,Piso,489608.0,93.1,3.0,2.0,Buen estado,1967-01-01,6,False,True,False,False,True,5.59,2025-03-03,80-120,5258.95
2366,Barcelona,Eixample,Alquiler,Piso,230413.0,50.7,2.0,1.0,Buen estado,1986-01-01,8,True,False,False,False,False,5.31,2024-10-27,40-80,4544.64
2367,Barcelona,Eixample,Venta,Ático,,71.6,2.0,1.0,Reformado,1964-01-01,Ático,True,True,False,False,False,7.14,2025-01-15,40-80,
2368,Barcelona,Sants-Montjuïc,Venta,Piso,308330.0,73.4,2.0,1.0,Reformado,1969-01-01,3,True,True,False,True,False,,2025-04-01,40-80,4200.68
2369,Barcelona,Ciutat Vella,Venta,Piso,358103.0,80.6,3.0,2.0,A reformar,1995-01-01,7,False,True,False,False,False,3.81,2025-02-08,80-120,4442.97
2370,Barcelona,Gràcia,Venta,Piso,412536.0,89.7,3.0,2.0,Buen estado,1992-01-01,4,False,False,False,True,False,7.42,2025-03-21,80-120,4599.06
2371,Barcelona,Gràcia,Alquiler,Piso,321080.0,78.3,2.0,1.0,Buen estado,1963-01-01,2,True,False,False,False,False,2.02,2025-01-11,40-80,4100.64
2372,Barcelona,Eixample,Venta,Piso,,96.7,3.0,2.0,Buen estado,1971-01-01,6,False,False,False,False,False,5.42,2025-02-24,80-120,
2373,Barcelona,Gràcia,Alquiler,Piso,398426.0,90.6,3.0,2.0,Buen estado,2007-01-01,3,False,True,True,False,False,3.97,2025-01-20,80-120,4397.64
2374,Barcelona,Ciutat Vella,Alquiler,Piso,360723.0,87.1,3.0,2.0,Buen estado,1981-01-01,6,True,False,True,True,False,5.62,2025-02-04,80-120,4141.48
2375,Barcelona,Sants-Montjuïc,Venta,Piso,416525.0,90.2,3.0,2.0,Buen estado,1990-01-01,8,True,False,False,False,True,2.51,2024-11-30,80-120,4617.79
2376,Barcelona,Gràcia,Venta,Ático,238429.0,61.2,2.0,1.0,Buen estado,1960-01-01,Ático,False,True,True,True,False,5.83,2025-03-16,40-80,3895.9
2377,Barcelona,Sants-Montjuïc,Alquiler,Piso,253150.0,63.6,2.0,1.0,Obra nueva,2021-01-01,5,False,True,True,False,True,3.26,2025-03-22,40-80,3980.35
2378,Barcelona,Sants-Montjuïc,Venta,Ático,419951.0,80.7,3.0,2.0,Buen estado,1964-01-01,Ático,True,False,False,False,False,3.32,2025-02-01,80-120,5203.85
2379,Barcelona,Sants-Montjuïc,Alquiler,Piso,355430.0,100.8,3.0,2.0,Reformado,1990-01-01,6,True,True,False,True,False,2.74,2024-10-22,80-120,3526.09
2380,Barcelona,Gràcia,Venta,Piso,316287.0,61.6,2.0,1.0,Buen estado,1948-01-01,6,True,False,False,False,False,5.12,2025-02-18,40-80,5134.53
2381,Barcelona,Ciutat Vella,Venta,Piso,364233.0,86.3,3.0,2.0,Buen estado,1983-01-01,6,True,False,True,False,False,6.7,2025-03-03,80-120,4220.54
2382,Barcelona,Gràcia,Venta,Piso,228581.0,50.4,2.0,1.0,Buen estado,1985-01-01,2,False,True,False,False,False,3.22,2025-03-22,40-80,4535.34
2383,Barcelona,Ciutat Vella,Venta,Piso,556405.0,101.3,3.0,2.0,Buen estado,1998-01-01,5,False,False,True,False,False,5.66,2025-02-05,80-120,5492.65
2384,Barcelona,Gràcia,Alquiler,Piso,402168.0,95.7,3.0,2.0,Reformado,1996-01-01,5,False,False,False,True,False,2.78,2025-03-14,80-120,4202.38
2385,Barcelona,Sarrià-Sant Gervasi,Venta,Piso,414313.0,91.9,3.0,2.0,Buen estado,1985-01-01,1,True,True,False,False,False,5.19,2024-10-25,80-120,4508.3
2386,Barcelona,Eixample,Venta,Piso,372736.0,70.3,2.0,1.0,Reformado,1971-01-01,5,False,False,False,False,True,6.32,2024-11-01,40-80,5302.08
2387,Barcelona,Sants-Montjuïc,Alquiler,Piso,217222.0,42.1,2.0,1.0,Obra nueva,2019-01-01,4,False,True,True,False,False,7.84,2024-10-25,40-80,5159.67
2388,Barcelona,Sants-Montjuïc,Venta,Piso,225879.0,50.8,2.0,1.0,Reformado,1994-01-01,7,True,False,True,True,False,4.63,2025-02-07,40-80,4446.44
2389,Barcelona,Sants-Montjuïc,Alquiler,Piso,326003.0,88.9,3.0,2.0,Buen estado,1964-01-01,8,True,True,True,False,True,2.65,2024-11-18,80-120,3667.08
2390,Barcelona,Gràcia,Venta,Piso,,94.2,3.0,2.0,Reformado,2002-01-01,6,True,False,False,True,False,,2024-11-18,80-120,
2391,Barcelona,Sarrià-Sant Gervasi,Venta,Piso,412939.0,104.5,3.0,2.0,A reformar,1976-01-01,3,True,True,False,True,False,5.09,2024-11-07,80-120,3951.57
2392,Barcelona,Gràcia,Alquiler,Piso,448501.0,95.7,3.0,2.0,Buen estado,1985-01-01,6,True,True,False,False,False,6.35,2025-02-07,80-120,4686.53
2393,Barcelona,Ciutat Vella,Venta,Piso,465511.0,96.6,3.0,2.0,Buen estado,1964-01-01,5,True,False,False,False,True,7.59,2025-01-29,80-120,4818.95
2394,Barcelona,Sarrià-Sant Gervasi,Venta,Estudio,156347.0,33.0,0.0,1.0,Buen estado,2002-01-01,7,True,True,False,False,False,4.82,2025-03-29,0-40,4737.79
2395,Barcelona,Sarrià-Sant Gervasi,Venta,Piso,235645.0,56.4,2.0,1.0,Buen estado,1976-01-01,5,True,True,True,True,False,3.72,2024-10-26,40-80,4178.1
2396,Barcelona,Gràcia,Venta,Piso,248232.0,63.2,2.0,1.0,Buen estado,1988-01-01,2,True,False,False,True,False,4.73,2024-11-06,40-80,3927.72
2397,Barcelona,Gràcia,Alquiler,Piso,444081.0,84.6,3.0,2.0,Obra nueva,2018-01-01,5,False,True,False,False,False,6.04,2025-03-12,80-120,5249.18
2398,Barcelona,Ciutat Vella,Venta,Piso,494984.0,108.1,3.0,2.0,Buen estado,1998-01-01,2,True,False,False,False,False,,2025-01-10,80-120,4578.95
2399,Barcelona,Sants-Montjuïc,Venta,Piso,490446.0,100.3,3.0,2.0,Buen estado,1991-01-01,Bajo,True,True,False,True,False,6.47,2025-02-11,80-120,4889.79
2400,Barcelona,Sants-Montjuïc,Alquiler,Piso,281438.0,61.1,2.0,1.0,Buen estado,1982-01-01,4,False,True,False,False,True,7.49,2024-12-15,40-80,4606.19
2401,Barcelona,Ciutat Vella,Alquiler,Ático,530773.0,108.7,3.0,2.0,Buen estado,1959-01-01,Ático,False,False,False,True,False,3.82,2025-02-03,80-120,4882.92
2402,Barcelona,Eixample,Venta,Piso,492019.0,91.4,3.0,2.0,Reformado,1992-01-01,9,True,False,False,False,False,3.09,2024-10-11,80-120,5383.14
2403,Barcelona,Sarrià-Sant Gervasi,Venta,Piso,257872.0,60.4,2.0,1.0,Reformado,2005-01-01,6,False,True,False,True,True,4.02,2025-01-16,40-80,4269.4
2404,Barcelona,Eixample,Venta,Piso,344036.0,80.9,3.0,2.0,Buen estado,1988-01-01,5,False,True,False,False,True,5.74,,80-120,4252.61
2405,Barcelona,Ciutat Vella,Venta,Piso,289101.0,66.8,2.0,1.0,Reformado,1981-01-01,4,True,True,False,True,True,6.17,2025-02-27,40-80,4327.86
2406,Barcelona,Gràcia,Venta,Ático,208614.0,41.2,2.0,1.0,Reformado,1981-01-01,Ático,True,False,False,True,True,2.26,2024-10-30,40-80,5063.45
2407,Barcelona,Sants-Montjuïc,Alquiler,Piso,207529.0,58.7,2.0,1.0,Buen estado,1993-01-01,2,True,True,True,True,False,6.15,2024-11-05,40-80,3535.42
2408,Barcelona,Gràcia,Venta,Piso,276005.0,67.0,2.0,1.0,Buen estado,1964-01-01,3,False,True,False,True,False,6.79,2024-10-31,40-80,4119.48
2409,Barcelona,Eixample,Venta,Piso,442564.0,100.1,3.0,2.0,Obra nueva,2022-01-01,1,True,False,True,True,True,3.51,,80-120,4421.22
2410,Barcelona,Sarrià-Sant Gervasi,Venta,Piso,265711.0,61.5,2.0,1.0,Buen estado,1961-01-01,5,False,False,False,False,False,4.26,2025-03-28,40-80,4320.5
2411,Barcelona,Eixample,Venta,Piso,406172.0,90.8,3.0,2.0,Buen estado,1960-01-01,1,True,False,False,False,False,4.12,2024-11-25,80-120,4473.26
2412,Barcelona,Eixample,Alquiler,Ático,451328.0,85.3,3.0,2.0,Buen estado,2005-01-01,Ático,False,True,False,False,False,5.47,2024-12-07,80-120,5291.07
2413,Barcelona,Gràcia,Venta,Piso,416799.0,84.5,3.0,2.0,Buen estado,1973-01-01,8,False,False,False,False,True,6.2,2024-11-27,80-120,4932.53
2414,Barcelona,Ciutat Vella,Alquiler,Piso,347900.0,80.0,3.0,2.0,Buen estado,1987-01-01,2,True,True,True,False,False,4.08,2025-02-06,80-120,4348.75
2415,Barcelona,Sants-Montjuïc,Alquiler,Piso,518800.0,104.4,3.0,2.0,Reformado,1966-01-01,7,True,True,False,True,False,3.02,2024-11-25,80-120,4969.35
2416,Barcelona,Sarrià-Sant Gervasi,Venta,Piso,212057.0,47.8,2.0,1.0,Buen estado,1974-01-01,2,True,True,True,True,False,5.53,2025-02-24,40-80,4436.34
2417,Barcelona,Sarrià-Sant Gervasi,Alquiler,Piso,434544.0,93.7,3.0,2.0,Obra nueva,2018-01-01,3,True,True,True,True,False,3.44,2024-11-25,80-120,4637.61
2418,Barcelona,Sants-Montjuïc,Alquiler,Sin_clasificar,,,1.0,3.0,Buen estado,1970-01-01,9,True,False,False,True,False,5.56,2024-12-23,,
2419,Barcelona,Sarrià-Sant Gervasi,Venta,Piso,453171.0,91.4,3.0,2.0,Buen estado,1992-01-01,4,False,False,False,False,True,3.61,2025-01-05,80-120,4958.11
2420,Barcelona,Gràcia,Venta,Piso,431659.0,76.9,2.0,1.0,A reformar,1989-01-01,4,True,True,False,True,True,4.61,2024-12-20,40-80,5613.25
2421,Barcelona,Gràcia,Venta,Piso,620655.0,124.4,4.0,2.0,Buen estado,1990-01-01,Bajo,True,False,False,True,False,7.69,2025-03-16,120-160,4989.19
2422,Barcelona,Ciutat Vella,Venta,Ático,376931.0,78.9,2.0,1.0,Obra nueva,2018-01-01,Ático,True,True,True,False,True,6.64,2024-10-31,40-80,4777.33
2423,Barcelona,Sants-Montjuïc,Venta,Ático,593295.0,119.1,3.0,2.0,Buen estado,1986-01-01,Ático,True,False,False,True,False,5.27,2025-03-13,80-120,4981.49
2424,Barcelona,Eixample,Venta,Piso,451147.0,99.0,3.0,2.0,Buen estado,1985-01-01,5,True,False,False,False,True,3.07,2025-02-08,80-120,4557.04
2425,Barcelona,Sants-Montjuïc,Venta,Sin_clasificar,,,2.0,1.0,Buen estado,1972-01-01,3,False,True,False,False,False,6.81,2024-12-06,,
2426,Barcelona,Sarrià-Sant Gervasi,Venta,Piso,289922.0,62.7,2.0,1.0,Buen estado,1960-01-01,7,False,False,False,True,False,4.2,2024-12-31,40-80,4623.96
2427,Barcelona,Ciutat Vella,Venta,Piso,311480.0,75.5,2.0,1.0,Buen estado,1988-01-01,2,True,False,False,False,False,3.84,2025-01-15,40-80,4125.56
2428,Barcelona,Ciutat Vella,Alquiler,Ático,250308.0,52.5,2.0,1.0,Obra nueva,2021-01-01,Ático,True,True,True,False,True,4.02,2024-11-16,40-80,4767.77
2429,Barcelona,Ciutat Vella,Venta,Piso,320782.0,69.1,2.0,1.0,Obra nueva,2019-01-01,2,True,True,False,True,False,5.58,2025-03-09,40-80,4642.29
2430,Barcelona,Gràcia,Venta,Piso,302443.0,61.8,2.0,1.0,Buen estado,1959-01-01,4,True,False,False,False,False,3.78,2025-01-03,40-80,4893.9
2431,Barcelona,Gràcia,Venta,Piso,248633.0,50.6,2.0,1.0,Buen estado,2017-01-01,8,True,False,False,True,False,5.11,2024-12-19,40-80,4913.7
2432,Barcelona,Gràcia,Venta,Piso,374581.0,86.8,3.0,2.0,Buen estado,1993-01-01,6,True,False,False,False,True,5.23,2024-11-18,80-120,4315.45
2433,Barcelona,Ciutat Vella,Alquiler,Piso,233166.0,51.9,2.0,1.0,A reformar,1982-01-01,1,True,False,False,True,False,3.47,2024-12-30,40-80,4492.6
2434,Barcelona,Ciutat Vella,Venta,Piso,217305.0,48.3,2.0,1.0,Buen estado,1989-01-01,7,True,False,False,False,True,6.66,2024-12-03,40-80,4499.07
2435,Barcelona,Ciutat Vella,Venta,Piso,310711.0,59.8,2.0,1.0,Buen estado,1998-01-01,5,False,False,False,True,False,4.77,2025-03-19,40-80,5195.84
2436,Barcelona,Sants-Montjuïc,Venta,Piso,304301.0,74.6,2.0,1.0,Buen estado,2000-01-01,2,True,True,False,True,False,6.38,2025-02-21,40-80,4079.1
2437,Barcelona,Sants-Montjuïc,Venta,Piso,336159.0,71.3,2.0,1.0,Buen estado,1989-01-01,2,False,False,False,False,False,4.61,2025-01-11,40-80,4714.71
2438,Barcelona,Sarrià-Sant Gervasi,Alquiler,Piso,490966.0,92.9,3.0,2.0,Buen estado,1981-01-01,6,False,False,False,False,False,7.97,2024-12-11,80-120,5284.89
2439,Barcelona,Gràcia,Alquiler,Piso,339277.0,77.0,2.0,1.0,Reformado,1991-01-01,5,True,True,True,False,False,6.08,2025-03-20,40-80,4406.19
2440,Barcelona,Ciutat Vella,Alquiler,Piso,316363.0,56.6,2.0,1.0,Buen estado,2000-01-01,5,True,False,True,True,True,6.17,2025-04-05,40-80,5589.45
2441,Barcelona,Gràcia,Alquiler,Piso,452791.0,100.1,3.0,2.0,Obra nueva,2022-01-01,3,True,True,False,True,False,3.89,2025-03-09,80-120,4523.39
2442,Barcelona,Sarrià-Sant Gervasi,Venta,Estudio,152684.0,32.7,0.0,1.0,Buen estado,1978-01-01,7,False,False,False,False,False,3.91,2024-10-13,0-40,4669.24
2443,Barcelona,Sants-Montjuïc,Venta,Piso,360641.0,92.5,3.0,2.0,Obra nueva,2022-01-01,5,True,True,True,True,True,4.85,2024-10-29,80-120,3898.82
2444,Barcelona,Sarrià-Sant Gervasi,Venta,Piso,371721.0,80.3,3.0,2.0,Reformado,2003-01-01,4,True,False,False,False,False,,2024-10-26,80-120,4629.15
2445,Barcelona,Ciutat Vella,Venta,Piso,415318.0,93.4,3.0,2.0,Obra nueva,2023-01-01,2,True,True,False,True,True,4.62,2025-01-10,80-120,4446.66
2446,Barcelona,Eixample,Venta,Piso,373415.0,69.1,2.0,1.0,Buen estado,1975-01-01,5,True,True,True,True,True,3.06,2025-03-16,40-80,5403.98
2447,Barcelona,Ciutat Vella,Venta,Piso,561929.0,104.3,3.0,2.0,A reformar,1965-01-01,7,True,False,True,False,False,3.54,2024-12-28,80-120,5387.62
2448,Barcelona,Sarrià-Sant Gervasi,Alquiler,Piso,321447.0,74.2,2.0,1.0,Obra nueva,2019-01-01,9,True,True,False,False,True,7.31,2025-03-12,40-80,4332.17
2449,Barcelona,Eixample,Venta,Piso,526324.0,110.6,3.0,2.0,Reformado,1978-01-01,8,False,True,False,False,False,2.81,2025-02-15,80-120,4758.81
2450,Barcelona,Sants-Montjuïc,Venta,Piso,437085.0,101.9,3.0,2.0,Obra nueva,2018-01-01,4,True,False,False,True,False,0.85,2024-12-14,80-120,4289.35
2451,Barcelona,Gràcia,Venta,Piso,377801.0,87.8,3.0,2.0,Buen estado,1978-01-01,6,True,False,False,True,False,5.06,2024-10-29,80-120,4302.97
2452,Barcelona,Sants-Montjuïc,Venta,Ático,379786.0,96.1,3.0,2.0,Buen estado,1984-01-01,Ático,False,False,False,False,False,5.53,2025-01-14,80-120,3951.99
2453,Barcelona,Sarrià-Sant Gervasi,Venta,Piso,,40.6,2.0,1.0,Buen estado,1978-01-01,4,True,False,False,False,False,,2025-02-02,40-80,
2454,Barcelona,Sants-Montjuïc,Venta,Piso,235610.0,61.3,2.0,1.0,Buen estado,1982-01-01,9,False,False,False,False,True,3.69,2024-11-10,40-80,3843.56
2455,Barcelona,Sants-Montjuïc,Alquiler,Piso,333922.0,64.6,2.0,1.0,Reformado,1940-01-01,8,False,False,False,False,False,,2025-02-08,40-80,5169.07
2456,Barcelona,Sants-Montjuïc,Venta,Piso,493454.0,91.1,3.0,2.0,Buen estado,1970-01-01,Bajo,True,True,False,True,False,8.05,2025-03-18,80-120,5416.62
2457,Barcelona,Ciutat Vella,Venta,Piso,374987.0,78.4,2.0,1.0,Buen estado,1973-01-01,Bajo,True,True,False,True,False,,2025-03-22,40-80,4783.0
2458,Barcelona,Sants-Montjuïc,Venta,Piso,350733.0,98.8,3.0,2.0,Buen estado,1986-01-01,8,True,False,True,False,True,5.11,2024-10-23,80-120,3549.93
2459,Barcelona,Gràcia,Venta,Piso,436922.0,96.4,3.0,2.0,Buen estado,1999-01-01,1,True,False,False,False,False,7.08,2025-02-19,80-120,4532.39
2460,Barcelona,Gràcia,Alquiler,Piso,492150.0,108.1,3.0,2.0,Obra nueva,2020-01-01,5,True,True,False,True,True,5.25,2024-10-29,80-120,4552.73
2461,Barcelona,Ciutat Vella,Venta,Piso,618333.0,117.3,3.0,2.0,Buen estado,1981-01-01,Bajo,False,False,False,False,False,7.21,2025-02-20,80-120,5271.38
2462,Barcelona,Ciutat Vella,Venta,Piso,,64.3,2.0,1.0,Buen estado,1966-01-01,1,True,True,False,True,False,,2024-12-01,40-80,
2463,Barcelona,Ciutat Vella,Venta,Piso,371067.0,89.9,3.0,2.0,Reformado,1997-01-01,3,True,True,False,True,True,6.72,2024-12-09,80-120,4127.55
2464,Barcelona,Eixample,Venta,Piso,493505.0,98.3,3.0,2.0,Buen estado,1983-01-01,3,False,False,True,False,True,3.93,,80-120,5020.4
2465,Barcelona,Eixample,Venta,Piso,339207.0,78.1,2.0,1.0,Reformado,2008-01-01,2,False,True,False,True,True,3.34,2025-02-14,40-80,4343.24
2466,Barcelona,Sants-Montjuïc,Venta,Piso,425500.0,93.8,3.0,2.0,Buen estado,1945-01-01,Bajo,True,True,True,False,False,5.15,2025-02-16,80-120,4536.25
2467,Barcelona,Sants-Montjuïc,Venta,Piso,274506.0,71.8,2.0,1.0,Buen estado,1996-01-01,8,False,False,False,True,True,4.35,2024-10-26,40-80,3823.2
2468,Barcelona,Eixample,Venta,Estudio,139310.0,30.0,0.0,1.0,Buen estado,1998-01-01,7,False,False,False,False,False,4.36,2024-10-10,0-40,4643.67
2469,Barcelona,Sants-Montjuïc,Alquiler,Piso,343031.0,74.2,2.0,1.0,Buen estado,1981-01-01,2,False,True,False,False,False,5.78,2025-01-18,40-80,4623.06
2470,Barcelona,Gràcia,Venta,Piso,389686.0,83.3,3.0,2.0,Buen estado,2005-01-01,9,False,False,False,True,True,3.84,2024-12-20,80-120,4678.1
2471,Barcelona,Sants-Montjuïc,Venta,Piso,515547.0,111.6,3.0,2.0,Buen estado,1968-01-01,3,False,False,False,True,False,2.83,2025-03-13,80-120,4619.6
2472,Barcelona,Sants-Montjuïc,Venta,Piso,651648.0,117.4,3.0,2.0,Buen estado,1980-01-01,1,True,False,False,True,True,4.45,2025-03-24,80-120,5550.66
2473,Barcelona,Sants-Montjuïc,Venta,Ático,466967.0,81.6,3.0,2.0,A reformar,1981-01-01,Ático,False,False,True,True,True,5.69,2025-02-17,80-120,5722.63
2474,Barcelona,Ciutat Vella,Venta,Piso,505108.0,84.0,3.0,2.0,Buen estado,1967-01-01,1,True,True,True,False,True,3.06,2024-11-30,80-120,6013.19
2475,Barcelona,Gràcia,Alquiler,Ático,204535.0,43.9,2.0,1.0,Buen estado,1987-01-01,Ático,False,False,True,True,False,5.23,2024-12-02,40-80,4659.11
2476,Barcelona,Sarrià-Sant Gervasi,Alquiler,Ático,432633.0,110.5,3.0,2.0,Buen estado,1998-01-01,Ático,False,True,True,True,False,,2024-12-06,80-120,3915.23
2477,Barcelona,Sarrià-Sant Gervasi,Alquiler,Piso,382431.0,78.8,2.0,1.0,Buen estado,1971-01-01,Bajo,True,True,False,False,True,5.72,2024-12-27,40-80,4853.19
2478,Barcelona,Eixample,Venta,Piso,191405.0,47.2,2.0,1.0,Buen estado,1962-01-01,7,True,True,True,True,False,4.99,2025-01-16,40-80,4055.19
2479,Barcelona,Sants-Montjuïc,Venta,Piso,379498.0,79.7,2.0,1.0,Obra nueva,2021-01-01,7,True,True,False,True,False,4.5,2025-03-01,40-80,4761.58
2480,Barcelona,Sarrià-Sant Gervasi,Venta,Piso,529001.0,110.1,3.0,2.0,Reformado,1984-01-01,3,False,False,True,False,True,4.12,2024-10-28,80-120,4804.73
2481,Barcelona,Sarrià-Sant Gervasi,Venta,Piso,,66.7,2.0,1.0,Buen estado,1978-01-01,Bajo,True,False,False,False,False,2.56,2024-10-11,40-80,
2482,Barcelona,Sants-Montjuïc,Alquiler,Piso,425660.0,100.5,3.0,2.0,Buen estado,2007-01-01,9,True,False,False,True,False,,2024-11-18,80-120,4235.42
2483,Barcelona,Eixample,Venta,Piso,468589.0,100.7,3.0,2.0,Buen estado,1985-01-01,6,True,False,True,True,False,6.16,2025-01-12,80-120,4653.32
2484,Barcelona,Eixample,Venta,Piso,271233.0,64.0,2.0,1.0,Buen estado,1971-01-01,Bajo,True,False,False,False,True,,2024-11-08,40-80,4238.02
2485,Barcelona,Sants-Montjuïc,Venta,Piso,444996.0,89.5,3.0,2.0,Reformado,1976-01-01,3,False,False,True,True,False,4.98,2024-11-08,80-120,4972.02
2486,Barcelona,Eixample,Alquiler,Piso,359673.0,78.9,2.0,1.0,Buen estado,1991-01-01,1,True,False,True,False,False,5.58,2024-10-31,40-80,4558.59
2487,Barcelona,Gràcia,Venta,Piso,366694.0,81.9,3.0,2.0,Buen estado,1985-01-01,4,True,True,False,False,False,3.68,2024-12-17,80-120,4477.34
2488,Barcelona,Eixample,Alquiler,Piso,425991.0,92.4,3.0,2.0,Obra nueva,2019-01-01,3,True,True,True,True,False,5.65,2024-10-25,80-120,4610.29
2489,Barcelona,Ciutat Vella,Venta,Piso,545607.0,104.5,3.0,2.0,Buen estado,1968-01-01,7,True,False,False,True,False,6.25,2025-01-22,80-120,5221.12
2490,Barcelona,Gràcia,Alquiler,Piso,262218.0,65.4,2.0,1.0,Buen estado,1988-01-01,1,False,False,False,False,False,,2024-12-19,40-80,4009.45
2491,Barcelona,Sants-Montjuïc,Alquiler,Ático,416441.0,98.2,3.0,2.0,Buen estado,1977-01-01,Ático,False,True,True,False,False,4.31,2024-12-17,80-120,4240.74
2492,Barcelona,Gràcia,Venta,Ático,418555.0,96.1,3.0,2.0,Buen estado,1991-01-01,Ático,False,True,False,False,False,5.08,2024-10-20,80-120,4355.41
2493,Barcelona,Sarrià-Sant Gervasi,Alquiler,Piso,325344.0,91.4,3.0,2.0,A reformar,1995-01-01,7,True,False,False,False,False,6.69,2024-12-07,80-120,3559.56
2494,Barcelona,Eixample,Venta,Piso,461154.0,91.0,3.0,2.0,Buen estado,1988-01-01,7,True,True,False,False,False,5.31,2025-02-25,80-120,5067.63
2495,Barcelona,Gràcia,Venta,Piso,371197.0,90.3,3.0,2.0,Obra nueva,2022-01-01,2,True,False,False,False,False,5.33,,80-120,4110.71
2496,Barcelona,Sants-Montjuïc,Venta,Piso,479358.0,87.4,3.0,2.0,Buen estado,1989-01-01,5,True,False,False,False,False,6.76,2024-12-22,80-120,5484.65
2497,Barcelona,Gràcia,Alquiler,Piso,471683.0,92.1,3.0,2.0,Buen estado,2001-01-01,8,False,False,False,True,False,4.26,2025-01-21,80-120,5121.42
2498,Barcelona,Sants-Montjuïc,Alquiler,Piso,257904.0,56.9,2.0,1.0,Buen estado,2009-01-01,2,True,False,False,True,False,2.54,2025-01-02,40-80,4532.58
2499,Barcelona,Sants-Montjuïc,Venta,Ático,,,,3.0,Buen estado,1984-01-01,Ático,True,False,False,True,False,3.96,2024-11-20,,
2500,Barcelona,Eixample,Venta,Piso,372690.0,79.6,2.0,1.0,A reformar,1996-01-01,2,True,False,False,True,True,4.82,2025-03-11,40-80,4682.04
2501,Barcelona,Sants-Montjuïc,Venta,Piso,383620.0,76.4,2.0,1.0,Buen estado,2001-01-01,9,True,True,False,False,False,6.01,2024-11-13,40-80,5021.2
2502,Barcelona,Gràcia,Alquiler,Piso,325846.0,79.2,2.0,1.0,Obra nueva,2018-01-01,8,False,True,False,True,False,3.59,2025-02-25,40-80,4114.22
2503,Barcelona,Eixample,Venta,Piso,243777.0,61.0,2.0,1.0,Buen estado,1967-01-01,8,True,True,False,False,True,5.93,2025-03-28,40-80,3996.34
2504,Barcelona,Gràcia,Alquiler,Sin_clasificar,,,3.0,2.0,Obra nueva,2021-01-01,1,True,True,True,True,False,5.47,2024-12-31,,
2505,Barcelona,Sants-Montjuïc,Venta,Piso,449685.0,107.2,3.0,2.0,Buen estado,1972-01-01,6,False,False,False,True,True,5.26,2024-12-04,80-120,4194.82
2506,Barcelona,Sarrià-Sant Gervasi,Venta,Piso,368637.0,78.9,2.0,1.0,Obra nueva,2018-01-01,3,False,False,True,True,False,3.0,2025-03-21,40-80,4672.21
2507,Barcelona,Ciutat Vella,Venta,Piso,316667.0,81.9,3.0,2.0,Obra nueva,2023-01-01,Bajo,True,True,True,False,False,3.56,2025-02-15,80-120,3866.51
2508,Barcelona,Eixample,Venta,Piso,,78.5,2.0,1.0,Buen estado,1973-01-01,4,True,True,False,True,True,4.93,2024-12-09,40-80,
2509,Barcelona,Ciutat Vella,Venta,Piso,458325.0,106.1,3.0,2.0,Buen estado,1952-01-01,3,True,True,False,True,False,6.92,2024-10-15,80-120,4319.75
2510,Barcelona,Eixample,Venta,Ático,,,3.0,1.0,Buen estado,1984-01-01,Ático,False,False,True,True,False,5.56,2024-10-27,,
2511,Barcelona,Eixample,Venta,Piso,355891.0,72.8,2.0,1.0,Buen estado,1982-01-01,5,True,False,False,False,False,4.27,2025-03-27,40-80,4888.61
2512,Barcelona,Ciutat Vella,Venta,Piso,359068.0,78.8,2.0,1.0,Buen estado,1972-01-01,5,True,False,False,True,False,5.74,2024-12-01,40-80,4556.7
2513,Barcelona,Sants-Montjuïc,Venta,Piso,285412.0,75.2,2.0,1.0,Buen estado,1980-01-01,9,False,False,False,True,True,5.48,2025-03-09,40-80,3795.37
2514,Barcelona,Eixample,Venta,Piso,298626.0,63.3,2.0,1.0,Buen estado,1992-01-01,5,True,False,False,False,True,5.63,2024-10-16,40-80,4717.63
2515,Barcelona,Sants-Montjuïc,Alquiler,Piso,451761.0,95.9,3.0,2.0,Buen estado,2017-01-01,8,False,True,False,True,False,6.35,2024-11-03,80-120,4710.75
2516,Barcelona,Ciutat Vella,Venta,Ático,496721.0,109.5,3.0,2.0,Buen estado,1966-01-01,Ático,True,False,False,True,True,4.38,2025-02-11,80-120,4536.26
2517,Barcelona,Eixample,Venta,Piso,377457.0,77.8,2.0,1.0,Obra nueva,2018-01-01,7,True,False,False,True,True,5.32,2024-12-12,40-80,4851.63
2518,Barcelona,Sarrià-Sant Gervasi,Venta,Piso,538423.0,110.2,3.0,2.0,Obra nueva,2023-01-01,1,True,False,True,False,True,3.81,2025-02-02,80-120,4885.87
2519,Barcelona,Ciutat Vella,Alquiler,Piso,416979.0,103.0,3.0,2.0,A reformar,1970-01-01,Bajo,False,False,False,True,False,,2024-12-30,80-120,4048.34
2520,Barcelona,Sants-Montjuïc,Venta,Piso,424671.0,98.5,3.0,2.0,Buen estado,1989-01-01,9,True,True,False,True,False,2.85,2025-01-22,80-120,4311.38
2521,Barcelona,Eixample,Venta,Piso,330212.0,69.3,2.0,1.0,Reformado,1999-01-01,Bajo,True,False,False,True,True,7.11,2025-02-15,40-80,4764.96
2522,Barcelona,Ciutat Vella,Venta,Piso,395879.0,81.9,3.0,2.0,Buen estado,2000-01-01,9,True,True,False,True,False,5.48,2025-01-16,80-120,4833.69
2523,Barcelona,Sarrià-Sant Gervasi,Venta,Piso,462593.0,107.5,3.0,2.0,Buen estado,1977-01-01,8,True,True,False,False,False,3.95,2025-02-11,80-120,4303.19
2524,Barcelona,Gràcia,Alquiler,Piso,266892.0,54.3,2.0,1.0,Buen estado,1966-01-01,4,True,False,True,True,True,,,40-80,4915.14
2525,Barcelona,Sants-Montjuïc,Venta,Sin_clasificar,,,2.0,4.0,A reformar,1967-01-01,1,True,True,False,False,False,5.28,2024-11-28,,
2526,Barcelona,Ciutat Vella,Venta,Piso,464932.0,102.9,3.0,2.0,Obra nueva,2023-01-01,2,True,True,True,True,False,7.32,2025-01-13,80-120,4518.29
2527,Barcelona,Eixample,Venta,Piso,344076.0,76.0,2.0,1.0,Reformado,1978-01-01,9,False,True,False,True,False,5.93,2025-02-12,40-80,4527.32
2528,Barcelona,Gràcia,Alquiler,Piso,271479.0,59.9,2.0,1.0,Reformado,2020-01-01,1,True,True,False,False,False,6.51,2024-11-03,40-80,4532.2
2529,Barcelona,Gràcia,Venta,Piso,435828.0,92.2,3.0,2.0,Reformado,1988-01-01,9,False,False,False,False,False,3.95,2024-10-15,80-120,4726.98
2530,Barcelona,Ciutat Vella,Venta,Piso,440859.0,88.7,3.0,2.0,Buen estado,1997-01-01,8,True,True,False,False,False,8.21,2025-04-04,80-120,4970.23
2531,Barcelona,Sants-Montjuïc,Venta,Piso,344537.0,72.2,2.0,1.0,Buen estado,1980-01-01,4,True,True,False,True,True,5.04,2025-01-28,40-80,4771.98
2532,Barcelona,Sarrià-Sant Gervasi,Alquiler,Ático,344989.0,77.6,2.0,1.0,Buen estado,1991-01-01,Ático,False,False,True,False,False,5.22,2025-01-08,40-80,4445.73
2533,Barcelona,Ciutat Vella,Venta,Piso,381854.0,95.5,3.0,2.0,Reformado,1985-01-01,2,False,False,False,False,False,6.87,2024-11-08,80-120,3998.47
2534,Barcelona,Eixample,Venta,Piso,225231.0,53.2,2.0,1.0,Buen estado,1985-01-01,7,False,True,False,False,False,3.83,2025-03-26,40-80,4233.67
2535,Barcelona,Sarrià-Sant Gervasi,Venta,Ático,,60.3,2.0,1.0,Buen estado,1982-01-01,Ático,False,False,False,False,True,4.2,2024-11-25,40-80,
2536,Barcelona,Sarrià-Sant Gervasi,Venta,Estudio,206375.0,37.8,0.0,1.0,Buen estado,1964-01-01,2,False,False,False,True,False,5.3,2024-12-24,0-40,5459.66
2537,Barcelona,Gràcia,Alquiler,Piso,292384.0,73.4,2.0,1.0,Buen estado,1991-01-01,8,True,True,False,False,False,,2024-10-12,40-80,3983.43
2538,Barcelona,Eixample,Venta,Piso,350057.0,73.2,2.0,1.0,Buen estado,1978-01-01,4,False,True,True,False,False,1.12,2024-11-13,40-80,4782.2
2539,Barcelona,Sants-Montjuïc,Alquiler,Ático,367577.0,73.3,2.0,1.0,Obra nueva,2019-01-01,Ático,True,True,False,True,True,5.59,2025-02-07,40-80,5014.69
2540,Barcelona,Ciutat Vella,Venta,Ático,372085.0,95.4,3.0,2.0,Buen estado,1989-01-01,Ático,False,True,False,False,False,5.01,2025-03-18,80-120,3900.26
2541,Barcelona,Sarrià-Sant Gervasi,Alquiler,Piso,313105.0,62.7,2.0,1.0,Buen estado,1985-01-01,8,True,True,False,True,True,4.57,2024-11-15,40-80,4993.7
2542,Barcelona,Eixample,Venta,Piso,286694.0,73.2,2.0,1.0,Buen estado,1985-01-01,2,False,True,False,True,False,3.95,2024-12-11,40-80,3916.58
2543,Barcelona,Ciutat Vella,Alquiler,Piso,,107.4,3.0,2.0,Buen estado,1986-01-01,4,True,False,False,False,False,2.58,2025-01-21,80-120,
2544,Barcelona,Eixample,Alquiler,Piso,362648.0,84.5,3.0,2.0,Buen estado,1993-01-01,6,True,True,False,True,True,8.25,2024-10-16,80-120,4291.69
2545,Barcelona,Gràcia,Venta,Piso,523831.0,116.1,3.0,2.0,Buen estado,1992-01-01,9,True,False,True,False,False,6.81,2024-12-05,80-120,4511.89
2546,Barcelona,Gràcia,Venta,Piso,463974.0,118.0,3.0,2.0,Buen estado,2006-01-01,6,False,True,False,False,False,,2025-03-23,80-120,3931.98
2547,Barcelona,Gràcia,Venta,Piso,438300.0,99.8,3.0,2.0,Buen estado,1955-01-01,1,False,False,False,False,False,7.36,2025-01-27,80-120,4391.78
2548,Barcelona,Sarrià-Sant Gervasi,Venta,Piso,319703.0,76.1,2.0,1.0,Buen estado,2014-01-01,2,True,False,True,False,True,4.59,2025-03-22,40-80,4201.09
2549,Barcelona,Eixample,Venta,Piso,455220.0,103.4,3.0,2.0,Buen estado,1968-01-01,5,True,False,False,False,True,6.19,,80-120,4402.51
2550,Barcelona,Sarrià-Sant Gervasi,Venta,Piso,326075.0,66.6,2.0,1.0,Reformado,1973-01-01,7,True,False,False,True,True,,2025-02-16,40-80,4896.02
2551,Barcelona,Ciutat Vella,Venta,Piso,289478.0,54.6,2.0,1.0,Buen estado,1969-01-01,8,True,True,False,False,False,8.33,2025-04-01,40-80,5301.79
2552,Barcelona,Sarrià-Sant Gervasi,Venta,Piso,422438.0,116.2,3.0,2.0,Buen estado,1998-01-01,5,True,True,True,False,False,,2024-11-01,80-120,3635.44
2553,Barcelona,Ciutat Vella,Alquiler,Piso,430592.0,89.9,3.0,2.0,Buen estado,1995-01-01,1,False,False,True,False,False,4.18,2024-12-12,80-120,4789.68
2554,Barcelona,Sants-Montjuïc,Alquiler,Piso,500304.0,120.3,4.0,2.0,Buen estado,2003-01-01,3,True,False,False,False,False,8.53,2024-12-28,120-160,4158.8
2555,Barcelona,Sants-Montjuïc,Alquiler,Piso,365182.0,76.7,2.0,1.0,Buen estado,1994-01-01,4,True,False,False,False,False,5.99,2024-11-27,40-80,4761.17
2556,Barcelona,Sants-Montjuïc,Venta,Piso,289685.0,81.3,3.0,2.0,Buen estado,1971-01-01,6,True,False,False,True,True,4.8,2025-03-29,80-120,3563.16
2557,Barcelona,Gràcia,Alquiler,Piso,294330.0,63.3,2.0,1.0,Buen estado,1979-01-01,4,True,True,False,True,True,3.95,2024-11-26,40-80,4649.76
2558,Barcelona,Sants-Montjuïc,Alquiler,Piso,573604.0,127.9,4.0,2.0,Buen estado,1974-01-01,7,True,True,False,True,False,5.49,2025-03-06,120-160,4484.78
2559,Barcelona,Sarrià-Sant Gervasi,Venta,Ático,376689.0,84.7,3.0,2.0,Reformado,1990-01-01,Ático,True,False,False,False,False,4.82,2024-12-11,80-120,4447.33
2560,Barcelona,Gràcia,Venta,Ático,278413.0,62.1,2.0,1.0,Buen estado,1977-01-01,Ático,False,True,False,True,False,4.81,2025-02-13,40-80,4483.3
2561,Barcelona,Sants-Montjuïc,Venta,Piso,,78.2,2.0,1.0,Buen estado,1989-01-01,9,True,True,True,False,True,1.54,,40-80,
2562,Barcelona,Sarrià-Sant Gervasi,Venta,Piso,340689.0,79.9,2.0,1.0,Buen estado,2001-01-01,1,False,False,True,False,False,4.71,2025-01-13,40-80,4263.94
2563,Barcelona,Sarrià-Sant Gervasi,Alquiler,Piso,373868.0,77.2,2.0,1.0,Buen estado,1966-01-01,4,True,False,True,True,False,5.7,2025-02-12,40-80,4842.85
2564,Barcelona,Ciutat Vella,Alquiler,Piso,444956.0,91.1,3.0,2.0,Obra nueva,2022-01-01,9,True,True,False,True,False,3.33,2025-01-24,80-120,4884.26
2565,Barcelona,Gràcia,Venta,Piso,478119.0,96.4,3.0,2.0,Buen estado,1999-01-01,7,True,False,True,False,False,,2025-03-10,80-120,4959.74
2566,Barcelona,Eixample,Venta,Piso,318729.0,70.0,2.0,1.0,Buen estado,1988-01-01,2,True,False,False,False,True,6.71,2024-11-09,40-80,4553.27
2567,Barcelona,Sants-Montjuïc,Alquiler,Piso,252748.0,53.3,2.0,1.0,Buen estado,1985-01-01,1,False,True,False,True,False,6.14,2024-12-19,40-80,4741.99
2568,Barcelona,Eixample,Venta,Ático,178955.0,36.8,0.0,1.0,Obra nueva,2023-01-01,Ático,False,False,False,True,False,4.33,2025-01-25,0-40,4862.91
2569,Barcelona,Gràcia,Venta,Sin_clasificar,,,2.0,1.0,Buen estado,1978-01-01,1,True,False,True,False,False,,2025-01-03,,
2570,Barcelona,Sarrià-Sant Gervasi,Alquiler,Piso,205504.0,51.0,2.0,1.0,Buen estado,1994-01-01,3,False,False,True,False,False,3.65,2025-03-16,40-80,4029.49
2571,Barcelona,Sarrià-Sant Gervasi,Venta,Piso,376694.0,76.4,2.0,1.0,Buen estado,2002-01-01,3,True,False,False,True,True,5.7,2024-11-16,40-80,4930.55
2572,Barcelona,Eixample,Venta,Piso,275597.0,64.7,2.0,1.0,Buen estado,2014-01-01,6,False,False,False,True,False,2.22,2024-11-30,40-80,4259.61
2573,Barcelona,Sarrià-Sant Gervasi,Venta,Estudio,151561.0,34.8,0.0,1.0,Buen estado,1976-01-01,9,True,True,False,True,True,3.84,2024-12-17,0-40,4355.2
2574,Barcelona,Ciutat Vella,Venta,Piso,379588.0,88.0,3.0,2.0,Buen estado,1987-01-01,3,True,False,True,False,True,1.08,2025-02-03,80-120,4313.5
2575,Barcelona,Sarrià-Sant Gervasi,Venta,Piso,344208.0,82.1,3.0,2.0,Buen estado,1973-01-01,1,True,False,False,False,False,5.88,2024-10-09,80-120,4192.55
2576,Barcelona,Gràcia,Venta,Piso,367979.0,102.1,3.0,2.0,Reformado,1976-01-01,6,False,True,False,False,False,5.02,2025-01-31,80-120,3604.1
2577,Barcelona,Gràcia,Venta,Piso,386241.0,84.9,3.0,2.0,Buen estado,2011-01-01,7,False,False,False,False,True,5.45,2025-01-30,80-120,4549.36
2578,Barcelona,Gràcia,Alquiler,Piso,439621.0,103.8,3.0,2.0,Buen estado,1994-01-01,6,True,True,True,False,False,8.57,2024-10-14,80-120,4235.27
2579,Barcelona,Sarrià-Sant Gervasi,Alquiler,Piso,424774.0,99.9,3.0,2.0,Buen estado,1978-01-01,6,True,True,False,False,True,3.54,2025-02-20,80-120,4251.99
2580,Barcelona,Sants-Montjuïc,Venta,Piso,452421.0,90.1,3.0,2.0,Buen estado,1972-01-01,7,True,True,False,True,False,5.96,2025-03-13,80-120,5021.32
2581,Barcelona,Gràcia,Venta,Ático,304155.0,79.5,2.0,1.0,Buen estado,1994-01-01,Ático,True,False,True,False,True,3.67,2025-01-13,40-80,3825.85
2582,Barcelona,Gràcia,Alquiler,Piso,211082.0,46.3,2.0,1.0,Buen estado,1959-01-01,6,True,False,False,False,True,7.39,2024-12-18,40-80,4559.01
2583,Barcelona,Gràcia,Alquiler,Piso,440643.0,92.5,3.0,2.0,Buen estado,1983-01-01,7,True,True,False,False,False,5.2,2024-10-15,80-120,4763.71
2584,Barcelona,Sarrià-Sant Gervasi,Venta,Sin_clasificar,,,1.0,2.0,Buen estado,1972-01-01,Bajo,False,False,False,True,True,5.29,2025-01-16,,
2585,Barcelona,Sarrià-Sant Gervasi,Venta,Piso,460064.0,77.4,2.0,1.0,Buen estado,1980-01-01,7,True,True,False,False,True,6.92,2025-01-25,40-80,5943.98
2586,Barcelona,Eixample,Venta,Piso,257030.0,56.4,2.0,1.0,Buen estado,1985-01-01,4,False,False,True,False,False,3.83,2025-02-08,40-80,4557.27
2587,Barcelona,Gràcia,Venta,Piso,437033.0,102.6,3.0,2.0,Buen estado,1959-01-01,9,False,False,False,False,False,7.91,2025-02-21,80-120,4259.58
2588,Barcelona,Gràcia,Alquiler,Piso,374059.0,76.0,2.0,1.0,Buen estado,1977-01-01,3,False,False,False,False,False,6.88,2024-11-01,40-80,4921.83
2589,Barcelona,Gràcia,Venta,Piso,228902.0,62.3,2.0,1.0,Buen estado,1976-01-01,1,True,False,False,False,True,7.63,2025-02-20,40-80,3674.19
2590,Barcelona,Sants-Montjuïc,Venta,Piso,417640.0,104.8,3.0,2.0,Reformado,1966-01-01,4,False,True,True,True,False,5.02,2024-11-25,80-120,3985.11
2591,Barcelona,Gràcia,Venta,Piso,289459.0,66.1,2.0,1.0,Buen estado,1987-01-01,1,False,False,False,True,False,4.61,2025-03-16,40-80,4379.11
2592,Barcelona,Eixample,Venta,Piso,306934.0,70.1,2.0,1.0,Reformado,1988-01-01,2,False,True,False,True,True,3.71,2024-12-21,40-80,4378.52
2593,Barcelona,Sarrià-Sant Gervasi,Venta,Piso,336613.0,81.1,3.0,2.0,Buen estado,1990-01-01,Bajo,False,True,False,False,False,7.1,2024-11-28,80-120,4150.59
2594,Barcelona,Sarrià-Sant Gervasi,Alquiler,Piso,497524.0,109.2,3.0,2.0,Buen estado,1985-01-01,2,True,False,False,False,False,4.34,2025-02-22,80-120,4556.08
2595,Barcelona,Eixample,Alquiler,Sin_clasificar,,,2.0,1.0,Buen estado,1971-01-01,2,False,True,False,False,True,5.93,2024-11-17,,
2596,Barcelona,Sarrià-Sant Gervasi,Alquiler,Piso,320258.0,66.1,2.0,1.0,Buen estado,1974-01-01,2,True,False,False,False,False,5.71,2024-12-17,40-80,4845.05
2597,Barcelona,Sarrià-Sant Gervasi,Alquiler,Piso,317173.0,64.4,2.0,1.0,Reformado,1974-01-01,6,False,False,True,True,False,4.67,2024-11-12,40-80,4925.05
2598,Barcelona,Gràcia,Venta,Piso,290087.0,68.8,2.0,1.0,Buen estado,1978-01-01,9,True,True,True,True,False,4.08,2025-01-11,40-80,4216.38
2599,Barcelona,Sarrià-Sant Gervasi,Alquiler,Piso,399304.0,101.8,3.0,2.0,Buen estado,1990-01-01,1,False,False,False,False,False,4.14,2024-12-11,80-120,3922.44
2600,Barcelona,Gràcia,Venta,Piso,389694.0,78.9,2.0,1.0,Buen estado,1974-01-01,6,False,False,False,False,False,2.7,2024-11-12,40-80,4939.09
2601,Barcelona,Eixample,Venta,Piso,385898.0,78.5,2.0,1.0,Buen estado,1982-01-01,6,True,False,False,False,False,2.76,2025-02-26,40-80,4915.9
2602,Barcelona,Sarrià-Sant Gervasi,Alquiler,Ático,437569.0,102.1,3.0,2.0,Buen estado,1968-01-01,Ático,True,False,False,True,False,3.9,2025-02-19,80-120,4285.69
2603,Barcelona,Sants-Montjuïc,Alquiler,Piso,231002.0,47.8,2.0,1.0,Obra nueva,2021-01-01,4,False,False,True,True,True,4.52,2025-02-20,40-80,4832.68
2604,Barcelona,Ciutat Vella,Venta,Piso,562222.0,103.4,3.0,2.0,Buen estado,2001-01-01,Bajo,False,True,True,False,False,4.89,2024-11-30,80-120,5437.35
2605,Barcelona,Eixample,Venta,Piso,,94.0,3.0,2.0,Buen estado,1975-01-01,9,True,False,False,False,False,5.03,2025-01-22,80-120,
2606,Barcelona,Ciutat Vella,Venta,Piso,579378.0,133.8,4.0,2.0,Buen estado,1974-01-01,3,True,True,False,True,False,3.43,2024-10-13,120-160,4330.18
2607,Barcelona,Gràcia,Venta,Piso,413302.0,85.8,3.0,2.0,Buen estado,1959-01-01,9,False,False,True,True,True,,2024-11-13,80-120,4817.04
2608,Barcelona,Sants-Montjuïc,Venta,Piso,350412.0,62.8,2.0,1.0,Reformado,2016-01-01,7,True,True,False,True,True,3.74,2024-12-12,40-80,5579.81
2609,Barcelona,Ciutat Vella,Venta,Piso,236166.0,72.4,2.0,1.0,Buen estado,1998-01-01,3,False,False,False,True,False,3.93,2025-02-04,40-80,3261.96
2610,Barcelona,Gràcia,Venta,Ático,352561.0,77.6,2.0,1.0,Reformado,1973-01-01,Ático,True,False,False,False,False,2.95,2024-11-03,40-80,4543.31
2611,Barcelona,Sants-Montjuïc,Venta,Ático,436567.0,115.9,3.0,2.0,Reformado,1977-01-01,Ático,False,False,True,True,False,2.79,2025-01-27,80-120,3766.76
2612,Barcelona,Eixample,Venta,Piso,330442.0,71.2,2.0,1.0,Buen estado,2009-01-01,7,True,False,False,True,False,8.75,2024-10-19,40-80,4641.04
2613,Barcelona,Ciutat Vella,Venta,Piso,390471.0,106.3,3.0,2.0,Buen estado,1985-01-01,8,False,True,False,True,False,4.22,2024-11-20,80-120,3673.29
2614,Barcelona,Eixample,Alquiler,Sin_clasificar,,,1.0,2.0,Obra nueva,2020-01-01,Bajo,True,True,True,True,False,6.56,2024-10-15,,
2615,Barcelona,Sarrià-Sant Gervasi,Venta,Piso,,55.5,2.0,1.0,Buen estado,1978-01-01,6,True,True,True,True,False,2.63,2025-01-02,40-80,
2616,Barcelona,Sarrià-Sant Gervasi,Venta,Sin_clasificar,,,3.0,2.0,Buen estado,1994-01-01,Bajo,True,False,False,False,False,8.05,2025-02-18,,
2617,Barcelona,Sarrià-Sant Gervasi,Venta,Piso,253634.0,52.1,2.0,1.0,Buen estado,1967-01-01,8,True,False,True,False,True,4.9,2024-10-18,40-80,4868.21
2618,Barcelona,Sarrià-Sant Gervasi,Alquiler,Piso,524306.0,111.3,3.0,2.0,Buen estado,1977-01-01,2,True,False,True,True,True,5.13,2025-01-13,80-120,4710.75
2619,Barcelona,Sants-Montjuïc,Venta,Piso,,81.2,3.0,2.0,Obra nueva,2020-01-01,2,True,False,True,True,True,4.4,2024-11-14,80-120,
2620,Barcelona,Gràcia,Venta,Piso,392706.0,77.5,2.0,1.0,Buen estado,1965-01-01,Bajo,True,False,False,False,True,5.77,2024-10-20,40-80,5067.17
2621,Barcelona,Sants-Montjuïc,Venta,Piso,302464.0,67.7,2.0,1.0,Buen estado,1993-01-01,3,False,False,False,False,True,5.59,2025-01-23,40-80,4467.71
2622,Barcelona,Gràcia,Venta,Piso,140873.0,42.1,2.0,1.0,A reformar,1986-01-01,3,True,True,True,False,True,5.28,,40-80,3346.15
2623,Barcelona,Eixample,Venta,Piso,447699.0,103.8,3.0,2.0,Obra nueva,2018-01-01,3,False,True,False,False,False,3.5,2025-02-05,80-120,4313.09
2624,Barcelona,Gràcia,Alquiler,Piso,200041.0,46.2,2.0,1.0,Buen estado,1985-01-01,7,False,False,False,True,False,5.88,2025-01-04,40-80,4329.89
2625,Barcelona,Sarrià-Sant Gervasi,Alquiler,Piso,428502.0,94.7,3.0,2.0,Buen estado,2001-01-01,4,True,False,False,True,False,7.47,2025-03-05,80-120,4524.84
2626,Barcelona,Sarrià-Sant Gervasi,Venta,Ático,429076.0,68.9,2.0,1.0,Obra nueva,2023-01-01,Ático,True,True,False,True,True,3.28,2024-12-31,40-80,6227.52
2627,Barcelona,Sarrià-Sant Gervasi,Venta,Ático,290389.0,82.6,3.0,2.0,Obra nueva,2022-01-01,Ático,True,True,True,False,False,2.57,2024-12-19,80-120,3515.61
2628,Barcelona,Sarrià-Sant Gervasi,Alquiler,Piso,237982.0,52.5,2.0,1.0,Obra nueva,2021-01-01,7,True,True,False,True,True,4.34,2024-12-17,40-80,4532.99
2629,Barcelona,Sants-Montjuïc,Alquiler,Piso,192809.0,43.4,2.0,1.0,A reformar,2000-01-01,6,False,False,False,True,False,6.52,2024-10-22,40-80,4442.6
2630,Barcelona,Sarrià-Sant Gervasi,Venta,Piso,255585.0,55.0,2.0,1.0,Buen estado,2016-01-01,2,True,True,False,False,False,5.25,2025-02-28,40-80,4647.0
2631,Barcelona,Gràcia,Alquiler,Piso,465325.0,93.4,3.0,2.0,A reformar,1996-01-01,7,True,False,False,True,False,4.17,2024-11-17,80-120,4982.07
2632,Barcelona,Eixample,Venta,Piso,447744.0,105.2,3.0,2.0,Buen estado,1963-01-01,6,True,True,False,False,False,5.03,,80-120,4256.12
2633,Barcelona,Sarrià-Sant Gervasi,Venta,Piso,400469.0,88.3,3.0,2.0,Buen estado,1996-01-01,7,False,True,False,False,False,4.0,2025-03-27,80-120,4535.32
2634,Barcelona,Eixample,Alquiler,Piso,401538.0,94.0,3.0,2.0,Buen estado,2008-01-01,6,False,True,False,False,False,6.55,2025-01-27,80-120,4271.68
2635,Barcelona,Gràcia,Venta,Piso,379927.0,92.9,3.0,2.0,Buen estado,1982-01-01,5,False,True,False,True,False,7.46,2024-11-08,80-120,4089.63
2636,Barcelona,Sants-Montjuïc,Venta,Piso,376619.0,84.4,3.0,2.0,Buen estado,1977-01-01,6,False,False,False,False,True,3.58,2025-03-08,80-120,4462.31
2637,Barcelona,Gràcia,Venta,Piso,290116.0,65.0,2.0,1.0,Buen estado,1983-01-01,9,True,False,True,True,False,3.48,2024-11-20,40-80,4463.32
2638,Barcelona,Sants-Montjuïc,Venta,Piso,472754.0,101.6,3.0,2.0,Buen estado,1967-01-01,1,True,False,False,False,True,0.77,2024-11-03,80-120,4653.09
2639,Barcelona,Eixample,Venta,Piso,192951.0,40.2,2.0,1.0,Buen estado,1980-01-01,6,True,False,False,True,False,4.36,2025-02-12,40-80,4799.78
2640,Barcelona,Eixample,Alquiler,Piso,365351.0,92.4,3.0,2.0,Buen estado,2000-01-01,2,False,False,False,False,False,6.47,2024-10-22,80-120,3954.02
2641,Barcelona,Eixample,Venta,Piso,344328.0,78.2,2.0,1.0,Buen estado,1980-01-01,5,False,False,False,True,True,4.27,2025-03-31,40-80,4403.17
2642,Barcelona,Sants-Montjuïc,Venta,Piso,374932.0,94.6,3.0,2.0,Buen estado,2001-01-01,4,False,False,False,False,False,0.82,2025-01-01,80-120,3963.34
2643,Barcelona,Eixample,Venta,Piso,414510.0,100.8,3.0,2.0,A reformar,1963-01-01,9,False,True,True,False,False,6.15,2024-10-09,80-120,4112.2
2644,Barcelona,Gràcia,Alquiler,Sin_clasificar,,,5.0,1.0,Obra nueva,2021-01-01,1,True,True,True,True,True,6.76,2024-12-16,,
2645,Barcelona,Sarrià-Sant Gervasi,Venta,Piso,511943.0,102.9,3.0,2.0,Buen estado,2002-01-01,9,True,True,False,True,True,6.41,2024-12-20,80-120,4975.15
2646,Barcelona,Gràcia,Venta,Ático,290029.0,75.6,2.0,1.0,Buen estado,2015-01-01,Ático,True,False,False,True,True,5.64,2025-04-06,40-80,3836.36
2647,Barcelona,Sarrià-Sant Gervasi,Venta,Piso,346022.0,66.0,2.0,1.0,Buen estado,1960-01-01,Bajo,True,True,True,True,True,3.6,2025-01-17,40-80,5242.76
2648,Barcelona,Sants-Montjuïc,Venta,Piso,398863.0,86.7,3.0,2.0,Obra nueva,2020-01-01,8,True,False,True,True,False,5.0,2024-12-26,80-120,4600.5
2649,Barcelona,Sants-Montjuïc,Venta,Piso,363802.0,68.2,2.0,1.0,Buen estado,1994-01-01,3,True,False,False,True,True,5.49,2024-12-27,40-80,5334.34
2650,Barcelona,Sants-Montjuïc,Venta,Piso,238614.0,58.3,2.0,1.0,Obra nueva,2018-01-01,1,True,True,True,True,False,6.14,2024-10-24,40-80,4092.86
2651,Barcelona,Sarrià-Sant Gervasi,Alquiler,Piso,417399.0,87.6,3.0,2.0,A reformar,1990-01-01,2,True,False,False,True,False,5.6,2024-11-16,80-120,4764.83
2652,Barcelona,Eixample,Venta,Piso,,70.4,2.0,1.0,Buen estado,2004-01-01,3,True,True,False,True,True,5.39,2025-02-09,40-80,
2653,Barcelona,Ciutat Vella,Venta,Ático,296044.0,56.3,2.0,1.0,Buen estado,2000-01-01,Ático,False,False,False,False,False,4.22,2025-02-27,40-80,5258.33
2654,Barcelona,Sarrià-Sant Gervasi,Venta,Ático,875677.0,105.4,3.0,2.0,Reformado,1981-01-01,Ático,True,True,False,True,False,3.01,2024-10-17,80-120,8308.13
2655,Barcelona,Sants-Montjuïc,Venta,Piso,446687.0,107.9,3.0,2.0,Buen estado,1991-01-01,Bajo,True,True,False,False,False,5.05,2024-12-12,80-120,4139.82
2656,Barcelona,Ciutat Vella,Venta,Piso,426199.0,98.9,3.0,2.0,Buen estado,1975-01-01,6,True,True,True,False,False,3.89,2024-12-30,80-120,4309.39
2657,Barcelona,Ciutat Vella,Venta,Piso,314453.0,75.1,2.0,1.0,A reformar,1983-01-01,6,True,False,False,False,True,4.73,2025-03-26,40-80,4187.12
2658,Barcelona,Sants-Montjuïc,Alquiler,Piso,239831.0,61.5,2.0,1.0,Reformado,1996-01-01,2,False,True,False,True,False,5.46,2024-10-10,40-80,3899.69
2659,Barcelona,Gràcia,Alquiler,Piso,336710.0,80.2,3.0,2.0,Buen estado,2020-01-01,5,True,False,False,False,False,6.8,2024-11-15,80-120,4198.38
2660,Barcelona,Eixample,Alquiler,Piso,252257.0,52.5,2.0,1.0,Buen estado,1968-01-01,4,True,True,False,False,False,5.5,2024-11-29,40-80,4804.9
2661,Barcelona,Gràcia,Venta,Sin_clasificar,,,3.0,2.0,Buen estado,1992-01-01,5,True,False,False,True,False,7.55,2025-03-15,,
2662,Barcelona,Sants-Montjuïc,Venta,Piso,427880.0,88.4,3.0,2.0,Obra nueva,2022-01-01,3,True,True,True,False,False,1.79,2024-12-02,80-120,4840.27
2663,Barcelona,Gràcia,Venta,Piso,589674.0,124.7,4.0,2.0,Obra nueva,2022-01-01,4,True,False,True,True,False,3.48,2025-02-21,120-160,4728.74
2664,Barcelona,Ciutat Vella,Alquiler,Piso,477321.0,92.0,3.0,2.0,Buen estado,1956-01-01,9,False,False,True,False,False,,2024-11-28,80-120,5188.27
2665,Barcelona,Ciutat Vella,Alquiler,Piso,365244.0,85.7,3.0,2.0,Buen estado,1988-01-01,9,True,False,False,True,False,4.08,2025-02-26,80-120,4261.89
2666,Barcelona,Sants-Montjuïc,Venta,Piso,595369.0,113.8,3.0,2.0,Buen estado,1976-01-01,5,False,True,False,True,True,3.45,2024-10-13,80-120,5231.71
2667,Barcelona,Ciutat Vella,Venta,Piso,538570.0,127.4,4.0,2.0,Buen estado,1985-01-01,6,False,True,False,False,False,3.67,2025-02-04,120-160,4227.39
2668,Barcelona,Sarrià-Sant Gervasi,Venta,Piso,275608.0,69.2,2.0,1.0,Obra nueva,2019-01-01,7,True,True,False,True,False,2.5,2024-12-15,40-80,3982.77
2669,Barcelona,Sants-Montjuïc,Alquiler,Piso,373522.0,88.7,3.0,2.0,Obra nueva,2023-01-01,9,True,True,False,False,True,6.76,2024-12-13,80-120,4211.07
2670,Barcelona,Ciutat Vella,Venta,Piso,271099.0,70.5,2.0,1.0,Buen estado,1989-01-01,7,False,True,False,True,True,3.11,2024-12-09,40-80,3845.38
2671,Barcelona,Ciutat Vella,Venta,Piso,490205.0,101.8,3.0,2.0,Buen estado,1988-01-01,4,True,False,False,True,True,4.54,2025-02-23,80-120,4815.37
2672,Barcelona,Sarrià-Sant Gervasi,Alquiler,Ático,,,2.0,1.0,Reformado,1985-01-01,Ático,False,True,False,False,False,4.75,2024-12-26,,
2673,Barcelona,Sarrià-Sant Gervasi,Venta,Piso,344250.0,70.6,2.0,1.0,Buen estado,1984-01-01,8,False,True,False,True,True,5.71,2025-03-27,40-80,4876.06
2674,Barcelona,Sarrià-Sant Gervasi,Venta,Piso,496924.0,98.8,3.0,2.0,Buen estado,2004-01-01,6,True,True,False,True,True,5.35,2025-03-01,80-120,5029.6
2675,Barcelona,Sants-Montjuïc,Venta,Piso,335514.0,79.4,2.0,1.0,Buen estado,1961-01-01,6,False,False,False,False,True,4.39,2024-10-29,40-80,4225.62
2676,Barcelona,Sants-Montjuïc,Venta,Piso,318820.0,65.1,2.0,1.0,Buen estado,1961-01-01,2,True,True,False,False,False,8.25,2024-12-14,40-80,4897.39
2677,Barcelona,Gràcia,Venta,Piso,214180.0,44.2,2.0,1.0,Buen estado,1993-01-01,6,True,True,True,False,False,4.42,2024-11-30,40-80,4845.7
2678,Barcelona,Gràcia,Venta,Piso,234148.0,58.8,2.0,1.0,Buen estado,1992-01-01,8,False,False,False,True,False,6.3,2025-04-04,40-80,3982.11
2679,Barcelona,Sarrià-Sant Gervasi,Venta,Piso,380149.0,88.7,3.0,2.0,Buen estado,1975-01-01,1,False,False,False,False,False,4.41,2024-10-09,80-120,4285.78
2680,Barcelona,Gràcia,Venta,Piso,302798.0,68.6,2.0,1.0,Obra nueva,2020-01-01,2,True,True,True,True,True,,2024-11-07,40-80,4413.97
2681,Barcelona,Ciutat Vella,Venta,Piso,318157.0,73.2,2.0,1.0,Obra nueva,2022-01-01,7,True,False,False,True,False,7.06,2025-02-16,40-80,4346.41
2682,Barcelona,Eixample,Venta,Piso,477493.0,104.2,3.0,2.0,Obra nueva,2020-01-01,1,True,True,False,True,False,3.9,2025-01-07,80-120,4582.47
2683,Barcelona,Gràcia,Venta,Piso,,114.5,3.0,2.0,Reformado,1967-01-01,Bajo,True,False,False,True,True,6.75,2025-03-16,80-120,
2684,Barcelona,Eixample,Alquiler,Piso,433675.0,85.6,3.0,2.0,Buen estado,2009-01-01,8,False,False,False,False,True,3.05,2025-04-03,80-120,5066.3
2685,Barcelona,Sarrià-Sant Gervasi,Venta,Piso,530040.0,113.8,3.0,2.0,Obra nueva,2020-01-01,Bajo,True,True,True,True,True,2.64,2025-01-04,80-120,4657.64
2686,Barcelona,Ciutat Vella,Alquiler,Piso,325136.0,67.1,2.0,1.0,Obra nueva,2021-01-01,3,True,True,False,True,True,3.49,2024-11-20,40-80,4845.54
2687,Barcelona,Gràcia,Venta,Piso,407325.0,91.1,3.0,2.0,Buen estado,1998-01-01,1,True,False,True,False,False,5.9,,80-120,4471.19
2688,Barcelona,Ciutat Vella,Venta,Piso,312343.0,63.0,2.0,1.0,Buen estado,2005-01-01,5,True,False,False,False,True,4.12,2024-11-28,40-80,4957.83
2689,Barcelona,Eixample,Venta,Piso,442591.0,100.8,3.0,2.0,Buen estado,1999-01-01,Bajo,True,True,False,False,False,4.81,2025-03-28,80-120,4390.78
2690,Barcelona,Sants-Montjuïc,Venta,Piso,431496.0,86.9,3.0,2.0,Obra nueva,2020-01-01,7,True,False,False,True,True,3.15,2024-10-30,80-120,4965.43
2691,Barcelona,Gràcia,Alquiler,Piso,440184.0,85.6,3.0,2.0,Buen estado,1980-01-01,1,True,True,False,False,False,3.85,2025-03-09,80-120,5142.34
2692,Barcelona,Gràcia,Venta,Piso,366232.0,76.1,2.0,1.0,Buen estado,1977-01-01,5,True,True,False,False,False,4.59,2024-11-08,40-80,4812.51
2693,Barcelona,Sarrià-Sant Gervasi,Alquiler,Piso,352783.0,83.5,3.0,2.0,Buen estado,1995-01-01,3,True,False,False,True,False,5.18,2024-12-27,80-120,4224.95
2694,Barcelona,Sarrià-Sant Gervasi,Alquiler,Piso,752116.0,133.0,4.0,2.0,Reformado,1976-01-01,Bajo,False,False,False,False,False,4.19,2024-12-24,120-160,5655.01
2695,Barcelona,Gràcia,Venta,Piso,254013.0,74.8,2.0,1.0,A reformar,1972-01-01,4,False,False,False,False,False,8.47,2025-01-04,40-80,3395.9
2696,Barcelona,Ciutat Vella,Alquiler,Piso,262099.0,67.6,2.0,1.0,Buen estado,2000-01-01,7,False,True,False,False,False,4.9,,40-80,3877.2
2697,Barcelona,Sants-Montjuïc,Venta,Piso,329528.0,77.9,2.0,1.0,Buen estado,1995-01-01,2,False,False,False,False,False,3.96,2024-11-01,40-80,4230.14
2698,Barcelona,Gràcia,Alquiler,Piso,413703.0,81.3,3.0,2.0,Reformado,1985-01-01,5,True,False,False,True,True,7.62,2024-11-07,80-120,5088.6
2699,Barcelona,Eixample,Alquiler,Piso,262432.0,60.4,2.0,1.0,Buen estado,1985-01-01,1,False,False,False,False,True,4.89,2024-11-24,40-80,4344.9
2700,Barcelona,Sarrià-Sant Gervasi,Venta,Piso,486551.0,97.9,3.0,2.0,Buen estado,2000-01-01,4,False,True,True,False,False,5.26,,80-120,4969.88
2701,Valencia,Campanar,Alquiler,Piso,215823.0,86.3,3.0,2.0,Buen estado,1965-01-01,8,False,False,True,False,True,4.68,2025-03-05,80-120,2500.85
2702,Valencia,Campanar,Venta,Piso,240467.0,89.7,3.0,2.0,Buen estado,1991-01-01,6,True,False,False,False,False,3.24,2024-10-19,80-120,2680.79
2703,Valencia,Ensanche,Alquiler,Piso,181288.0,53.1,2.0,1.0,Buen estado,1965-01-01,4,False,True,False,False,False,5.68,2024-10-22,40-80,3414.09
2704,Valencia,El Carmen,Venta,Piso,197367.0,71.6,2.0,1.0,Buen estado,1997-01-01,1,False,False,False,False,False,5.14,2025-02-08,40-80,2756.52
2705,Valencia,Ruzafa,Venta,Sin_clasificar,,,1.0,1.0,Buen estado,1997-01-01,4,True,True,False,False,True,5.3,2024-11-18,,
2706,Valencia,Campanar,Alquiler,Piso,163412.0,59.7,2.0,1.0,Buen estado,1994-01-01,5,True,False,False,False,True,4.29,2024-11-21,40-80,2737.22
2707,Valencia,El Carmen,Venta,Ático,352510.0,130.54,4.0,2.0,Reformado,1962-01-01,Ático,True,False,False,True,False,5.33,2024-10-13,120-160,2700.4
2708,Valencia,Benimaclet,Venta,Ático,338743.0,93.0,3.0,2.0,Buen estado,1978-01-01,Ático,True,False,False,False,True,5.53,2025-02-16,80-120,3642.4
2709,Valencia,El Carmen,Alquiler,Piso,216657.0,81.1,3.0,2.0,Buen estado,1988-01-01,4,False,False,False,True,True,3.31,2025-03-05,80-120,2671.48
2710,Valencia,El Carmen,Venta,Piso,398833.0,91.4,3.0,2.0,Buen estado,1976-01-01,9,True,False,True,True,False,6.67,2025-03-28,80-120,4363.6
2711,Valencia,Benimaclet,Venta,Piso,876196.0,234.24,6.0,3.0,Buen estado,1980-01-01,6,True,True,False,False,True,4.22,2025-03-09,200-240,3740.59
2712,Valencia,Benimaclet,Alquiler,Piso,357826.0,117.8,3.0,2.0,Buen estado,2015-01-01,1,False,True,False,True,False,4.36,2025-04-07,80-120,3037.57
2713,Valencia,Benimaclet,Venta,Piso,266665.0,97.7,3.0,2.0,Buen estado,1977-01-01,1,True,True,False,True,True,5.09,2025-01-20,80-120,2729.43
2714,Valencia,Campanar,Venta,Piso,391275.0,121.5,4.0,2.0,Buen estado,1988-01-01,2,False,True,False,False,False,6.95,2025-03-22,120-160,3220.37
2715,Valencia,Campanar,Venta,Piso,,81.6,3.0,2.0,Buen estado,1971-01-01,Bajo,True,True,True,True,False,6.46,2024-12-07,80-120,
2716,Valencia,El Carmen,Alquiler,Piso,216718.0,79.7,2.0,1.0,Buen estado,1987-01-01,2,True,False,True,False,False,6.04,2024-12-03,40-80,2719.17
2717,Valencia,Ensanche,Alquiler,Piso,268726.0,79.0,2.0,1.0,Buen estado,1971-01-01,1,True,True,True,True,True,6.87,2025-04-05,40-80,3401.59
2718,Valencia,Ruzafa,Venta,Piso,142698.0,60.7,2.0,1.0,Buen estado,2002-01-01,2,True,True,False,True,True,8.67,2025-03-23,40-80,2350.87
2719,Valencia,Ruzafa,Alquiler,Ático,290810.0,86.7,3.0,2.0,Buen estado,1972-01-01,Ático,False,False,True,True,False,4.41,2025-02-18,80-120,3354.21
2720,Valencia,Ensanche,Venta,Piso,251317.0,77.1,2.0,1.0,Buen estado,1962-01-01,3,True,False,True,False,False,7.4,2025-01-16,40-80,3259.62
2721,Valencia,Ensanche,Venta,Piso,259404.0,87.2,3.0,2.0,Reformado,1964-01-01,3,False,False,True,False,True,5.71,2025-02-11,80-120,2974.82
2722,Valencia,Benimaclet,Alquiler,Piso,183795.0,89.2,3.0,2.0,Buen estado,1988-01-01,6,True,True,False,True,False,6.67,2025-02-04,80-120,2060.48
2723,Valencia,El Carmen,Venta,Piso,311149.0,98.1,3.0,2.0,Buen estado,2004-01-01,7,True,False,True,False,False,4.75,2025-02-20,80-120,3171.75
2724,Valencia,Ensanche,Venta,Piso,304398.0,91.3,3.0,2.0,Buen estado,1976-01-01,4,True,True,False,False,False,4.4,2024-12-19,80-120,3334.04
2725,Valencia,El Carmen,Venta,Piso,178711.0,65.4,2.0,1.0,Obra nueva,2022-01-01,1,True,True,False,True,True,7.47,2025-03-08,40-80,2732.58
2726,Valencia,Benimaclet,Venta,Piso,271174.0,88.8,3.0,2.0,Buen estado,1971-01-01,4,True,False,False,True,True,6.67,2025-02-08,80-120,3053.76
2727,Valencia,Benimaclet,Venta,Piso,361552.0,100.8,3.0,2.0,Buen estado,1983-01-01,2,True,False,False,True,True,5.45,2024-10-13,80-120,3586.83
2728,Valencia,El Carmen,Venta,Piso,405996.0,96.1,3.0,2.0,A reformar,1995-01-01,8,False,False,False,False,True,4.07,2025-02-16,80-120,4224.72
2729,Valencia,El Carmen,Venta,Piso,274072.0,75.7,2.0,1.0,Buen estado,1996-01-01,1,True,False,False,True,True,4.32,2024-12-17,40-80,3620.5
2730,Valencia,Campanar,Alquiler,Piso,249808.0,101.5,3.0,2.0,Buen estado,1980-01-01,9,True,True,True,False,False,0.72,2024-11-05,80-120,2461.16
2731,Valencia,El Carmen,Alquiler,Ático,,56.7,2.0,1.0,Buen estado,2017-01-01,Ático,True,True,False,True,False,4.1,2025-02-28,40-80,
2732,Valencia,Campanar,Venta,Ático,354249.0,112.6,3.0,2.0,Reformado,1976-01-01,Ático,True,True,False,True,False,2.94,2025-02-13,80-120,3146.08
2733,Valencia,Campanar,Venta,Piso,290814.0,85.2,3.0,2.0,Buen estado,1997-01-01,8,False,True,False,False,False,7.32,2025-01-24,80-120,3413.31
2734,Valencia,Campanar,Venta,Piso,,70.1,2.0,1.0,Buen estado,2005-01-01,4,True,False,True,True,True,4.2,2025-01-25,40-80,
2735,Valencia,Ensanche,Venta,Piso,203457.0,66.4,2.0,1.0,Buen estado,2002-01-01,6,True,True,False,True,True,4.53,2025-03-29,40-80,3064.11
2736,Valencia,Campanar,Venta,Piso,283453.0,65.9,2.0,1.0,Buen estado,1979-01-01,9,True,False,False,True,True,6.51,2024-11-28,40-80,4301.26
2737,Valencia,El Carmen,Venta,Piso,167778.0,64.6,2.0,1.0,Buen estado,1996-01-01,3,True,False,False,False,True,4.94,2025-02-22,40-80,2597.18
2738,Valencia,Ensanche,Venta,Piso,220296.0,64.5,2.0,1.0,Buen estado,1976-01-01,1,False,True,False,False,False,3.93,2024-11-04,40-80,3415.44
2739,Valencia,Campanar,Alquiler,Piso,195915.0,59.2,2.0,1.0,Reformado,2002-01-01,3,False,False,True,False,True,3.8,2025-02-05,40-80,3309.38
2740,Valencia,Benimaclet,Venta,Piso,294897.0,93.5,3.0,2.0,Buen estado,1995-01-01,8,False,False,True,True,False,,2025-01-29,80-120,3153.98
2741,Valencia,El Carmen,Venta,Piso,402254.0,106.8,3.0,2.0,Buen estado,1983-01-01,Bajo,False,False,False,False,False,5.38,2024-12-13,80-120,3766.42
2742,Valencia,Ruzafa,Alquiler,Ático,162312.0,49.4,2.0,1.0,A reformar,1960-01-01,Ático,True,True,False,True,False,3.84,2025-03-08,40-80,3285.67
2743,Valencia,Benimaclet,Alquiler,Piso,256468.0,84.7,3.0,2.0,Reformado,1981-01-01,9,False,False,False,False,False,5.73,2024-11-08,80-120,3027.96
2744,Valencia,Ruzafa,Alquiler,Ático,108890.0,73.0,2.0,1.0,Buen estado,1961-01-01,Ático,True,True,False,True,False,4.65,2024-12-09,40-80,1491.64
2745,Valencia,Ruzafa,Venta,Piso,263288.0,105.4,3.0,2.0,Buen estado,1972-01-01,Bajo,True,False,False,True,True,3.9,,80-120,2497.99
2746,Valencia,El Carmen,Alquiler,Piso,202621.0,81.4,3.0,2.0,Buen estado,1997-01-01,8,False,False,False,False,True,3.03,2025-03-07,80-120,2489.2
2747,Valencia,El Carmen,Alquiler,Piso,367200.0,106.7,3.0,2.0,Buen estado,2014-01-01,5,True,False,False,False,False,6.89,2025-01-08,80-120,3441.42
2748,Valencia,Benimaclet,Venta,Piso,,74.2,2.0,1.0,Obra nueva,2023-01-01,9,True,False,True,True,True,1.25,2024-10-14,40-80,
2749,Valencia,Ensanche,Venta,Piso,315910.0,55.9,2.0,1.0,Buen estado,1986-01-01,Bajo,False,True,False,False,True,4.39,2024-11-23,40-80,5651.34
2750,Valencia,El Carmen,Alquiler,Estudio,72398.0,38.8,0.0,1.0,Buen estado,1995-01-01,Bajo,True,False,False,True,False,7.95,2025-03-27,0-40,1865.93
2751,Valencia,Benimaclet,Venta,Piso,205216.0,74.3,2.0,1.0,Buen estado,1994-01-01,3,False,True,False,False,True,4.17,2025-01-10,40-80,2761.99
2752,Valencia,Ensanche,Alquiler,Piso,364850.0,87.9,3.0,2.0,Buen estado,1974-01-01,2,False,True,False,False,False,7.57,2025-02-07,80-120,4150.74
2753,Valencia,Benimaclet,Venta,Ático,224149.0,90.7,3.0,2.0,Buen estado,1998-01-01,Ático,True,True,False,False,False,8.08,2025-01-24,80-120,2471.32
2754,Valencia,Ruzafa,Venta,Piso,333222.0,95.8,3.0,2.0,Buen estado,1972-01-01,6,False,True,True,True,False,4.91,2024-11-05,80-120,3478.31
2755,Valencia,Benimaclet,Venta,Piso,233128.0,96.6,3.0,2.0,Buen estado,1952-01-01,8,True,False,False,False,False,6.56,2025-02-28,80-120,2413.33
2756,Valencia,Campanar,Alquiler,Piso,,41.0,2.0,1.0,Reformado,1976-01-01,9,True,False,True,False,False,5.32,2025-01-01,40-80,
2757,Valencia,Benimaclet,Venta,Piso,106905.0,62.3,2.0,1.0,Buen estado,1984-01-01,9,False,False,True,False,False,6.4,2024-12-03,40-80,1715.97
2758,Valencia,Benimaclet,Venta,Piso,222452.0,68.2,2.0,1.0,Obra nueva,2020-01-01,5,True,True,False,True,False,3.48,2024-12-14,40-80,3261.76
2759,Valencia,Campanar,Venta,Piso,144100.0,57.1,2.0,1.0,Obra nueva,2018-01-01,3,True,False,False,True,True,2.01,2025-01-20,40-80,2523.64
2760,Valencia,Ensanche,Venta,Piso,111836.0,76.4,2.0,1.0,Reformado,1982-01-01,9,True,False,False,False,False,4.83,2024-11-07,40-80,1463.82
2761,Valencia,El Carmen,Alquiler,Sin_clasificar,,,5.0,,Obra nueva,2018-01-01,8,True,True,False,False,False,5.61,2025-02-08,,
2762,Valencia,Benimaclet,Alquiler,Piso,377704.0,103.3,3.0,2.0,Obra nueva,2019-01-01,Bajo,False,True,False,True,False,,2025-02-18,80-120,3656.38
2763,Valencia,El Carmen,Venta,Piso,261049.0,87.3,3.0,2.0,Buen estado,1988-01-01,Bajo,False,False,False,True,True,4.17,2025-02-16,80-120,2990.25
2764,Valencia,Campanar,Venta,Piso,250314.0,72.4,2.0,1.0,Buen estado,1960-01-01,1,True,True,True,True,False,6.03,2025-01-03,40-80,3457.38
2765,Valencia,Campanar,Venta,Piso,252099.0,91.6,3.0,2.0,Buen estado,1981-01-01,2,True,True,False,True,False,4.78,2024-11-23,80-120,2752.17
2766,Valencia,Ruzafa,Venta,Piso,248551.0,97.8,3.0,2.0,Buen estado,1979-01-01,3,True,False,True,True,False,6.28,2025-04-05,80-120,2541.42
2767,Valencia,Ruzafa,Venta,Ático,310165.0,111.0,3.0,2.0,Buen estado,1993-01-01,Ático,True,True,True,False,False,4.4,2025-02-25,80-120,2794.28
2768,Valencia,Ruzafa,Alquiler,Piso,253107.0,82.7,3.0,2.0,Buen estado,1994-01-01,4,False,True,False,False,False,5.19,2025-01-03,80-120,3060.54
2769,Valencia,Ruzafa,Venta,Ático,216290.0,75.6,2.0,1.0,Buen estado,2007-01-01,Ático,False,True,True,True,False,2.99,2025-04-03,40-80,2860.98
2770,Valencia,Ruzafa,Alquiler,Piso,299875.0,83.2,3.0,2.0,Buen estado,1972-01-01,2,False,False,True,False,False,2.6,2025-03-21,80-120,3604.27
2771,Valencia,Campanar,Venta,Piso,219368.0,88.5,3.0,2.0,Buen estado,1979-01-01,1,False,True,False,False,False,6.26,2025-01-29,80-120,2478.73
2772,Valencia,Campanar,Venta,Piso,205876.0,76.5,2.0,1.0,Buen estado,1972-01-01,9,True,True,False,False,False,5.0,2024-10-15,40-80,2691.19
2773,Valencia,El Carmen,Alquiler,Piso,,111.2,3.0,2.0,Buen estado,1999-01-01,8,False,True,False,False,False,5.31,2025-03-23,80-120,
2774,Valencia,Ensanche,Alquiler,Piso,247760.0,69.2,2.0,1.0,Buen estado,1989-01-01,2,True,True,False,True,False,,2025-03-11,40-80,3580.35
2775,Valencia,Campanar,Venta,Piso,262562.0,83.1,3.0,2.0,Buen estado,1977-01-01,1,True,True,False,False,True,3.45,2024-11-16,80-120,3159.59
2776,Valencia,El Carmen,Alquiler,Piso,165312.0,66.5,2.0,1.0,Buen estado,1987-01-01,Bajo,True,False,False,True,False,2.79,2024-12-28,40-80,2485.89
2777,Valencia,Benimaclet,Venta,Piso,196572.0,95.3,3.0,2.0,Buen estado,1967-01-01,Bajo,True,False,False,False,False,2.43,2025-03-11,80-120,2062.67
2778,Valencia,Ruzafa,Venta,Piso,216538.0,84.3,3.0,2.0,Buen estado,1960-01-01,5,False,False,False,True,True,,2025-03-20,80-120,2568.66
2779,Valencia,Ensanche,Venta,Piso,221092.0,74.1,2.0,1.0,Buen estado,2019-01-01,2,True,True,False,True,False,2.97,2025-01-20,40-80,2983.7
2780,Valencia,Benimaclet,Venta,Piso,370449.0,127.8,4.0,2.0,Buen estado,1975-01-01,4,False,True,False,True,False,5.31,2025-02-16,120-160,2898.66
2781,Valencia,El Carmen,Alquiler,Piso,,62.6,2.0,1.0,Buen estado,1998-01-01,4,False,True,False,True,True,5.01,2024-11-21,40-80,
2782,Valencia,Campanar,Venta,Piso,170768.0,57.8,2.0,1.0,Obra nueva,2023-01-01,7,True,True,False,True,True,4.92,2024-10-22,40-80,2954.46
2783,Valencia,Benimaclet,Venta,Piso,192767.0,75.3,2.0,1.0,Reformado,1967-01-01,8,True,False,False,True,True,5.17,2025-02-03,40-80,2559.99
2784,Valencia,Campanar,Venta,Sin_clasificar,,,2.0,2.0,Obra nueva,2023-01-01,8,True,True,False,True,True,7.72,2024-11-25,,
2785,Valencia,El Carmen,Venta,Piso,186879.0,58.6,2.0,1.0,Buen estado,2019-01-01,1,False,False,False,True,False,7.74,2025-01-17,40-80,3189.06
2786,Valencia,Ensanche,Alquiler,Sin_clasificar,,,1.0,2.0,Buen estado,1983-01-01,8,True,True,False,False,False,5.11,2024-10-10,,
2787,Valencia,Ensanche,Venta,Sin_clasificar,,,3.0,,Reformado,2007-01-01,2,False,False,False,False,True,6.05,2025-02-26,,
2788,Valencia,Benimaclet,Venta,Piso,181888.0,58.3,2.0,1.0,Buen estado,1968-01-01,6,False,True,False,False,False,5.34,2024-11-26,40-80,3119.86
2789,Valencia,Campanar,Venta,Ático,200139.0,70.9,2.0,1.0,Buen estado,1981-01-01,Ático,True,False,False,False,False,3.39,2024-10-25,40-80,2822.83
2790,Valencia,El Carmen,Venta,Piso,280321.0,101.6,3.0,2.0,Buen estado,1979-01-01,2,True,True,False,False,False,6.28,2025-02-19,80-120,2759.06
2791,Valencia,Campanar,Venta,Piso,309533.0,108.8,3.0,2.0,Buen estado,1988-01-01,4,True,False,False,True,True,3.07,2024-11-18,80-120,2844.97
2792,Valencia,Ruzafa,Venta,Piso,238105.0,88.5,3.0,2.0,Obra nueva,2020-01-01,8,True,True,False,True,True,,2025-01-27,80-120,2690.45
2793,Valencia,El Carmen,Venta,Piso,188264.0,60.2,2.0,1.0,Buen estado,1975-01-01,7,True,False,False,True,False,2.83,2024-10-19,40-80,3127.31
2794,Valencia,Benimaclet,Venta,Piso,250490.0,99.9,3.0,2.0,Buen estado,1991-01-01,5,True,True,False,False,True,5.31,2025-01-12,80-120,2507.41
2795,Valencia,Ensanche,Alquiler,Piso,267132.0,75.8,2.0,1.0,Buen estado,1992-01-01,3,True,False,False,False,False,3.5,2025-03-30,40-80,3524.17
2796,Valencia,Ensanche,Venta,Piso,229045.0,74.0,2.0,1.0,Buen estado,2007-01-01,Bajo,True,False,False,False,False,3.64,2025-03-29,40-80,3095.2
2797,Valencia,Ruzafa,Venta,Piso,,54.6,2.0,1.0,Obra nueva,2020-01-01,8,True,False,True,False,True,7.04,2025-03-05,40-80,
2798,Valencia,Campanar,Venta,Piso,167525.0,74.3,2.0,1.0,Obra nueva,2023-01-01,1,True,True,True,False,True,6.29,2025-01-11,40-80,2254.71
2799,Valencia,El Carmen,Venta,Piso,223091.0,67.9,2.0,1.0,Buen estado,1981-01-01,4,True,True,True,False,True,6.8,2025-01-01,40-80,3285.58
2800,Valencia,El Carmen,Venta,Piso,249243.0,75.1,2.0,1.0,Buen estado,1959-01-01,5,True,True,False,False,True,5.98,2024-10-18,40-80,3318.81
2801,Valencia,Ensanche,Venta,Piso,320833.0,82.9,3.0,2.0,Reformado,1978-01-01,3,False,False,False,True,False,7.65,2024-11-30,80-120,3870.12
2802,Valencia,El Carmen,Venta,Piso,234368.0,81.7,3.0,2.0,Buen estado,2006-01-01,8,True,False,True,True,False,4.94,2024-12-13,80-120,2868.64
2803,Valencia,Campanar,Venta,Piso,164164.0,50.2,2.0,1.0,Buen estado,1974-01-01,3,True,False,False,False,False,5.89,2024-11-14,40-80,3270.2
2804,Valencia,Ruzafa,Venta,Piso,275533.0,80.4,3.0,2.0,Buen estado,1970-01-01,7,False,False,False,False,False,5.23,2024-11-09,80-120,3427.03
2805,Valencia,Campanar,Venta,Piso,227549.0,70.9,2.0,1.0,Buen estado,2003-01-01,1,False,False,True,True,True,5.28,2025-03-19,40-80,3209.44
2806,Valencia,El Carmen,Venta,Piso,301776.0,96.1,3.0,2.0,Buen estado,1979-01-01,3,True,False,False,False,False,3.9,2024-10-19,80-120,3140.23
2807,Valencia,Benimaclet,Alquiler,Piso,306348.0,101.5,3.0,2.0,A reformar,1975-01-01,9,True,True,True,False,False,5.2,2025-02-15,80-120,3018.21
2808,Valencia,Benimaclet,Alquiler,Piso,148172.0,54.4,2.0,1.0,Buen estado,1988-01-01,7,False,True,False,True,False,4.45,2025-02-14,40-80,2723.75
2809,Valencia,Benimaclet,Alquiler,Piso,262531.0,73.7,2.0,1.0,Buen estado,2003-01-01,Bajo,True,True,True,False,False,,2024-10-11,40-80,3562.16
2810,Valencia,El Carmen,Venta,Piso,,82.3,3.0,2.0,Obra nueva,2022-01-01,1,True,True,False,True,False,,2025-01-02,80-120,
2811,Valencia,Benimaclet,Venta,Piso,395861.0,118.3,3.0,2.0,Buen estado,1981-01-01,Bajo,True,True,True,True,True,4.77,2024-12-10,80-120,3346.25
2812,Valencia,Benimaclet,Venta,Piso,166350.0,48.7,2.0,1.0,Buen estado,1991-01-01,4,False,True,False,False,False,5.34,2025-03-10,40-80,3415.81
2813,Valencia,Ruzafa,Alquiler,Piso,208260.0,59.6,2.0,1.0,Reformado,1999-01-01,9,True,True,False,True,True,5.81,2025-04-01,40-80,3494.3
2814,Valencia,El Carmen,Venta,Piso,657100.0,111.9,3.0,2.0,Buen estado,1999-01-01,Bajo,True,False,False,True,False,4.75,2024-10-28,80-120,5872.21
2815,Valencia,Ensanche,Venta,Ático,199214.0,54.9,2.0,1.0,Reformado,1990-01-01,Ático,False,False,True,False,False,3.88,2025-03-05,40-80,3628.67
2816,Valencia,Ensanche,Venta,Piso,201799.0,66.5,2.0,1.0,Buen estado,1999-01-01,8,True,False,False,True,False,5.31,2025-02-08,40-80,3034.57
2817,Valencia,Ensanche,Alquiler,Piso,377818.0,94.9,3.0,2.0,Obra nueva,2021-01-01,3,True,False,False,True,False,6.92,2024-11-21,80-120,3981.22
2818,Valencia,El Carmen,Alquiler,Piso,189233.0,54.1,2.0,1.0,Buen estado,1993-01-01,1,False,False,False,True,False,4.98,2024-12-09,40-80,3497.84
2819,Valencia,Benimaclet,Venta,Piso,181344.0,67.0,2.0,1.0,Buen estado,2002-01-01,4,True,True,False,False,False,2.45,2024-10-18,40-80,2706.63
2820,Valencia,Ensanche,Venta,Piso,185591.0,64.9,2.0,1.0,Reformado,2002-01-01,Bajo,False,True,False,True,False,5.15,2025-01-10,40-80,2859.65
2821,Valencia,Ruzafa,Alquiler,Piso,162021.0,55.2,2.0,1.0,Buen estado,1981-01-01,6,True,True,False,True,True,3.47,2025-01-26,40-80,2935.16
2822,Valencia,Benimaclet,Alquiler,Piso,189711.0,74.2,2.0,1.0,Buen estado,1975-01-01,1,False,True,False,False,True,1.66,2024-11-07,40-80,2556.75
2823,Valencia,El Carmen,Venta,Piso,176637.0,54.9,2.0,1.0,Reformado,1974-01-01,3,True,False,True,True,False,5.58,2024-10-23,40-80,3217.43
2824,Valencia,Campanar,Alquiler,Piso,222669.0,78.2,2.0,1.0,Buen estado,1995-01-01,9,False,False,True,False,False,2.84,2024-10-31,40-80,2847.43
2825,Valencia,Ruzafa,Venta,Piso,214063.0,72.6,2.0,1.0,Buen estado,1989-01-01,3,True,True,False,True,True,4.67,2024-11-03,40-80,2948.53
2826,Valencia,El Carmen,Alquiler,Piso,184552.0,79.9,2.0,1.0,Buen estado,2001-01-01,Bajo,False,True,True,False,False,6.21,2025-01-27,40-80,2309.79
2827,Valencia,Campanar,Venta,Ático,195593.0,86.3,3.0,2.0,Buen estado,1986-01-01,Ático,True,False,False,False,True,6.81,2025-02-10,80-120,2266.43
2828,Valencia,Benimaclet,Alquiler,Piso,219240.0,74.4,2.0,1.0,Buen estado,2002-01-01,3,True,False,False,True,False,3.62,2025-02-20,40-80,2946.77
2829,Valencia,Ensanche,Venta,Piso,156980.0,58.6,2.0,1.0,Buen estado,1965-01-01,4,True,True,False,True,False,,2025-02-27,40-80,2678.84
2830,Valencia,Ruzafa,Alquiler,Piso,281177.0,107.4,3.0,2.0,Obra nueva,2020-01-01,4,True,True,False,False,False,6.04,2024-12-08,80-120,2618.04
2831,Valencia,Benimaclet,Alquiler,Piso,234015.0,70.9,2.0,1.0,Obra nueva,2022-01-01,2,True,True,False,True,False,5.18,2025-01-21,40-80,3300.63
2832,Valencia,Ruzafa,Venta,Piso,190044.0,61.1,2.0,1.0,Buen estado,1992-01-01,1,True,True,True,False,False,3.07,2024-10-22,40-80,3110.38
2833,Valencia,Ruzafa,Venta,Sin_clasificar,,,3.0,1.0,Buen estado,1983-01-01,9,True,False,False,True,False,7.21,2024-10-21,,
2834,Valencia,Campanar,Venta,Piso,263475.0,84.2,3.0,2.0,Obra nueva,2020-01-01,4,True,False,False,True,False,6.65,2025-03-04,80-120,3129.16
2835,Valencia,El Carmen,Alquiler,Piso,338653.0,118.2,3.0,2.0,Buen estado,1993-01-01,4,True,False,True,True,True,5.79,2025-03-07,80-120,2865.08
2836,Valencia,El Carmen,Venta,Ático,217198.0,84.2,3.0,2.0,Buen estado,2007-01-01,Ático,False,False,True,True,True,5.21,2025-01-24,80-120,2579.55
2837,Valencia,Campanar,Venta,Piso,220092.0,68.1,2.0,1.0,Obra nueva,2020-01-01,8,True,False,False,False,True,5.8,,40-80,3231.89
2838,Valencia,Campanar,Alquiler,Piso,220430.0,74.4,2.0,1.0,Buen estado,1984-01-01,7,False,False,False,False,False,4.55,,40-80,2962.77
2839,Valencia,Campanar,Venta,Piso,206117.0,63.7,2.0,1.0,Buen estado,1985-01-01,6,True,True,False,True,False,4.97,2025-03-21,40-80,3235.75
2840,Valencia,Campanar,Venta,Sin_clasificar,,,3.0,1.0,Buen estado,1961-01-01,Bajo,True,True,False,True,False,5.9,2025-02-14,,
2841,Valencia,Ensanche,Venta,Piso,202369.0,72.2,2.0,1.0,Reformado,1969-01-01,2,False,True,True,True,False,4.75,2024-11-26,40-80,2802.89
2842,Valencia,Ruzafa,Venta,Piso,207924.0,63.0,2.0,1.0,Obra nueva,2020-01-01,2,True,True,False,True,True,4.24,2025-01-27,40-80,3300.38
2843,Valencia,Benimaclet,Venta,Piso,108924.0,42.6,2.0,1.0,Buen estado,1989-01-01,9,True,False,False,False,True,2.75,2025-04-06,40-80,2556.9
2844,Valencia,Ruzafa,Alquiler,Piso,226154.0,79.3,2.0,1.0,Buen estado,1999-01-01,1,True,False,True,False,True,2.36,,40-80,2851.88
2845,Valencia,Benimaclet,Alquiler,Estudio,124101.0,37.5,0.0,1.0,Buen estado,1974-01-01,3,False,False,False,True,False,3.54,2024-12-27,0-40,3309.36
2846,Valencia,Campanar,Alquiler,Piso,243352.0,104.4,3.0,2.0,Buen estado,1980-01-01,3,True,True,False,False,False,6.12,2024-12-31,80-120,2330.96
2847,Valencia,Campanar,Alquiler,Piso,247511.0,93.4,3.0,2.0,Reformado,1984-01-01,8,True,True,False,False,False,4.2,2024-11-13,80-120,2650.01
2848,Valencia,Campanar,Alquiler,Sin_clasificar,,,1.0,1.0,A reformar,1974-01-01,Bajo,True,False,False,False,False,5.34,2025-01-05,,
2849,Valencia,Benimaclet,Alquiler,Piso,325295.0,74.4,2.0,1.0,Buen estado,1973-01-01,9,False,False,False,True,False,4.3,2025-03-14,40-80,4372.24
2850,Valencia,Benimaclet,Venta,Sin_clasificar,,,2.0,1.0,Obra nueva,2019-01-01,6,True,True,False,False,False,4.94,2025-03-09,,
2851,Valencia,Ensanche,Venta,Piso,318233.0,95.4,3.0,2.0,Buen estado,2006-01-01,1,True,True,False,True,False,6.01,2025-02-26,80-120,3335.78
2852,Valencia,Benimaclet,Venta,Piso,391966.0,107.1,3.0,2.0,Buen estado,1974-01-01,3,True,True,True,True,False,4.91,2024-10-12,80-120,3659.81
2853,Valencia,Campanar,Venta,Ático,236414.0,66.0,2.0,1.0,Buen estado,2002-01-01,Ático,True,True,False,True,True,4.4,2024-11-15,40-80,3582.03
2854,Valencia,El Carmen,Alquiler,Piso,241268.0,68.2,2.0,1.0,Buen estado,1978-01-01,1,False,True,False,False,False,2.95,2024-12-12,40-80,3537.65
2855,Valencia,El Carmen,Alquiler,Piso,227437.0,79.9,2.0,1.0,Buen estado,1984-01-01,9,True,False,False,False,False,5.72,2024-12-27,40-80,2846.52
2856,Valencia,Campanar,Venta,Piso,426512.0,118.2,3.0,2.0,Reformado,1974-01-01,2,True,False,False,True,False,4.83,2025-02-08,80-120,3608.39
2857,Valencia,El Carmen,Venta,Piso,141835.0,54.6,2.0,1.0,Buen estado,1997-01-01,9,False,False,True,False,False,4.27,2025-01-17,40-80,2597.71
2858,Valencia,Benimaclet,Venta,Piso,236405.0,92.7,3.0,2.0,Obra nueva,2021-01-01,8,True,False,False,False,True,3.1,2024-11-29,80-120,2550.22
2859,Valencia,Ruzafa,Venta,Piso,328504.0,115.5,3.0,2.0,Buen estado,1956-01-01,Bajo,True,True,False,False,False,6.51,2024-10-21,80-120,2844.19
2860,Valencia,Ruzafa,Venta,Piso,279694.0,79.7,2.0,1.0,Buen estado,1991-01-01,1,True,False,False,True,True,6.08,2024-12-23,40-80,3509.34
2861,Valencia,Campanar,Venta,Piso,215290.0,62.7,2.0,1.0,Buen estado,2016-01-01,6,False,False,False,True,False,5.01,2024-11-23,40-80,3433.65
2862,Valencia,Campanar,Venta,Piso,279155.0,95.2,3.0,2.0,Buen estado,1967-01-01,6,False,True,False,False,False,6.25,2025-03-18,80-120,2932.3
2863,Valencia,El Carmen,Venta,Piso,277701.0,91.2,3.0,2.0,Buen estado,1993-01-01,4,True,True,True,False,True,2.22,2024-10-13,80-120,3044.97
2864,Valencia,Benimaclet,Venta,Piso,308501.0,91.0,3.0,2.0,Buen estado,1986-01-01,Bajo,True,False,False,True,False,3.95,2025-01-31,80-120,3390.12
2865,Valencia,El Carmen,Alquiler,Piso,133806.0,43.9,2.0,1.0,Buen estado,1982-01-01,2,True,True,False,False,False,3.57,2025-03-10,40-80,3047.97
2866,Valencia,El Carmen,Venta,Piso,200251.0,59.3,2.0,1.0,Buen estado,2002-01-01,7,False,False,False,False,False,6.3,2025-03-18,40-80,3376.91
2867,Valencia,Benimaclet,Alquiler,Piso,302552.0,84.3,3.0,2.0,A reformar,2003-01-01,9,False,True,False,True,False,7.26,2025-04-06,80-120,3588.99
2868,Valencia,Campanar,Venta,Piso,155056.0,68.2,2.0,1.0,Buen estado,1977-01-01,8,True,False,True,False,False,4.54,2025-03-30,40-80,2273.55
2869,Valencia,Campanar,Venta,Piso,136068.0,71.4,2.0,1.0,Buen estado,1966-01-01,7,False,True,False,False,False,6.17,2024-12-07,40-80,1905.71
2870,Valencia,Ruzafa,Alquiler,Piso,251844.0,87.1,3.0,2.0,Buen estado,1986-01-01,2,True,True,False,True,False,3.9,2024-11-29,80-120,2891.44
2871,Valencia,Ensanche,Alquiler,Piso,217596.0,60.5,2.0,1.0,Buen estado,1978-01-01,1,True,False,True,True,False,4.53,2025-02-04,40-80,3596.63
2872,Valencia,Ruzafa,Venta,Ático,245125.0,93.0,3.0,2.0,Reformado,1985-01-01,Ático,True,True,True,False,False,4.08,2024-11-04,80-120,2635.75
2873,Valencia,Ruzafa,Venta,Piso,156217.0,54.7,2.0,1.0,Buen estado,1988-01-01,6,True,True,False,True,False,3.63,2024-12-08,40-80,2855.89
2874,Valencia,Campanar,Alquiler,Piso,460056.0,165.55,5.0,3.0,Buen estado,1973-01-01,8,True,False,False,False,False,4.89,2025-03-04,160-200,2778.95
2875,Valencia,Ensanche,Venta,Ático,244838.0,102.9,3.0,2.0,Buen estado,1985-01-01,Ático,False,False,False,False,True,4.73,2025-02-25,80-120,2379.38
2876,Valencia,Ensanche,Venta,Piso,276224.0,108.6,3.0,2.0,Obra nueva,2019-01-01,9,False,True,True,True,True,,2024-12-30,80-120,2543.5
2877,Valencia,Ruzafa,Venta,Piso,176959.0,61.9,2.0,1.0,Buen estado,1975-01-01,1,True,False,False,False,False,4.32,2025-01-27,40-80,2858.79
2878,Valencia,Ensanche,Venta,Ático,159959.0,52.7,2.0,1.0,Buen estado,2010-01-01,Ático,False,True,False,False,False,5.01,2024-12-12,40-80,3035.28
2879,Valencia,Ruzafa,Venta,Piso,265551.0,77.7,2.0,1.0,Reformado,1947-01-01,7,False,True,True,True,False,5.14,2025-02-13,40-80,3417.64
2880,Valencia,Campanar,Venta,Piso,233742.0,89.3,3.0,2.0,Buen estado,2006-01-01,2,True,False,False,False,False,7.59,2025-03-21,80-120,2617.49
2881,Valencia,Ruzafa,Alquiler,Piso,254545.0,66.7,2.0,1.0,Buen estado,1964-01-01,2,True,True,False,True,True,5.73,2024-11-04,40-80,3816.27
2882,Valencia,El Carmen,Venta,Piso,226949.0,80.0,3.0,2.0,Buen estado,2017-01-01,9,True,True,True,False,False,6.14,2025-02-25,80-120,2836.86
2883,Valencia,Ensanche,Alquiler,Piso,193560.0,80.7,3.0,2.0,Obra nueva,2022-01-01,7,True,False,True,True,True,5.91,2024-12-07,80-120,2398.51
2884,Valencia,Benimaclet,Alquiler,Piso,145197.0,54.4,2.0,1.0,Obra nueva,2019-01-01,1,False,True,False,False,False,2.88,2025-02-17,40-80,2669.06
2885,Valencia,El Carmen,Venta,Piso,161242.0,70.8,2.0,1.0,Buen estado,2011-01-01,5,False,True,False,True,False,6.0,,40-80,2277.43
2886,Valencia,Campanar,Alquiler,Piso,431289.0,126.4,4.0,2.0,Buen estado,1970-01-01,9,False,False,False,False,False,2.93,2025-02-25,120-160,3412.1
2887,Valencia,Benimaclet,Venta,Piso,191199.0,59.2,2.0,1.0,Buen estado,1993-01-01,7,False,True,False,True,False,3.12,2025-04-06,40-80,3229.71
2888,Valencia,Ruzafa,Venta,Piso,233453.0,79.5,2.0,1.0,Buen estado,1991-01-01,6,False,True,False,False,False,4.23,2025-02-18,40-80,2936.52
2889,Valencia,El Carmen,Alquiler,Piso,271737.0,113.1,3.0,2.0,Obra nueva,2021-01-01,8,False,True,False,False,False,5.78,,80-120,2402.63
2890,Valencia,Ruzafa,Venta,Piso,240159.0,80.9,3.0,2.0,Buen estado,1994-01-01,5,True,False,False,False,False,2.19,2024-12-31,80-120,2968.59
2891,Valencia,El Carmen,Venta,Piso,120505.0,47.1,2.0,1.0,Reformado,1990-01-01,5,False,True,False,False,False,2.36,2024-10-12,40-80,2558.49
2892,Valencia,Ensanche,Venta,Piso,275136.0,86.6,3.0,2.0,Buen estado,1960-01-01,4,False,True,True,False,True,4.19,2025-01-20,80-120,3177.09
2893,Valencia,Campanar,Venta,Piso,284410.0,97.4,3.0,2.0,Buen estado,1994-01-01,2,True,False,False,False,False,4.98,2024-10-27,80-120,2920.02
2894,Valencia,Campanar,Venta,Piso,151326.0,69.5,2.0,1.0,A reformar,1987-01-01,9,True,False,False,False,True,5.45,2024-10-19,40-80,2177.35
2895,Valencia,Campanar,Venta,Piso,185831.0,74.5,2.0,1.0,Buen estado,1966-01-01,6,True,True,False,False,True,5.36,2025-03-17,40-80,2494.38
2896,Valencia,Campanar,Venta,Piso,342163.0,115.2,3.0,2.0,Reformado,1968-01-01,2,True,True,False,True,False,5.06,2024-11-10,80-120,2970.16
2897,Valencia,Ruzafa,Alquiler,Piso,181591.0,69.2,2.0,1.0,A reformar,1983-01-01,3,True,False,False,True,True,7.19,2025-03-27,40-80,2624.15
2898,Valencia,Campanar,Venta,Piso,159724.0,69.4,2.0,1.0,Obra nueva,2020-01-01,8,False,True,True,True,True,4.15,2024-12-22,40-80,2301.5
2899,Valencia,El Carmen,Venta,Piso,149854.0,62.3,2.0,1.0,Obra nueva,2022-01-01,8,True,True,False,False,False,4.63,2025-02-27,40-80,2405.36
2900,Valencia,Ruzafa,Venta,Piso,247270.0,151.04,4.0,2.0,Buen estado,1997-01-01,8,True,True,False,False,False,5.98,2025-02-15,120-160,1637.12
2901,Valencia,Benimaclet,Alquiler,Ático,297631.0,84.5,3.0,2.0,Buen estado,1975-01-01,Ático,True,False,False,True,True,4.4,2025-01-29,80-120,3522.26
2902,Valencia,Ruzafa,Venta,Piso,212134.0,63.6,2.0,1.0,Reformado,1970-01-01,6,True,False,False,True,False,7.28,2025-01-31,40-80,3335.44
2903,Valencia,Benimaclet,Venta,Piso,324459.0,113.5,3.0,2.0,A reformar,1960-01-01,2,True,False,False,True,False,6.19,2024-10-15,80-120,2858.67
2904,Valencia,Campanar,Venta,Piso,196818.0,72.3,2.0,1.0,Buen estado,1978-01-01,9,True,False,False,True,True,,2024-10-25,40-80,2722.24
2905,Valencia,Benimaclet,Venta,Piso,,89.2,3.0,2.0,Buen estado,1971-01-01,2,True,False,False,False,True,4.67,2025-03-17,80-120,
2906,Valencia,Campanar,Alquiler,Piso,436286.0,114.8,3.0,2.0,Obra nueva,2019-01-01,2,True,True,False,True,False,2.49,2024-12-29,80-120,3800.4
2907,Valencia,Campanar,Venta,Piso,197623.0,52.6,2.0,1.0,Obra nueva,2023-01-01,8,False,False,True,True,True,6.3,2024-12-29,40-80,3757.09
2908,Valencia,Campanar,Venta,Piso,180697.0,69.4,2.0,1.0,Buen estado,1996-01-01,3,True,False,True,False,False,6.55,2025-01-11,40-80,2603.7
2909,Valencia,Ruzafa,Venta,Sin_clasificar,,,2.0,2.0,Buen estado,1996-01-01,5,False,True,False,True,True,5.46,2025-01-16,,
2910,Valencia,Benimaclet,Alquiler,Piso,449745.0,100.1,3.0,2.0,Buen estado,1957-01-01,Bajo,True,True,False,False,False,4.46,2024-10-16,80-120,4492.96
2911,Valencia,Ruzafa,Venta,Estudio,116759.0,35.6,0.0,1.0,Buen estado,1997-01-01,5,True,False,False,True,True,4.78,2025-01-12,0-40,3279.75
2912,Valencia,Ensanche,Venta,Piso,188871.0,78.9,2.0,1.0,Buen estado,1980-01-01,9,True,True,False,False,True,4.76,2025-01-17,40-80,2393.8
2913,Valencia,El Carmen,Venta,Piso,191967.0,76.0,2.0,1.0,Buen estado,1980-01-01,2,False,False,False,True,False,6.45,,40-80,2525.88
2914,Valencia,El Carmen,Venta,Piso,138310.0,51.8,2.0,1.0,Buen estado,2002-01-01,9,False,False,True,True,False,5.98,2024-12-16,40-80,2670.08
2915,Valencia,Benimaclet,Alquiler,Piso,204737.0,72.1,2.0,1.0,Reformado,1975-01-01,8,False,False,False,False,False,3.1,2025-03-04,40-80,2839.63
2916,Valencia,Ruzafa,Venta,Ático,213337.0,79.7,2.0,1.0,Buen estado,1983-01-01,Ático,True,True,False,False,False,4.2,2024-12-31,40-80,2676.75
2917,Valencia,El Carmen,Venta,Piso,240933.0,67.8,2.0,1.0,A reformar,1984-01-01,7,True,False,False,False,True,3.7,2024-11-23,40-80,3553.58
2918,Valencia,Ensanche,Venta,Piso,249051.0,77.7,2.0,1.0,Buen estado,2007-01-01,9,False,True,False,False,True,4.06,2024-12-04,40-80,3205.29
2919,Valencia,El Carmen,Venta,Piso,311774.0,87.3,3.0,2.0,Buen estado,2011-01-01,1,True,False,False,False,True,3.2,2024-12-05,80-120,3571.29
2920,Valencia,Campanar,Venta,Piso,210423.0,58.8,2.0,1.0,Buen estado,1975-01-01,Bajo,False,True,False,False,False,6.56,2025-03-23,40-80,3578.62
2921,Valencia,Benimaclet,Venta,Piso,323989.0,93.8,3.0,2.0,Reformado,2000-01-01,8,True,False,True,False,False,4.84,2024-12-31,80-120,3454.04
2922,Valencia,Ruzafa,Venta,Piso,263408.0,82.1,3.0,2.0,Obra nueva,2020-01-01,4,True,True,False,False,False,5.51,2024-12-05,80-120,3208.38
2923,Valencia,Ruzafa,Venta,Ático,164207.0,61.6,2.0,1.0,Buen estado,1953-01-01,Ático,True,False,False,True,False,4.25,2025-02-17,40-80,2665.7
2924,Valencia,Campanar,Venta,Piso,294876.0,94.0,3.0,2.0,Reformado,1979-01-01,9,False,False,False,True,False,5.21,2025-02-09,80-120,3136.98
2925,Valencia,El Carmen,Venta,Piso,273021.0,71.7,2.0,1.0,Obra nueva,2022-01-01,3,True,True,True,True,True,7.32,2024-12-16,40-80,3807.82
2926,Valencia,Ruzafa,Venta,Piso,287975.0,133.3,4.0,2.0,Buen estado,1970-01-01,1,True,False,True,False,True,7.66,2024-12-31,120-160,2160.35
2927,Valencia,Ensanche,Venta,Piso,207439.0,77.2,2.0,1.0,Buen estado,1991-01-01,1,False,False,True,False,False,2.57,2024-12-03,40-80,2687.03
2928,Valencia,El Carmen,Venta,Piso,186606.0,59.5,2.0,1.0,Obra nueva,2021-01-01,8,True,True,False,True,True,3.21,2024-11-02,40-80,3136.24
2929,Valencia,El Carmen,Alquiler,Piso,160123.0,54.3,2.0,1.0,Buen estado,1973-01-01,Bajo,False,False,False,True,False,,2025-03-16,40-80,2948.86
2930,Valencia,Ensanche,Alquiler,Piso,284369.0,105.1,3.0,2.0,Reformado,1971-01-01,1,True,True,False,False,False,4.16,2024-12-20,80-120,2705.7
2931,Valencia,Ruzafa,Venta,Piso,255168.0,107.0,3.0,2.0,Buen estado,1958-01-01,9,True,False,False,False,False,4.15,2025-02-21,80-120,2384.75
2932,Valencia,Ruzafa,Venta,Piso,201519.0,77.0,2.0,1.0,Buen estado,1974-01-01,9,False,False,True,False,False,4.0,2024-11-11,40-80,2617.13
2933,Valencia,Benimaclet,Venta,Piso,328125.0,81.9,3.0,2.0,Buen estado,1999-01-01,8,False,True,True,False,False,5.98,2025-02-20,80-120,4006.41
2934,Valencia,Campanar,Alquiler,Sin_clasificar,,,3.0,1.0,Buen estado,1986-01-01,2,True,False,False,False,False,4.43,2025-01-01,,
2935,Valencia,Campanar,Alquiler,Piso,189294.0,65.2,2.0,1.0,Buen estado,2008-01-01,Bajo,False,False,False,False,False,1.08,2024-12-31,40-80,2903.28
2936,Valencia,Campanar,Venta,Sin_clasificar,,,1.0,1.0,Buen estado,1978-01-01,7,True,False,True,True,True,3.06,,,
2937,Valencia,Ensanche,Alquiler,Piso,,73.4,2.0,1.0,Obra nueva,2022-01-01,5,False,True,False,False,False,,2025-03-29,40-80,
2938,Valencia,Ensanche,Venta,Piso,110124.0,56.0,2.0,1.0,Buen estado,1972-01-01,5,False,False,False,True,False,5.46,2024-12-29,40-80,1966.5
2939,Valencia,Campanar,Venta,Piso,165242.0,64.7,2.0,1.0,Buen estado,1977-01-01,9,True,True,False,False,False,5.24,2024-11-08,40-80,2553.97
2940,Valencia,Ruzafa,Alquiler,Sin_clasificar,,,1.0,1.0,Buen estado,2013-01-01,2,False,False,True,False,True,2.74,2024-10-10,,
2941,Valencia,Ruzafa,Venta,Piso,151835.0,53.0,2.0,1.0,Buen estado,1993-01-01,3,True,True,False,False,True,7.4,2025-03-08,40-80,2864.81
2942,Valencia,El Carmen,Venta,Piso,333171.0,112.2,3.0,2.0,Buen estado,2015-01-01,1,True,False,True,False,False,6.67,2024-12-31,80-120,2969.44
2943,Valencia,Ensanche,Venta,Piso,145877.0,48.5,2.0,1.0,Buen estado,2007-01-01,Bajo,True,True,False,True,True,4.8,2025-02-19,40-80,3007.77
2944,Valencia,El Carmen,Venta,Sin_clasificar,,,2.0,1.0,Obra nueva,2023-01-01,1,False,True,False,False,True,4.75,2024-12-20,,
2945,Valencia,Ensanche,Venta,Piso,276761.0,71.4,2.0,1.0,Buen estado,1999-01-01,6,True,False,False,False,False,7.05,2025-03-08,40-80,3876.2
2946,Valencia,Campanar,Alquiler,Piso,325625.0,95.8,3.0,2.0,Buen estado,1998-01-01,3,True,False,False,False,False,6.63,2025-01-25,80-120,3399.01
2947,Valencia,Benimaclet,Alquiler,Ático,114360.0,40.0,2.0,1.0,Obra nueva,2020-01-01,Ático,True,True,False,False,True,5.48,2025-01-22,40-80,2859.0
2948,Valencia,El Carmen,Alquiler,Piso,243273.0,82.3,3.0,2.0,Obra nueva,2023-01-01,2,True,True,False,True,True,6.94,2025-01-11,80-120,2955.93
2949,Valencia,Ensanche,Venta,Piso,293959.0,89.9,3.0,2.0,Buen estado,1975-01-01,2,False,True,True,False,False,4.53,2025-02-25,80-120,3269.84
2950,Valencia,Ruzafa,Alquiler,Piso,,86.9,3.0,2.0,Buen estado,2006-01-01,3,True,False,False,True,False,4.22,2025-03-13,80-120,
2951,Valencia,El Carmen,Alquiler,Piso,197555.0,79.0,2.0,1.0,Buen estado,1951-01-01,9,True,True,True,False,False,4.04,2024-11-01,40-80,2500.7
2952,Valencia,Ruzafa,Venta,Piso,151944.0,50.6,2.0,1.0,Buen estado,1964-01-01,3,True,False,False,False,False,4.27,2025-01-23,40-80,3002.85
2953,Valencia,Ensanche,Venta,Piso,153602.0,44.6,2.0,1.0,Buen estado,2001-01-01,5,False,False,False,False,True,3.16,2024-10-15,40-80,3443.99
2954,Valencia,Campanar,Venta,Piso,308733.0,87.1,3.0,2.0,Buen estado,1991-01-01,1,True,False,True,False,False,4.36,,80-120,3544.58
2955,Valencia,Benimaclet,Venta,Piso,279474.0,80.3,3.0,2.0,Buen estado,2008-01-01,7,True,True,False,False,True,4.18,2024-12-30,80-120,3480.37
2956,Valencia,Ensanche,Alquiler,Piso,242609.0,82.7,3.0,2.0,Buen estado,1990-01-01,7,False,True,False,True,False,4.79,2024-11-12,80-120,2933.6
2957,Valencia,Benimaclet,Venta,Piso,219765.0,70.4,2.0,1.0,Buen estado,1976-01-01,2,False,True,False,False,False,2.88,2025-03-16,40-80,3121.66
2958,Valencia,Ruzafa,Venta,Piso,236335.0,85.1,3.0,2.0,Buen estado,1993-01-01,7,True,True,False,True,False,4.18,2025-01-14,80-120,2777.14
2959,Valencia,Campanar,Venta,Piso,266096.0,87.9,3.0,2.0,Buen estado,1972-01-01,2,True,False,True,True,False,2.26,2025-01-29,80-120,3027.26
2960,Valencia,Ruzafa,Venta,Piso,201298.0,92.0,3.0,2.0,Buen estado,1972-01-01,3,True,True,False,True,True,5.22,2024-11-28,80-120,2188.02
2961,Valencia,Benimaclet,Alquiler,Ático,170966.0,49.7,2.0,1.0,Reformado,1998-01-01,Ático,False,True,False,False,False,5.14,2025-03-07,40-80,3439.96
2962,Valencia,El Carmen,Alquiler,Piso,,48.4,2.0,1.0,Buen estado,1991-01-01,2,True,False,False,True,True,2.1,2024-11-17,40-80,
2963,Valencia,Campanar,Alquiler,Piso,,98.6,3.0,2.0,Buen estado,1993-01-01,6,False,True,False,False,False,6.25,2024-11-21,80-120,
2964,Valencia,Ruzafa,Alquiler,Piso,308460.0,98.0,3.0,2.0,Buen estado,1976-01-01,9,True,True,False,True,False,9.69,2024-10-28,80-120,3147.55
2965,Valencia,Ensanche,Venta,Piso,223650.0,63.7,2.0,1.0,Buen estado,1962-01-01,2,False,False,True,True,False,4.69,2024-12-31,40-80,3510.99
2966,Valencia,Ensanche,Alquiler,Piso,159593.0,57.6,2.0,1.0,Buen estado,1997-01-01,8,True,True,True,False,False,,2024-11-30,40-80,2770.71
2967,Valencia,Ensanche,Venta,Piso,247177.0,102.8,3.0,2.0,Buen estado,1979-01-01,7,True,False,False,False,False,4.66,2025-03-23,80-120,2404.45
2968,Valencia,Benimaclet,Alquiler,Piso,367757.0,110.3,3.0,2.0,Buen estado,1971-01-01,6,True,True,False,True,True,4.39,2024-12-22,80-120,3334.15
2969,Valencia,El Carmen,Alquiler,Piso,,78.6,2.0,1.0,Buen estado,1992-01-01,4,True,False,False,False,False,7.99,2025-03-05,40-80,
2970,Valencia,Benimaclet,Venta,Piso,182688.0,66.5,2.0,1.0,Buen estado,1980-01-01,7,False,True,False,False,False,3.34,2025-03-12,40-80,2747.19
2971,Valencia,Campanar,Venta,Piso,238045.0,66.0,2.0,1.0,Buen estado,1987-01-01,1,True,True,False,False,True,5.2,2024-11-19,40-80,3606.74
2972,Valencia,Ruzafa,Venta,Piso,199510.0,97.4,3.0,2.0,Buen estado,1987-01-01,8,True,False,False,True,True,5.36,2025-02-13,80-120,2048.36
2973,Valencia,Ruzafa,Venta,Piso,157282.0,69.9,2.0,1.0,Obra nueva,2019-01-01,9,True,True,False,True,False,5.54,2025-02-28,40-80,2250.1
2974,Valencia,Campanar,Venta,Piso,390283.0,124.4,4.0,2.0,Obra nueva,2018-01-01,2,True,True,False,True,True,6.86,2025-01-10,120-160,3137.32
2975,Valencia,Benimaclet,Alquiler,Piso,170310.0,61.0,2.0,1.0,Buen estado,1972-01-01,3,False,True,False,True,True,5.93,,40-80,2791.97
2976,Valencia,Ruzafa,Alquiler,Piso,234656.0,90.3,3.0,2.0,Buen estado,1998-01-01,9,True,False,False,False,False,6.02,2025-04-02,80-120,2598.63
2977,Valencia,Benimaclet,Venta,Piso,369666.0,108.6,3.0,2.0,Buen estado,1984-01-01,5,False,False,False,False,True,4.65,2025-04-02,80-120,3403.92
2978,Valencia,El Carmen,Venta,Ático,337495.0,99.1,3.0,2.0,Reformado,1977-01-01,Ático,True,False,False,False,False,3.79,2025-02-17,80-120,3405.6
2979,Valencia,Ensanche,Venta,Estudio,80069.0,38.2,0.0,1.0,Buen estado,1969-01-01,Bajo,True,False,False,False,False,7.3,2024-10-19,0-40,2096.05
2980,Valencia,El Carmen,Venta,Piso,231486.0,91.2,3.0,2.0,Buen estado,1994-01-01,6,True,False,False,True,False,7.1,2025-03-23,80-120,2538.22
2981,Valencia,Ruzafa,Alquiler,Piso,163668.0,50.3,2.0,1.0,Buen estado,1996-01-01,1,True,False,True,False,True,4.05,,40-80,3253.84
2982,Valencia,Ruzafa,Venta,Piso,160882.0,56.1,2.0,1.0,A reformar,1955-01-01,9,True,False,True,False,False,4.12,2024-11-01,40-80,2867.77
2983,Valencia,Ruzafa,Alquiler,Piso,191415.0,99.4,3.0,2.0,Buen estado,1945-01-01,9,True,True,True,True,True,4.52,2025-01-06,80-120,1925.7
2984,Valencia,Ruzafa,Venta,Piso,,81.8,3.0,2.0,Buen estado,2001-01-01,8,True,True,False,False,True,2.78,2024-11-27,80-120,
2985,Valencia,Ruzafa,Venta,Piso,279963.0,88.9,3.0,2.0,Buen estado,1974-01-01,6,False,True,False,False,False,,,80-120,3149.19
2986,Valencia,Ruzafa,Venta,Piso,239740.0,73.8,2.0,1.0,Buen estado,1980-01-01,1,True,False,False,False,False,3.23,2024-11-15,40-80,3248.51
2987,Valencia,Benimaclet,Venta,Piso,299931.0,105.8,3.0,2.0,Buen estado,1994-01-01,3,True,False,False,False,True,2.31,2024-11-18,80-120,2834.89
2988,Valencia,Ruzafa,Alquiler,Piso,351855.0,99.7,3.0,2.0,A reformar,1984-01-01,6,True,True,False,False,False,3.65,2025-02-05,80-120,3529.14
2989,Valencia,El Carmen,Venta,Piso,316012.0,116.6,3.0,2.0,Obra nueva,2018-01-01,1,True,True,True,True,True,4.62,2024-11-06,80-120,2710.22
2990,Valencia,Benimaclet,Venta,Piso,,59.2,2.0,1.0,Buen estado,1955-01-01,1,True,False,True,True,False,5.61,2025-03-16,40-80,
2991,Valencia,Ruzafa,Venta,Piso,204065.0,72.0,2.0,1.0,Buen estado,1979-01-01,8,False,False,False,False,False,4.27,,40-80,2834.24
2992,Valencia,El Carmen,Venta,Piso,223509.0,88.2,3.0,2.0,Obra nueva,2018-01-01,4,True,True,True,True,False,4.55,2025-03-04,80-120,2534.12
2993,Valencia,El Carmen,Venta,Ático,89944.0,31.2,0.0,1.0,Buen estado,1995-01-01,Ático,True,False,False,False,True,3.84,2024-11-23,0-40,2882.82
2994,Valencia,Benimaclet,Venta,Estudio,100644.0,32.3,0.0,1.0,Buen estado,1968-01-01,8,False,False,False,False,False,5.16,2024-11-04,0-40,3115.91
2995,Valencia,El Carmen,Alquiler,Sin_clasificar,,,4.0,1.0,Buen estado,2000-01-01,4,False,False,False,False,True,4.03,2024-10-14,,
2996,Valencia,Campanar,Venta,Piso,273515.0,95.5,3.0,2.0,Buen estado,1983-01-01,5,True,True,False,True,True,2.73,2024-10-11,80-120,2864.03
2997,Valencia,Campanar,Venta,Piso,158292.0,48.0,2.0,1.0,Buen estado,1995-01-01,4,True,False,True,True,True,3.96,2025-01-13,40-80,3297.75
2998,Valencia,El Carmen,Venta,Piso,243755.0,88.7,3.0,2.0,Buen estado,1973-01-01,5,True,True,False,True,True,6.82,2025-01-06,80-120,2748.08
2999,Valencia,Benimaclet,Alquiler,Piso,302024.0,98.4,3.0,2.0,Obra nueva,2023-01-01,Bajo,True,True,True,True,False,6.13,2024-12-02,80-120,3069.35
3000,Valencia,Campanar,Venta,Piso,259483.0,77.8,2.0,1.0,Buen estado,2020-01-01,7,True,True,False,True,True,3.21,2024-10-13,40-80,3335.26
3001,Valencia,Ruzafa,Venta,Piso,208226.0,72.8,2.0,1.0,Buen estado,1995-01-01,3,False,True,False,False,True,4.22,2025-01-25,40-80,2860.25
3002,Valencia,Ensanche,Venta,Piso,,103.0,3.0,2.0,Buen estado,1975-01-01,2,True,True,False,True,False,5.71,2024-12-02,80-120,
3003,Valencia,Ruzafa,Venta,Piso,313805.0,108.0,3.0,2.0,Obra nueva,2019-01-01,Bajo,True,True,False,True,True,3.36,2024-11-14,80-120,2905.6
3004,Valencia,Benimaclet,Alquiler,Piso,168482.0,66.9,2.0,1.0,Buen estado,2011-01-01,2,True,False,False,True,True,5.22,2025-02-08,40-80,2518.42
3005,Valencia,El Carmen,Venta,Piso,346689.0,98.6,3.0,2.0,Buen estado,1995-01-01,9,False,True,False,False,False,5.26,2024-10-24,80-120,3516.12
3006,Valencia,Benimaclet,Alquiler,Piso,247824.0,81.0,3.0,2.0,Buen estado,1989-01-01,9,True,True,False,False,True,4.21,2024-10-14,80-120,3059.56
3007,Valencia,Benimaclet,Venta,Ático,263713.0,85.3,3.0,2.0,Buen estado,1986-01-01,Ático,False,False,False,False,False,6.41,2024-11-05,80-120,3091.59
3008,Valencia,Ensanche,Venta,Ático,176899.0,78.2,2.0,1.0,Buen estado,1951-01-01,Ático,False,True,False,True,False,6.65,2025-03-19,40-80,2262.14
3009,Valencia,Ruzafa,Venta,Piso,113041.0,60.9,2.0,1.0,Buen estado,1987-01-01,3,True,True,False,False,False,7.07,2024-10-24,40-80,1856.17
3010,Valencia,Ruzafa,Venta,Piso,,70.2,2.0,1.0,Reformado,1989-01-01,7,False,True,False,True,False,4.46,2025-03-02,40-80,
3011,Valencia,Benimaclet,Venta,Piso,428995.0,128.8,4.0,2.0,Buen estado,2004-01-01,1,True,True,False,False,False,,2025-01-11,120-160,3330.71
3012,Valencia,Benimaclet,Venta,Piso,274477.0,97.7,3.0,2.0,Buen estado,1986-01-01,4,True,False,False,False,True,4.19,,80-120,2809.39
3013,Valencia,El Carmen,Alquiler,Piso,265214.0,100.6,3.0,2.0,Obra nueva,2019-01-01,4,True,True,True,False,False,2.6,2025-02-04,80-120,2636.32
3014,Valencia,Benimaclet,Venta,Piso,274046.0,100.5,3.0,2.0,Buen estado,1964-01-01,1,True,True,False,False,True,8.32,2025-02-17,80-120,2726.83
3015,Valencia,Ruzafa,Venta,Piso,159570.0,77.9,2.0,1.0,Reformado,1984-01-01,6,False,True,True,True,False,5.49,2025-02-27,40-80,2048.4
3016,Valencia,El Carmen,Venta,Piso,268694.0,90.0,3.0,2.0,Obra nueva,2018-01-01,7,True,True,True,True,True,3.82,2024-11-19,80-120,2985.49
3017,Valencia,Benimaclet,Venta,Ático,244285.0,98.2,3.0,2.0,Buen estado,1972-01-01,Ático,True,False,True,False,False,8.98,2025-01-10,80-120,2487.63
3018,Valencia,Benimaclet,Venta,Estudio,101258.0,30.8,0.0,1.0,Reformado,2007-01-01,1,True,False,True,False,True,4.86,2025-01-04,0-40,3287.6
3019,Valencia,Ruzafa,Venta,Piso,,102.7,3.0,2.0,Buen estado,1986-01-01,7,True,True,False,False,False,5.4,2024-11-04,80-120,
3020,Valencia,El Carmen,Venta,Piso,178357.0,62.5,2.0,1.0,Buen estado,1990-01-01,Bajo,True,False,False,False,False,4.34,2024-12-21,40-80,2853.71
3021,Valencia,Ensanche,Alquiler,Piso,344584.0,108.9,3.0,2.0,Buen estado,2006-01-01,3,True,True,False,False,True,5.92,2025-01-19,80-120,3164.22
3022,Valencia,El Carmen,Venta,Piso,304484.0,96.7,3.0,2.0,Buen estado,1978-01-01,6,True,True,False,False,False,5.69,2024-11-24,80-120,3148.75
3023,Valencia,Ensanche,Venta,Piso,223250.0,69.4,2.0,1.0,Buen estado,1995-01-01,6,False,False,False,False,False,6.8,2025-04-07,40-80,3216.86
3024,Valencia,Benimaclet,Venta,Piso,320310.0,105.2,3.0,2.0,Buen estado,2003-01-01,8,True,False,False,True,True,5.62,2024-10-10,80-120,3044.77
3025,Valencia,Ensanche,Venta,Piso,147094.0,47.0,2.0,1.0,Reformado,1987-01-01,3,True,False,True,True,False,5.54,2025-03-13,40-80,3129.66
3026,Valencia,Benimaclet,Venta,Piso,224317.0,66.8,2.0,1.0,Reformado,1988-01-01,4,True,False,False,True,False,5.67,2025-01-28,40-80,3358.04
3027,Valencia,Benimaclet,Venta,Piso,319704.0,114.1,3.0,2.0,Buen estado,1984-01-01,1,True,False,False,False,False,6.18,2025-02-20,80-120,2801.96
3028,Valencia,El Carmen,Alquiler,Piso,,102.6,3.0,2.0,Buen estado,1985-01-01,Bajo,True,False,False,False,False,5.1,2024-10-23,80-120,
3029,Valencia,Ensanche,Venta,Piso,152056.0,54.0,2.0,1.0,Buen estado,1991-01-01,5,True,False,False,False,True,4.28,2025-03-18,40-80,2815.85
3030,Valencia,Campanar,Venta,Piso,214304.0,82.2,3.0,2.0,Buen estado,1981-01-01,7,False,False,False,True,False,4.47,2025-03-08,80-120,2607.1
3031,Valencia,Benimaclet,Venta,Piso,,96.8,3.0,2.0,Buen estado,1985-01-01,Bajo,True,False,False,False,False,6.41,2025-03-25,80-120,
3032,Valencia,Ensanche,Venta,Piso,398728.0,103.4,3.0,2.0,Reformado,1986-01-01,1,True,False,True,False,False,3.35,2025-03-02,80-120,3856.17
3033,Valencia,Ensanche,Venta,Piso,247041.0,88.3,3.0,2.0,Buen estado,2020-01-01,1,False,True,False,True,True,,2024-12-29,80-120,2797.75
3034,Valencia,El Carmen,Venta,Piso,273622.0,80.4,3.0,2.0,Buen estado,1956-01-01,9,True,False,False,False,True,6.98,2024-12-24,80-120,3403.26
3035,Valencia,Campanar,Alquiler,Piso,260103.0,100.2,3.0,2.0,Buen estado,1965-01-01,9,False,True,True,False,True,4.74,2025-02-21,80-120,2595.84
3036,Valencia,Benimaclet,Venta,Piso,223905.0,84.0,3.0,2.0,Buen estado,2002-01-01,9,True,True,True,False,True,6.69,2025-01-29,80-120,2665.54
3037,Valencia,Ruzafa,Alquiler,Piso,428336.0,118.3,3.0,2.0,Buen estado,1995-01-01,4,False,False,False,False,False,4.61,2024-11-04,80-120,3620.76
3038,Valencia,Benimaclet,Alquiler,Sin_clasificar,,,1.0,2.0,Buen estado,1997-01-01,7,True,False,False,True,False,3.62,,,
3039,Valencia,Ruzafa,Venta,Piso,304140.0,91.2,3.0,2.0,Buen estado,1977-01-01,2,False,True,False,False,True,2.29,2024-12-30,80-120,3334.87
3040,Valencia,Benimaclet,Venta,Ático,,,3.0,3.0,A reformar,2005-01-01,Ático,True,False,False,False,True,2.57,2025-03-09,,
3041,Valencia,Campanar,Venta,Piso,221173.0,79.7,2.0,1.0,Buen estado,1974-01-01,9,True,False,True,False,True,6.01,2025-01-31,40-80,2775.07
3042,Valencia,Ruzafa,Venta,Piso,316473.0,118.7,3.0,2.0,Buen estado,1999-01-01,6,True,True,False,False,False,3.96,2025-03-27,80-120,2666.16
3043,Valencia,El Carmen,Venta,Piso,219941.0,63.4,2.0,1.0,Buen estado,1974-01-01,8,True,False,False,True,False,7.64,2024-11-21,40-80,3469.1
3044,Valencia,Ruzafa,Venta,Ático,177927.0,79.5,2.0,1.0,Buen estado,1979-01-01,Ático,False,True,True,True,False,7.02,2025-03-26,40-80,2238.08
3045,Valencia,Ruzafa,Venta,Piso,141233.0,46.0,2.0,1.0,Buen estado,1992-01-01,8,True,True,True,False,False,5.77,2024-10-30,40-80,3070.28
3046,Valencia,El Carmen,Venta,Piso,304499.0,109.6,3.0,2.0,Buen estado,1973-01-01,8,False,False,True,False,False,6.5,,80-120,2778.28
3047,Valencia,Campanar,Alquiler,Piso,308425.0,99.8,3.0,2.0,Buen estado,1967-01-01,2,True,True,False,True,False,6.03,2024-11-06,80-120,3090.43
3048,Valencia,Ruzafa,Alquiler,Piso,211338.0,75.1,2.0,1.0,Obra nueva,2022-01-01,8,True,True,True,False,False,2.77,2025-03-18,40-80,2814.09
3049,Valencia,Campanar,Alquiler,Piso,333648.0,75.6,2.0,1.0,Buen estado,1979-01-01,1,True,True,False,False,False,3.92,2025-02-25,40-80,4413.33
3050,Valencia,Benimaclet,Alquiler,Piso,332739.0,105.5,3.0,2.0,Buen estado,1971-01-01,1,False,True,False,False,True,4.35,2025-02-01,80-120,3153.92
3051,Valencia,Ensanche,Venta,Piso,375882.0,106.3,3.0,2.0,Buen estado,2006-01-01,7,False,False,False,True,False,5.38,2025-02-15,80-120,3536.05
3052,Valencia,Ensanche,Venta,Piso,232732.0,83.9,3.0,2.0,Buen estado,1974-01-01,Bajo,False,False,False,False,True,5.0,2024-12-14,80-120,2773.92
3053,Valencia,Campanar,Venta,Piso,194342.0,60.7,2.0,1.0,Buen estado,1957-01-01,1,False,True,False,True,False,4.55,2024-11-24,40-80,3201.68
3054,Valencia,El Carmen,Venta,Piso,435887.0,95.9,3.0,2.0,Buen estado,1984-01-01,1,True,True,True,True,True,2.95,2025-03-23,80-120,4545.22
3055,Valencia,Ruzafa,Alquiler,Piso,164244.0,80.3,3.0,2.0,Buen estado,1975-01-01,9,True,True,True,True,False,7.54,2024-12-17,80-120,2045.38
3056,Valencia,El Carmen,Venta,Piso,184756.0,74.1,2.0,1.0,Reformado,1994-01-01,2,False,False,False,False,True,,2025-02-04,40-80,2493.33
3057,Valencia,Benimaclet,Venta,Piso,163655.0,67.6,2.0,1.0,Reformado,1993-01-01,7,True,False,False,False,False,3.36,2025-03-28,40-80,2420.93
3058,Valencia,Ruzafa,Venta,Piso,,95.4,3.0,2.0,Buen estado,1983-01-01,1,True,True,False,False,False,5.4,2024-12-14,80-120,
3059,Valencia,Ruzafa,Alquiler,Piso,181127.0,66.0,2.0,1.0,Buen estado,2003-01-01,Bajo,True,True,False,True,False,3.33,2025-02-12,40-80,2744.35
3060,Valencia,Campanar,Venta,Piso,247626.0,59.4,2.0,1.0,Buen estado,1987-01-01,8,True,True,False,False,False,4.57,,40-80,4168.79
3061,Valencia,El Carmen,Venta,Piso,225153.0,72.0,2.0,1.0,Buen estado,1991-01-01,7,True,True,False,False,False,4.34,2025-03-06,40-80,3127.12
3062,Valencia,Benimaclet,Venta,Piso,255577.0,88.2,3.0,2.0,Reformado,2000-01-01,6,True,False,False,False,False,6.09,2025-04-06,80-120,2897.7
3063,Valencia,Ensanche,Alquiler,Piso,227232.0,71.4,2.0,1.0,Buen estado,1985-01-01,4,True,False,False,True,False,4.73,2025-03-14,40-80,3182.52
3064,Valencia,Benimaclet,Venta,Piso,278506.0,94.4,3.0,2.0,Buen estado,1957-01-01,1,True,True,False,False,False,4.09,2025-01-30,80-120,2950.28
3065,Valencia,Ruzafa,Venta,Piso,155731.0,57.9,2.0,1.0,Buen estado,1990-01-01,2,False,True,False,False,False,4.0,2025-01-08,40-80,2689.65
3066,Valencia,Campanar,Alquiler,Piso,260270.0,82.1,3.0,2.0,Buen estado,1968-01-01,8,True,False,False,True,True,5.38,2025-02-25,80-120,3170.16
3067,Valencia,El Carmen,Venta,Piso,394278.0,107.4,3.0,2.0,A reformar,1962-01-01,3,True,False,False,True,False,3.51,2024-12-16,80-120,3671.12
3068,Valencia,Campanar,Venta,Piso,229657.0,75.4,2.0,1.0,Buen estado,1994-01-01,Bajo,True,True,False,False,True,4.86,2025-01-28,40-80,3045.85
3069,Valencia,El Carmen,Alquiler,Piso,288653.0,91.0,3.0,2.0,Buen estado,1968-01-01,8,False,False,False,True,False,7.16,2025-01-30,80-120,3172.01
3070,Valencia,Campanar,Venta,Piso,248738.0,93.5,3.0,2.0,Buen estado,1973-01-01,1,True,False,False,False,False,3.83,2024-10-31,80-120,2660.3
3071,Valencia,Ensanche,Venta,Piso,,73.5,2.0,1.0,Buen estado,1963-01-01,3,True,False,False,True,False,3.98,2025-01-08,40-80,
3072,Valencia,Campanar,Venta,Piso,380306.0,91.0,3.0,2.0,Obra nueva,2019-01-01,6,False,True,True,True,True,3.05,2024-11-05,80-120,4179.19
3073,Valencia,El Carmen,Venta,Sin_clasificar,,,7.0,1.0,Reformado,1977-01-01,5,False,False,False,True,False,7.7,,,
3074,Valencia,El Carmen,Venta,Piso,229249.0,85.4,3.0,2.0,Buen estado,2009-01-01,1,True,False,False,False,False,2.23,2025-01-19,80-120,2684.41
3075,Valencia,Ensanche,Alquiler,Piso,277771.0,92.0,3.0,2.0,Reformado,1966-01-01,5,False,False,False,False,False,6.97,2024-12-19,80-120,3019.25
3076,Valencia,Ensanche,Venta,Piso,257139.0,61.3,2.0,1.0,Buen estado,1966-01-01,6,False,False,False,False,False,5.28,2024-12-29,40-80,4194.76
3077,Valencia,Ruzafa,Alquiler,Piso,225026.0,70.1,2.0,1.0,Buen estado,1962-01-01,9,False,True,False,True,True,6.81,2025-01-23,40-80,3210.07
3078,Valencia,Benimaclet,Alquiler,Piso,217919.0,71.7,2.0,1.0,Obra nueva,2023-01-01,1,True,True,False,False,False,5.94,2025-02-18,40-80,3039.32
3079,Valencia,El Carmen,Alquiler,Piso,,112.1,3.0,2.0,Buen estado,2001-01-01,8,True,False,True,False,False,3.82,2025-03-19,80-120,
3080,Valencia,Ruzafa,Venta,Piso,184621.0,58.4,2.0,1.0,Obra nueva,2021-01-01,7,True,True,False,True,True,2.97,2025-02-27,40-80,3161.32
3081,Valencia,El Carmen,Venta,Sin_clasificar,,,3.0,1.0,Buen estado,1992-01-01,8,True,False,True,True,False,4.61,,,
3082,Valencia,El Carmen,Alquiler,Ático,316478.0,123.6,4.0,2.0,Reformado,1969-01-01,Ático,False,False,False,False,False,3.9,2025-01-13,120-160,2560.5
3083,Valencia,Ensanche,Venta,Piso,297337.0,78.6,2.0,1.0,Buen estado,2005-01-01,3,True,False,False,False,True,4.61,2025-04-05,40-80,3782.91
3084,Valencia,Campanar,Venta,Piso,144563.0,52.4,2.0,1.0,Buen estado,1989-01-01,8,False,False,False,False,True,2.93,2025-01-14,40-80,2758.84
3085,Valencia,Campanar,Venta,Piso,174887.0,55.9,2.0,1.0,Buen estado,1977-01-01,5,True,False,False,False,False,6.4,2025-03-08,40-80,3128.57
3086,Valencia,Ensanche,Alquiler,Estudio,83232.0,30.0,0.0,1.0,Buen estado,1961-01-01,1,True,False,False,False,False,,2025-03-15,0-40,2774.4
3087,Valencia,El Carmen,Alquiler,Ático,538420.0,188.65,5.0,3.0,Buen estado,1982-01-01,Ático,True,False,False,False,True,3.7,2025-02-08,160-200,2854.07
3088,Valencia,Ensanche,Venta,Piso,194127.0,60.2,2.0,1.0,Reformado,1979-01-01,Bajo,True,False,False,False,True,7.5,2025-01-06,40-80,3224.7
3089,Valencia,Ruzafa,Venta,Piso,198614.0,76.9,2.0,1.0,Buen estado,1980-01-01,Bajo,True,False,False,True,False,4.56,2024-12-06,40-80,2582.76
3090,Valencia,Campanar,Venta,Piso,263648.0,80.6,3.0,2.0,Obra nueva,2019-01-01,6,False,True,False,True,True,4.81,2024-12-28,80-120,3271.07
3091,Valencia,El Carmen,Venta,Piso,343622.0,109.5,3.0,2.0,Buen estado,1989-01-01,8,True,True,True,True,True,6.49,2025-03-06,80-120,3138.1
3092,Valencia,Ensanche,Venta,Piso,344498.0,115.2,3.0,2.0,Buen estado,1976-01-01,Bajo,True,True,False,False,False,3.93,2024-10-21,80-120,2990.43
3093,Valencia,Ruzafa,Venta,Piso,208591.0,79.8,2.0,1.0,Buen estado,1978-01-01,2,False,True,True,False,True,,2024-12-24,40-80,2613.92
3094,Valencia,Campanar,Alquiler,Piso,203243.0,73.5,2.0,1.0,Buen estado,2000-01-01,6,True,True,False,True,False,6.41,2025-01-13,40-80,2765.21
3095,Valencia,Ensanche,Alquiler,Piso,152838.0,68.7,2.0,1.0,Buen estado,1978-01-01,6,False,True,False,False,False,,2025-01-27,40-80,2224.72
3096,Valencia,Benimaclet,Venta,Piso,224558.0,85.6,3.0,2.0,Buen estado,1979-01-01,2,True,False,False,False,False,2.9,2024-10-12,80-120,2623.34
3097,Valencia,Ensanche,Venta,Piso,349688.0,96.6,3.0,2.0,Buen estado,1981-01-01,7,False,False,False,False,True,3.15,2025-01-04,80-120,3619.96
3098,Valencia,Campanar,Alquiler,Piso,691477.0,97.5,3.0,2.0,Obra nueva,2020-01-01,5,True,False,True,True,True,4.22,2024-12-04,80-120,7092.07
3099,Valencia,El Carmen,Alquiler,Piso,403172.0,108.1,3.0,2.0,Buen estado,1980-01-01,2,False,False,False,True,False,1.98,2024-12-10,80-120,3729.62
3100,Valencia,Ensanche,Venta,Piso,354037.0,120.3,4.0,2.0,Buen estado,1961-01-01,2,True,True,False,False,False,4.29,2025-03-20,120-160,2942.95
3101,Valencia,El Carmen,Alquiler,Piso,407153.0,58.6,2.0,1.0,Buen estado,1980-01-01,1,True,True,True,True,False,4.07,2025-01-18,40-80,6948.0
3102,Valencia,Ensanche,Venta,Piso,198841.0,59.4,2.0,1.0,Reformado,1986-01-01,Bajo,True,False,False,True,True,4.17,2025-04-04,40-80,3347.49
3103,Valencia,Benimaclet,Venta,Piso,314305.0,87.8,3.0,2.0,Buen estado,1964-01-01,4,False,True,False,True,True,6.23,2024-11-24,80-120,3579.78
3104,Valencia,Benimaclet,Venta,Piso,251882.0,77.6,2.0,1.0,Buen estado,1976-01-01,7,True,True,False,True,False,4.59,2024-12-27,40-80,3245.9
3105,Valencia,Benimaclet,Venta,Piso,95659.0,46.4,2.0,1.0,Buen estado,1984-01-01,Bajo,True,True,False,False,False,6.08,2024-11-04,40-80,2061.62
3106,Valencia,Ruzafa,Venta,Sin_clasificar,,,1.0,1.0,Buen estado,1976-01-01,5,True,True,True,True,False,5.71,2025-02-14,,
3107,Valencia,Ensanche,Venta,Sin_clasificar,,,,1.0,Buen estado,1979-01-01,Bajo,True,False,False,False,False,5.19,2024-10-10,,
3108,Valencia,Campanar,Venta,Piso,261140.0,88.7,3.0,2.0,Buen estado,2011-01-01,6,False,True,False,False,True,5.58,2025-02-09,80-120,2944.08
3109,Valencia,Benimaclet,Alquiler,Piso,,65.9,2.0,1.0,Reformado,1976-01-01,2,False,True,False,False,False,7.89,2025-03-05,40-80,
3110,Valencia,Campanar,Alquiler,Piso,188012.0,64.3,2.0,1.0,Reformado,1994-01-01,Bajo,False,True,False,False,True,5.02,,40-80,2923.98
3111,Valencia,Benimaclet,Venta,Ático,264762.0,116.5,3.0,2.0,Obra nueva,2019-01-01,Ático,True,True,True,True,False,3.62,2025-01-25,80-120,2272.64
3112,Valencia,Ruzafa,Venta,Piso,301092.0,93.3,3.0,2.0,Buen estado,2007-01-01,3,True,False,True,False,True,4.82,2025-02-21,80-120,3227.14
3113,Valencia,Ensanche,Venta,Piso,247962.0,96.0,3.0,2.0,Buen estado,1979-01-01,3,True,True,True,False,False,2.79,2025-01-27,80-120,2582.94
3114,Valencia,Ensanche,Venta,Piso,247747.0,93.1,3.0,2.0,Reformado,1997-01-01,8,False,False,False,True,False,4.93,2024-10-21,80-120,2661.08
3115,Valencia,Benimaclet,Venta,Piso,157816.0,57.3,2.0,1.0,Buen estado,1982-01-01,5,True,False,False,False,False,4.97,2024-12-15,40-80,2754.21
3116,Valencia,Campanar,Venta,Piso,326898.0,89.9,3.0,2.0,Buen estado,1965-01-01,3,False,True,False,True,False,2.52,2025-02-14,80-120,3636.24
3117,Valencia,Ensanche,Alquiler,Piso,169463.0,54.5,2.0,1.0,Obra nueva,2020-01-01,Bajo,True,True,True,False,True,,2024-10-17,40-80,3109.41
3118,Valencia,Benimaclet,Venta,Piso,263686.0,68.1,2.0,1.0,Buen estado,2000-01-01,7,False,True,False,True,False,6.1,2025-01-03,40-80,3872.04
3119,Valencia,El Carmen,Alquiler,Piso,197902.0,83.2,3.0,2.0,Buen estado,1983-01-01,2,False,True,False,False,True,6.62,2024-11-27,80-120,2378.63
3120,Valencia,El Carmen,Alquiler,Piso,193803.0,83.2,3.0,2.0,Buen estado,1988-01-01,8,True,False,False,True,False,5.44,2025-03-15,80-120,2329.36
3121,Valencia,Benimaclet,Venta,Piso,280032.0,95.1,3.0,2.0,Obra nueva,2018-01-01,7,True,True,True,True,True,3.92,2025-01-29,80-120,2944.61
3122,Valencia,Benimaclet,Alquiler,Ático,187799.0,78.5,2.0,1.0,Buen estado,1992-01-01,Ático,True,True,False,False,False,6.05,,40-80,2392.34
3123,Valencia,El Carmen,Venta,Piso,385152.0,115.2,3.0,2.0,Reformado,1982-01-01,8,False,True,True,False,True,2.96,2025-02-23,80-120,3343.33
3124,Valencia,Benimaclet,Venta,Piso,,54.7,2.0,1.0,Reformado,1993-01-01,5,False,False,False,True,False,4.07,2024-10-12,40-80,
3125,Valencia,Campanar,Venta,Piso,298948.0,89.0,3.0,2.0,Buen estado,2005-01-01,6,False,False,False,False,False,5.2,2024-12-11,80-120,3358.97
3126,Valencia,Ruzafa,Venta,Piso,299411.0,82.3,3.0,2.0,Buen estado,1978-01-01,6,True,True,False,False,False,4.29,2025-03-13,80-120,3638.04
3127,Valencia,El Carmen,Venta,Piso,181710.0,55.4,2.0,1.0,Obra nueva,2020-01-01,9,True,True,True,True,True,4.27,2024-12-06,40-80,3279.96
3128,Valencia,Ensanche,Alquiler,Ático,219983.0,56.5,2.0,1.0,Buen estado,1997-01-01,Ático,True,False,True,True,False,4.87,2024-11-04,40-80,3893.5
3129,Valencia,Campanar,Venta,Piso,119216.0,50.5,2.0,1.0,Buen estado,1986-01-01,8,True,True,True,True,False,2.0,2024-12-21,40-80,2360.71
3130,Valencia,Campanar,Alquiler,Piso,262614.0,85.1,3.0,2.0,Buen estado,2007-01-01,2,True,False,False,True,True,5.67,2024-12-19,80-120,3085.95
3131,Valencia,Ensanche,Venta,Piso,181017.0,70.5,2.0,1.0,Buen estado,1978-01-01,4,False,False,False,False,False,7.33,2025-01-26,40-80,2567.62
3132,Valencia,Ruzafa,Alquiler,Piso,146498.0,51.3,2.0,1.0,Buen estado,1999-01-01,5,True,True,True,False,True,6.09,2025-04-03,40-80,2855.71
3133,Valencia,Ruzafa,Venta,Piso,195744.0,80.1,3.0,2.0,Buen estado,1988-01-01,8,True,False,False,False,False,2.47,2024-11-05,80-120,2443.75
3134,Valencia,Ruzafa,Venta,Ático,,100.6,3.0,2.0,Reformado,1969-01-01,Ático,False,False,False,False,False,5.89,2024-12-30,80-120,
3135,Valencia,El Carmen,Venta,Piso,253600.0,94.4,3.0,2.0,Buen estado,1948-01-01,8,True,False,True,False,True,7.26,2025-02-17,80-120,2686.44
3136,Valencia,Ensanche,Alquiler,Piso,,88.5,3.0,2.0,Obra nueva,2022-01-01,9,False,True,False,False,False,2.38,2025-01-25,80-120,
3137,Valencia,Campanar,Venta,Estudio,73341.0,33.9,0.0,1.0,Reformado,2006-01-01,9,False,False,True,False,False,5.72,2024-10-24,0-40,2163.45
3138,Valencia,Ensanche,Alquiler,Piso,264009.0,90.4,3.0,2.0,Buen estado,1986-01-01,2,True,True,False,False,False,6.34,2025-02-08,80-120,2920.45
3139,Valencia,Ruzafa,Venta,Piso,259760.0,81.7,3.0,2.0,Buen estado,2004-01-01,6,False,False,False,False,False,4.16,2024-12-07,80-120,3179.44
3140,Valencia,Ruzafa,Alquiler,Piso,198302.0,77.2,2.0,1.0,A reformar,1965-01-01,8,True,True,False,False,False,5.06,2025-01-14,40-80,2568.68
3141,Valencia,Ensanche,Venta,Piso,366248.0,105.0,3.0,2.0,Buen estado,1982-01-01,8,True,False,False,False,True,4.35,2025-03-24,80-120,3488.08
3142,Valencia,El Carmen,Venta,Piso,420357.0,99.4,3.0,2.0,Buen estado,2004-01-01,9,True,False,False,False,True,5.46,2024-11-04,80-120,4228.94
3143,Valencia,El Carmen,Alquiler,Piso,331131.0,103.2,3.0,2.0,Buen estado,2002-01-01,7,True,False,False,True,True,,2024-10-16,80-120,3208.63
3144,Valencia,Benimaclet,Alquiler,Piso,149395.0,58.5,2.0,1.0,Reformado,1991-01-01,3,False,False,False,True,False,5.7,2024-11-22,40-80,2553.76
3145,Valencia,Campanar,Alquiler,Piso,209459.0,75.7,2.0,1.0,Obra nueva,2022-01-01,3,True,True,True,True,True,6.22,2024-11-20,40-80,2766.96
3146,Valencia,El Carmen,Venta,Piso,215690.0,81.9,3.0,2.0,Buen estado,1976-01-01,3,False,False,False,False,True,6.61,2024-11-22,80-120,2633.58
3147,Valencia,Ruzafa,Venta,Sin_clasificar,,,2.0,2.0,Buen estado,1979-01-01,6,True,True,False,False,False,4.73,2025-01-14,,
3148,Valencia,Ruzafa,Venta,Ático,188891.0,58.9,2.0,1.0,Obra nueva,2022-01-01,Ático,True,True,True,False,True,6.05,2025-02-28,40-80,3206.98
3149,Valencia,Benimaclet,Alquiler,Piso,236672.0,74.6,2.0,1.0,Buen estado,1991-01-01,4,False,False,False,True,False,7.77,2024-11-26,40-80,3172.55
3150,Valencia,Ensanche,Venta,Piso,212614.0,68.8,2.0,1.0,Buen estado,1979-01-01,3,True,False,False,False,True,3.23,2025-02-27,40-80,3090.32
3151,Valencia,Ensanche,Alquiler,Piso,125477.0,45.7,2.0,1.0,Buen estado,1976-01-01,1,True,True,False,True,False,5.91,2025-03-08,40-80,2745.67
3152,Valencia,Campanar,Alquiler,Piso,163388.0,92.8,3.0,2.0,Buen estado,1967-01-01,8,True,False,False,True,False,7.54,2025-03-22,80-120,1760.65
3153,Valencia,El Carmen,Venta,Piso,290956.0,92.9,3.0,2.0,Reformado,1993-01-01,9,False,False,False,False,True,5.95,2024-12-28,80-120,3131.93
3154,Valencia,Ruzafa,Venta,Piso,185535.0,74.1,2.0,1.0,Obra nueva,2018-01-01,7,True,True,True,False,True,3.27,2025-01-20,40-80,2503.85
3155,Valencia,El Carmen,Venta,Sin_clasificar,,,2.0,,Buen estado,2004-01-01,5,False,True,True,False,False,2.57,,,
3156,Valencia,Benimaclet,Venta,Piso,263079.0,75.3,2.0,1.0,Buen estado,1990-01-01,Bajo,False,False,False,True,False,6.24,2025-01-28,40-80,3493.75
3157,Valencia,Benimaclet,Alquiler,Piso,,81.1,3.0,2.0,Buen estado,2002-01-01,1,False,False,False,True,True,3.6,2024-10-27,80-120,
3158,Valencia,Ruzafa,Alquiler,Piso,174580.0,71.2,2.0,1.0,Buen estado,2018-01-01,1,True,False,True,True,False,3.49,2024-11-01,40-80,2451.97
3159,Valencia,El Carmen,Alquiler,Piso,269125.0,94.2,3.0,2.0,Buen estado,1974-01-01,5,False,False,False,True,True,5.35,2024-11-03,80-120,2856.95
3160,Valencia,Benimaclet,Venta,Piso,207153.0,81.0,3.0,2.0,Buen estado,1980-01-01,9,False,False,True,True,False,,2025-02-06,80-120,2557.44
3161,Valencia,Ruzafa,Venta,Estudio,93575.0,34.0,0.0,1.0,Obra nueva,2019-01-01,6,True,True,True,False,False,6.94,2025-01-24,0-40,2752.21
3162,Valencia,Campanar,Venta,Piso,204944.0,57.0,2.0,1.0,Buen estado,1992-01-01,9,False,False,False,True,True,3.44,2025-03-02,40-80,3595.51
3163,Valencia,Campanar,Venta,Piso,268384.0,99.8,3.0,2.0,Buen estado,1984-01-01,Bajo,True,True,False,True,True,6.33,2025-02-21,80-120,2689.22
3164,Valencia,El Carmen,Venta,Ático,295729.0,85.0,3.0,2.0,Buen estado,1981-01-01,Ático,False,True,False,True,False,5.41,2025-03-02,80-120,3479.16
3165,Valencia,Ruzafa,Venta,Piso,,90.5,3.0,2.0,Buen estado,1968-01-01,7,False,False,True,True,True,5.25,,80-120,
3166,Valencia,Ruzafa,Venta,Piso,231279.0,73.8,2.0,1.0,Buen estado,1969-01-01,2,True,False,False,True,True,7.09,2025-01-09,40-80,3133.86
3167,Valencia,Benimaclet,Alquiler,Sin_clasificar,,,2.0,1.0,Reformado,1967-01-01,Bajo,False,False,False,False,False,4.59,2025-04-04,,
3168,Valencia,Campanar,Venta,Piso,164619.0,56.9,2.0,1.0,Buen estado,1957-01-01,6,True,False,False,True,True,3.89,2025-04-06,40-80,2893.13
3169,Valencia,Ensanche,Venta,Piso,265555.0,95.1,3.0,2.0,Buen estado,1982-01-01,8,True,True,True,True,False,5.23,2024-11-25,80-120,2792.38
3170,Valencia,Benimaclet,Venta,Piso,273529.0,87.3,3.0,2.0,Buen estado,2002-01-01,Bajo,True,False,False,False,False,5.56,2025-03-04,80-120,3133.21
3171,Valencia,Ensanche,Alquiler,Piso,202511.0,77.4,2.0,1.0,Obra nueva,2020-01-01,5,True,True,True,True,True,4.2,2025-02-16,40-80,2616.42
3172,Valencia,Ensanche,Alquiler,Piso,219381.0,86.8,3.0,2.0,Buen estado,1966-01-01,4,True,False,False,False,True,4.89,2025-04-07,80-120,2527.43
3173,Valencia,Ruzafa,Venta,Piso,,68.2,2.0,1.0,Buen estado,1989-01-01,9,False,False,False,False,False,5.91,2024-11-25,40-80,
3174,Valencia,Ruzafa,Venta,Piso,192727.0,59.7,2.0,1.0,Obra nueva,2022-01-01,2,True,False,True,False,False,4.1,2024-12-19,40-80,3228.26
3175,Valencia,Ruzafa,Venta,Piso,170088.0,60.7,2.0,1.0,Reformado,1984-01-01,6,True,False,True,False,False,3.24,2024-12-16,40-80,2802.11
3176,Valencia,El Carmen,Venta,Estudio,87409.0,31.0,0.0,1.0,Buen estado,1985-01-01,8,True,True,False,True,True,6.68,2025-03-08,0-40,2819.65
3177,Valencia,Ruzafa,Venta,Piso,231165.0,65.2,2.0,1.0,Reformado,1982-01-01,4,False,True,False,True,False,4.93,2025-01-10,40-80,3545.48
3178,Valencia,Ensanche,Alquiler,Ático,,,2.0,1.0,Buen estado,2004-01-01,Ático,True,True,False,False,False,5.93,2024-12-23,,
3179,Valencia,Ensanche,Venta,Piso,174766.0,84.8,3.0,2.0,Buen estado,1990-01-01,8,True,False,True,False,False,4.75,2024-11-10,80-120,2060.92
3180,Valencia,Ruzafa,Alquiler,Piso,473572.0,117.2,3.0,2.0,Obra nueva,2020-01-01,7,True,True,False,False,True,3.49,2024-10-09,80-120,4040.72
3181,Valencia,Campanar,Venta,Piso,167841.0,68.7,2.0,1.0,Buen estado,1989-01-01,6,True,True,False,True,False,4.33,2024-12-04,40-80,2443.1
3182,Valencia,Ensanche,Venta,Piso,,80.0,3.0,2.0,Buen estado,1960-01-01,3,False,False,False,False,True,5.13,2024-11-12,80-120,
3183,Valencia,Ensanche,Alquiler,Piso,290693.0,98.5,3.0,2.0,Buen estado,1983-01-01,2,True,False,True,True,False,7.56,2025-03-01,80-120,2951.2
3184,Valencia,Campanar,Venta,Sin_clasificar,,,5.0,2.0,Obra nueva,2018-01-01,Bajo,True,False,False,True,False,5.39,,,
3185,Valencia,Benimaclet,Venta,Piso,272564.0,99.4,3.0,2.0,Obra nueva,2019-01-01,2,True,True,False,True,True,5.67,2025-04-03,80-120,2742.09
3186,Valencia,Ensanche,Alquiler,Piso,221943.0,77.5,2.0,1.0,Buen estado,2013-01-01,6,True,True,True,False,False,4.89,2024-10-27,40-80,2863.78
3187,Valencia,Benimaclet,Alquiler,Piso,163575.0,85.3,3.0,2.0,Reformado,1967-01-01,5,True,False,False,False,True,6.09,2024-10-10,80-120,1917.64
3188,Valencia,Benimaclet,Venta,Ático,213639.0,58.2,2.0,1.0,Reformado,1960-01-01,Ático,False,True,True,False,False,3.62,2025-04-05,40-80,3670.77
3189,Valencia,Ruzafa,Venta,Piso,317317.0,87.5,3.0,2.0,A reformar,1971-01-01,9,False,True,True,False,False,5.36,2024-11-23,80-120,3626.48
3190,Valencia,Benimaclet,Alquiler,Piso,328801.0,125.5,4.0,2.0,Obra nueva,2018-01-01,5,True,True,False,True,False,5.11,2024-11-25,120-160,2619.93
3191,Valencia,Benimaclet,Venta,Piso,185769.0,78.6,2.0,1.0,Obra nueva,2019-01-01,7,True,True,False,True,False,5.26,2024-10-22,40-80,2363.47
3192,Valencia,Campanar,Venta,Piso,309409.0,70.8,2.0,1.0,Buen estado,2004-01-01,6,False,True,True,True,False,4.88,2025-03-09,40-80,4370.18
3193,Valencia,Ensanche,Venta,Ático,224869.0,68.0,2.0,1.0,Buen estado,1980-01-01,Ático,False,True,False,True,True,5.77,2024-10-31,40-80,3306.9
3194,Valencia,Campanar,Venta,Piso,370518.0,108.3,3.0,2.0,Obra nueva,2023-01-01,4,True,True,False,False,False,4.38,2024-12-06,80-120,3421.22
3195,Valencia,El Carmen,Alquiler,Piso,333968.0,93.9,3.0,2.0,Buen estado,1969-01-01,8,False,False,True,False,True,6.42,2025-03-04,80-120,3556.63
3196,Valencia,El Carmen,Alquiler,Piso,256544.0,83.4,3.0,2.0,Buen estado,1985-01-01,4,False,False,False,False,True,2.61,2024-12-19,80-120,3076.07
3197,Valencia,Benimaclet,Alquiler,Piso,262909.0,90.2,3.0,2.0,Obra nueva,2022-01-01,8,True,True,False,True,False,5.77,2024-11-14,80-120,2914.73
3198,Valencia,Benimaclet,Venta,Piso,350617.0,112.4,3.0,2.0,Buen estado,1969-01-01,3,True,False,True,True,True,3.94,2024-10-27,80-120,3119.37
3199,Valencia,Ruzafa,Venta,Piso,158425.0,69.2,2.0,1.0,Buen estado,1993-01-01,8,False,True,True,True,True,5.17,2025-03-27,40-80,2289.38
3200,Valencia,Campanar,Venta,Piso,192134.0,75.4,2.0,1.0,Buen estado,1991-01-01,4,True,False,False,True,True,4.28,2024-12-02,40-80,2548.2
3201,Valencia,Ensanche,Venta,Piso,319178.0,101.0,3.0,2.0,Reformado,2019-01-01,3,True,False,False,False,True,5.34,2025-01-03,80-120,3160.18
3202,Valencia,El Carmen,Venta,Piso,240507.0,113.3,3.0,2.0,Reformado,1981-01-01,8,True,True,False,True,False,3.36,2025-01-28,80-120,2122.74
3203,Valencia,Ruzafa,Alquiler,Piso,315679.0,81.9,3.0,2.0,Buen estado,1979-01-01,3,False,True,True,False,False,3.86,2024-12-12,80-120,3854.44
3204,Valencia,Ensanche,Alquiler,Piso,309982.0,113.0,3.0,2.0,Buen estado,1976-01-01,2,True,False,False,False,False,5.48,2024-12-29,80-120,2743.2
3205,Valencia,El Carmen,Venta,Piso,319876.0,99.4,3.0,2.0,Reformado,1980-01-01,4,True,True,False,True,True,6.11,2025-01-20,80-120,3218.07
3206,Valencia,El Carmen,Venta,Piso,260407.0,68.5,2.0,1.0,Buen estado,1955-01-01,7,False,True,False,True,False,6.32,2024-12-18,40-80,3801.56
3207,Valencia,Ruzafa,Venta,Piso,306318.0,82.3,3.0,2.0,Buen estado,1993-01-01,1,False,False,False,False,True,4.64,2025-01-10,80-120,3721.97
3208,Valencia,Benimaclet,Venta,Piso,124804.0,44.2,2.0,1.0,Obra nueva,2018-01-01,9,True,False,True,True,True,6.7,2024-10-17,40-80,2823.62
3209,Valencia,Campanar,Alquiler,Piso,294693.0,90.3,3.0,2.0,Buen estado,2000-01-01,Bajo,False,True,False,False,False,4.29,2025-02-12,80-120,3263.49
3210,Valencia,Ensanche,Alquiler,Piso,290349.0,80.2,3.0,2.0,Buen estado,2002-01-01,3,False,False,True,False,True,5.66,,80-120,3620.31
3211,Valencia,Ruzafa,Alquiler,Piso,224032.0,89.9,3.0,2.0,Buen estado,1964-01-01,6,True,True,False,False,True,,2024-11-02,80-120,2492.01
3212,Valencia,Campanar,Alquiler,Piso,306208.0,87.3,3.0,2.0,Buen estado,1980-01-01,4,False,False,False,True,True,2.53,2025-04-07,80-120,3507.54
3213,Valencia,Benimaclet,Venta,Ático,282492.0,83.2,3.0,2.0,Obra nueva,2019-01-01,Ático,True,True,False,True,False,3.28,2024-10-15,80-120,3395.34
3214,Valencia,Benimaclet,Alquiler,Piso,212814.0,82.6,3.0,2.0,Buen estado,1981-01-01,4,False,True,False,False,False,2.02,2025-04-05,80-120,2576.44
3215,Valencia,Ruzafa,Venta,Ático,190387.0,66.7,2.0,1.0,Reformado,2002-01-01,Ático,False,True,True,False,False,3.4,2024-11-12,40-80,2854.38
3216,Valencia,El Carmen,Venta,Piso,338062.0,102.5,3.0,2.0,Obra nueva,2022-01-01,5,True,True,False,True,False,4.44,2024-10-24,80-120,3298.17
3217,Valencia,Ruzafa,Venta,Piso,216980.0,73.2,2.0,1.0,Obra nueva,2018-01-01,1,True,True,False,True,True,2.92,2024-12-29,40-80,2964.21
3218,Valencia,Ruzafa,Venta,Piso,169111.0,72.2,2.0,1.0,Reformado,2005-01-01,5,True,True,False,False,True,5.19,2025-03-25,40-80,2342.26
3219,Valencia,Campanar,Venta,Piso,234213.0,87.3,3.0,2.0,Buen estado,1985-01-01,Bajo,True,True,True,False,False,6.26,2025-01-29,80-120,2682.85
3220,Valencia,Ensanche,Venta,Sin_clasificar,,,1.0,1.0,Buen estado,1987-01-01,7,True,False,True,False,False,5.83,2025-04-07,,
3221,Valencia,El Carmen,Alquiler,Piso,212359.0,68.8,2.0,1.0,Buen estado,1968-01-01,5,True,True,True,False,True,5.37,2025-03-09,40-80,3086.61
3222,Valencia,Ensanche,Venta,Piso,319408.0,84.7,3.0,2.0,Buen estado,1996-01-01,1,True,True,False,False,False,6.61,2024-10-21,80-120,3771.05
3223,Valencia,Ruzafa,Alquiler,Piso,194214.0,95.0,3.0,2.0,Buen estado,1982-01-01,3,False,True,True,False,True,4.39,2024-12-25,80-120,2044.36
3224,Valencia,Ruzafa,Venta,Piso,307269.0,99.6,3.0,2.0,Buen estado,1967-01-01,4,False,False,False,True,True,2.94,2025-01-06,80-120,3085.03
3225,Valencia,El Carmen,Alquiler,Piso,422683.0,168.92,5.0,3.0,Buen estado,1978-01-01,8,True,True,False,True,False,6.91,2025-03-14,160-200,2502.27
3226,Valencia,Ensanche,Venta,Piso,181353.0,69.1,2.0,1.0,Buen estado,2009-01-01,1,True,True,False,False,False,7.43,2024-12-04,40-80,2624.5
3227,Valencia,Ensanche,Alquiler,Piso,230105.0,106.8,3.0,2.0,Buen estado,1988-01-01,8,True,True,False,False,True,3.28,2025-01-08,80-120,2154.54
3228,Valencia,Ensanche,Alquiler,Piso,294607.0,91.8,3.0,2.0,Buen estado,1990-01-01,9,True,False,False,True,True,6.06,2025-01-04,80-120,3209.23
3229,Valencia,El Carmen,Venta,Piso,327575.0,83.2,3.0,2.0,Buen estado,1946-01-01,6,True,True,False,False,False,5.94,2025-02-10,80-120,3937.2
3230,Valencia,Campanar,Alquiler,Piso,257403.0,93.8,3.0,2.0,Buen estado,1977-01-01,9,False,True,False,False,True,,2025-01-26,80-120,2744.17
3231,Valencia,Campanar,Venta,Piso,321392.0,98.2,3.0,2.0,Obra nueva,2021-01-01,4,True,True,True,False,False,3.54,2024-10-20,80-120,3272.83
3232,Valencia,El Carmen,Alquiler,Piso,193022.0,72.4,2.0,1.0,Buen estado,1985-01-01,2,True,True,False,True,False,2.79,2024-12-03,40-80,2666.05
3233,Valencia,El Carmen,Venta,Piso,366178.0,112.4,3.0,2.0,Buen estado,2003-01-01,5,True,True,True,False,False,3.3,2024-12-05,80-120,3257.81
3234,Valencia,Ruzafa,Venta,Piso,162422.0,54.7,2.0,1.0,Buen estado,2008-01-01,2,True,True,False,True,False,6.49,2025-01-02,40-80,2969.32
3235,Valencia,Ensanche,Venta,Piso,211817.0,77.6,2.0,1.0,Buen estado,1998-01-01,Bajo,True,False,False,False,True,2.57,2024-10-27,40-80,2729.6
3236,Valencia,Benimaclet,Venta,Piso,223844.0,71.1,2.0,1.0,Buen estado,1971-01-01,6,True,False,True,False,False,3.18,2024-11-25,40-80,3148.3
3237,Valencia,Ensanche,Venta,Piso,388920.0,128.9,4.0,2.0,Buen estado,1985-01-01,Bajo,False,True,False,False,True,4.44,2025-03-18,120-160,3017.22
3238,Valencia,El Carmen,Venta,Piso,279164.0,86.0,3.0,2.0,Obra nueva,2019-01-01,3,False,True,False,True,True,5.07,2024-12-26,80-120,3246.09
3239,Valencia,Ensanche,Alquiler,Piso,260499.0,102.4,3.0,2.0,Obra nueva,2018-01-01,9,True,False,False,True,False,5.27,2024-10-19,80-120,2543.94
3240,Valencia,Benimaclet,Alquiler,Ático,310823.0,92.5,3.0,2.0,Buen estado,2009-01-01,Ático,True,True,True,True,True,4.3,2025-02-24,80-120,3360.25
3241,Valencia,Campanar,Alquiler,Piso,235052.0,65.5,2.0,1.0,Buen estado,1988-01-01,2,True,False,False,False,False,6.5,2024-11-07,40-80,3588.58
3242,Valencia,Ruzafa,Venta,Piso,445667.0,172.2,5.0,3.0,Obra nueva,2022-01-01,Bajo,True,True,False,True,False,3.48,2024-12-20,160-200,2588.08
3243,Valencia,Ensanche,Alquiler,Piso,296560.0,99.2,3.0,2.0,Buen estado,1957-01-01,9,True,True,False,False,False,5.19,2025-02-28,80-120,2989.52
3244,Valencia,Campanar,Venta,Piso,248204.0,88.6,3.0,2.0,Reformado,1969-01-01,1,True,True,False,False,False,4.29,2024-11-21,80-120,2801.4
3245,Valencia,Campanar,Alquiler,Piso,339834.0,90.7,3.0,2.0,Buen estado,1981-01-01,6,False,True,False,False,True,2.8,2024-10-20,80-120,3746.79
3246,Valencia,El Carmen,Alquiler,Piso,255475.0,69.7,2.0,1.0,Buen estado,1963-01-01,2,False,False,True,False,True,4.61,2024-10-11,40-80,3665.35
3247,Valencia,El Carmen,Venta,Estudio,86212.0,32.3,0.0,1.0,Buen estado,1991-01-01,4,True,False,False,False,False,6.32,2025-02-04,0-40,2669.1
3248,Valencia,Benimaclet,Alquiler,Piso,181050.0,83.3,3.0,2.0,Buen estado,1987-01-01,7,True,True,False,False,True,5.23,2024-11-07,80-120,2173.47
3249,Valencia,Ruzafa,Alquiler,Piso,311504.0,83.3,3.0,2.0,Buen estado,1992-01-01,8,False,False,True,True,True,4.34,2024-10-10,80-120,3739.54
3250,Valencia,El Carmen,Venta,Ático,,,1.0,1.0,Buen estado,1986-01-01,Ático,False,False,False,True,False,3.9,2025-03-13,,
3251,Valencia,El Carmen,Venta,Piso,246529.0,76.1,2.0,1.0,Buen estado,1992-01-01,1,False,False,False,False,False,5.16,,40-80,3239.54
3252,Valencia,Campanar,Alquiler,Estudio,88956.0,39.8,0.0,1.0,Buen estado,2004-01-01,9,False,False,False,False,True,,2024-11-02,0-40,2235.08
3253,Valencia,Benimaclet,Venta,Piso,,96.9,3.0,2.0,Buen estado,1987-01-01,8,True,True,False,True,False,7.24,2025-01-12,80-120,
3254,Valencia,Ensanche,Venta,Sin_clasificar,,,3.0,1.0,Buen estado,1978-01-01,5,False,False,False,True,False,3.74,2025-03-03,,
3255,Valencia,Benimaclet,Venta,Piso,309279.0,108.9,3.0,2.0,Obra nueva,2018-01-01,6,True,False,False,True,True,4.5,2025-02-28,80-120,2840.03
3256,Valencia,Campanar,Venta,Piso,537596.0,181.37,5.0,3.0,A reformar,1959-01-01,5,False,True,False,True,False,4.7,2024-12-08,160-200,2964.08
3257,Valencia,Benimaclet,Venta,Piso,324198.0,89.5,3.0,2.0,Buen estado,2020-01-01,3,False,True,True,True,False,7.45,2024-10-26,80-120,3622.32
3258,Valencia,Campanar,Alquiler,Piso,214932.0,95.3,3.0,2.0,Buen estado,2002-01-01,9,True,False,False,True,True,6.19,2025-02-08,80-120,2255.32
3259,Valencia,El Carmen,Alquiler,Piso,256260.0,78.9,2.0,1.0,A reformar,1981-01-01,4,True,False,False,False,False,5.11,2024-10-22,40-80,3247.91
3260,Valencia,Ruzafa,Alquiler,Piso,221563.0,71.0,2.0,1.0,Obra nueva,2021-01-01,2,False,True,False,False,True,5.29,2024-10-09,40-80,3120.61
3261,Valencia,Ruzafa,Venta,Piso,153888.0,53.8,2.0,1.0,Buen estado,1992-01-01,2,True,False,False,True,False,5.69,2025-03-18,40-80,2860.37
3262,Valencia,El Carmen,Venta,Piso,265342.0,100.0,3.0,2.0,Buen estado,1985-01-01,1,False,True,False,False,True,4.23,2024-12-19,80-120,2653.42
3263,Valencia,Ensanche,Venta,Piso,219317.0,63.4,2.0,1.0,Buen estado,1981-01-01,2,True,True,False,True,True,4.92,2025-02-20,40-80,3459.26
3264,Valencia,Ruzafa,Venta,Piso,266878.0,98.1,3.0,2.0,A reformar,1996-01-01,9,True,True,False,True,False,4.23,2025-03-12,80-120,2720.47
3265,Valencia,El Carmen,Alquiler,Piso,194978.0,49.7,2.0,1.0,Obra nueva,2023-01-01,Bajo,False,True,True,True,False,6.88,2024-11-10,40-80,3923.1
3266,Valencia,Ruzafa,Venta,Piso,203612.0,92.0,3.0,2.0,Buen estado,1958-01-01,2,False,False,False,False,False,5.08,2024-12-04,80-120,2213.17
3267,Valencia,El Carmen,Venta,Piso,288778.0,98.4,3.0,2.0,Buen estado,1980-01-01,2,False,False,False,False,True,5.4,2025-04-05,80-120,2934.74
3268,Valencia,Ruzafa,Venta,Piso,270181.0,73.2,2.0,1.0,Buen estado,2001-01-01,2,True,False,False,False,False,3.79,2025-02-14,40-80,3691.0
3269,Valencia,Ruzafa,Venta,Piso,267852.0,93.2,3.0,2.0,Buen estado,1986-01-01,6,True,False,False,False,False,5.09,2024-11-28,80-120,2873.95
3270,Valencia,Ruzafa,Venta,Piso,238475.0,78.5,2.0,1.0,Buen estado,1972-01-01,9,True,True,False,True,True,7.11,2024-12-07,40-80,3037.9
3271,Valencia,Benimaclet,Venta,Piso,299968.0,112.2,3.0,2.0,Reformado,1971-01-01,1,True,True,False,True,False,4.92,2025-03-14,80-120,2673.51
3272,Valencia,Campanar,Venta,Ático,198996.0,104.4,3.0,2.0,Buen estado,1955-01-01,Ático,True,False,False,False,True,7.14,2024-11-19,80-120,1906.09
3273,Valencia,Campanar,Venta,Sin_clasificar,,,1.0,1.0,Obra nueva,2023-01-01,1,True,False,True,False,False,6.12,2025-02-06,,
3274,Valencia,Ensanche,Venta,Piso,124599.0,60.0,2.0,1.0,Reformado,1994-01-01,2,False,False,False,False,False,6.75,2025-03-07,40-80,2076.65
3275,Valencia,Campanar,Venta,Piso,304667.0,104.8,3.0,2.0,Buen estado,1958-01-01,3,False,True,False,True,False,3.66,2025-02-24,80-120,2907.13
3276,Valencia,Ensanche,Venta,Piso,185539.0,73.2,2.0,1.0,Buen estado,1981-01-01,9,True,False,False,True,False,4.29,2024-10-29,40-80,2534.69
3277,Valencia,El Carmen,Alquiler,Piso,348689.0,97.8,3.0,2.0,Buen estado,1970-01-01,Bajo,True,False,False,False,True,3.54,2025-01-10,80-120,3565.33
3278,Valencia,Benimaclet,Venta,Piso,259611.0,105.0,3.0,2.0,Obra nueva,2021-01-01,7,False,False,True,False,False,6.34,2024-10-19,80-120,2472.49
3279,Valencia,Benimaclet,Venta,Piso,134010.0,66.5,2.0,1.0,Buen estado,1958-01-01,9,True,True,False,False,False,2.17,2025-02-17,40-80,2015.19
3280,Valencia,Benimaclet,Venta,Piso,283819.0,88.2,3.0,2.0,Buen estado,1978-01-01,4,True,True,False,True,False,4.12,2024-12-24,80-120,3217.9
3281,Valencia,Ruzafa,Venta,Ático,230459.0,90.1,3.0,2.0,A reformar,1993-01-01,Ático,True,True,False,False,False,4.78,2024-12-26,80-120,2557.81
3282,Valencia,Campanar,Alquiler,Piso,252738.0,104.0,3.0,2.0,Buen estado,1979-01-01,5,True,False,False,True,True,4.0,2024-10-11,80-120,2430.17
3283,Valencia,Ensanche,Venta,Piso,433580.0,135.3,4.0,2.0,Buen estado,1968-01-01,2,True,False,False,True,False,5.97,2024-11-21,120-160,3204.58
3284,Valencia,Benimaclet,Venta,Piso,305810.0,107.2,3.0,2.0,Buen estado,2015-01-01,4,False,False,True,False,True,3.31,2024-11-15,80-120,2852.71
3285,Valencia,Ensanche,Venta,Piso,237796.0,69.0,2.0,1.0,Buen estado,2005-01-01,5,False,False,False,True,False,4.65,2025-03-25,40-80,3446.32
3286,Valencia,Campanar,Venta,Ático,273955.0,89.9,3.0,2.0,Buen estado,2008-01-01,Ático,True,False,True,True,False,5.67,2025-02-17,80-120,3047.33
3287,Valencia,Campanar,Venta,Piso,292205.0,98.2,3.0,2.0,Buen estado,1974-01-01,7,True,True,True,False,False,3.28,2025-03-10,80-120,2975.61
3288,Valencia,Campanar,Venta,Ático,256426.0,66.6,2.0,1.0,Buen estado,1988-01-01,Ático,True,True,False,False,True,4.78,2024-12-09,40-80,3850.24
3289,Valencia,Ensanche,Alquiler,Piso,148994.0,64.2,2.0,1.0,Buen estado,1972-01-01,9,False,True,False,False,True,4.69,2025-04-01,40-80,2320.78
3290,Valencia,Benimaclet,Venta,Piso,269624.0,90.1,3.0,2.0,Buen estado,1956-01-01,3,True,True,True,False,False,7.35,,80-120,2992.5
3291,Valencia,Ensanche,Alquiler,Piso,191530.0,75.3,2.0,1.0,Buen estado,1984-01-01,5,True,True,False,False,True,7.3,2025-03-28,40-80,2543.56
3292,Valencia,Ruzafa,Venta,Piso,453182.0,116.3,3.0,2.0,Buen estado,1989-01-01,3,True,True,False,True,False,3.18,2024-10-17,80-120,3896.66
3293,Valencia,El Carmen,Venta,Ático,154562.0,57.8,2.0,1.0,Buen estado,2000-01-01,Ático,True,False,False,True,False,3.95,2025-02-21,40-80,2674.08
3294,Valencia,Benimaclet,Venta,Piso,,46.7,2.0,1.0,Obra nueva,2020-01-01,7,True,True,True,True,False,4.92,2025-01-16,40-80,
3295,Valencia,Campanar,Venta,Piso,347149.0,121.9,4.0,2.0,Obra nueva,2021-01-01,9,True,False,False,True,False,6.45,2024-12-16,120-160,2847.82
3296,Valencia,Ensanche,Alquiler,Piso,191492.0,66.6,2.0,1.0,Buen estado,1986-01-01,5,False,False,False,False,True,2.74,2025-03-02,40-80,2875.26
3297,Valencia,Benimaclet,Alquiler,Piso,,93.2,3.0,2.0,Buen estado,1992-01-01,9,True,True,True,False,False,5.55,2025-02-14,80-120,
3298,Valencia,Benimaclet,Alquiler,Sin_clasificar,,,2.0,3.0,Buen estado,1963-01-01,4,True,False,False,True,False,3.79,2024-11-10,,
3299,Valencia,Ruzafa,Venta,Piso,,60.7,2.0,1.0,Buen estado,1958-01-01,Bajo,False,False,True,False,False,3.68,2025-03-04,40-80,
3300,Valencia,Ensanche,Alquiler,Piso,208396.0,79.4,2.0,1.0,Reformado,1983-01-01,4,True,False,True,True,True,5.84,2025-02-16,40-80,2624.63
3301,Valencia,Ruzafa,Alquiler,Piso,243051.0,89.1,3.0,2.0,Buen estado,2005-01-01,2,False,True,False,True,False,5.93,2024-12-30,80-120,2727.85
3302,Valencia,Ensanche,Venta,Piso,319744.0,103.2,3.0,2.0,Obra nueva,2019-01-01,1,True,False,False,True,True,4.99,2024-12-09,80-120,3098.29
3303,Valencia,Ruzafa,Venta,Piso,297035.0,104.1,3.0,2.0,Buen estado,1990-01-01,5,False,False,True,True,False,2.09,,80-120,2853.36
3304,Valencia,Ruzafa,Venta,Piso,,114.9,3.0,2.0,Reformado,1973-01-01,4,False,True,False,False,True,4.94,2024-10-22,80-120,
3305,Valencia,Ensanche,Venta,Piso,238941.0,81.8,3.0,2.0,Buen estado,1973-01-01,2,False,True,True,False,True,3.93,2025-01-23,80-120,2921.04
3306,Valencia,Ruzafa,Venta,Piso,202521.0,66.1,2.0,1.0,Buen estado,2002-01-01,Bajo,False,False,True,True,False,6.92,2025-02-01,40-80,3063.86
3307,Valencia,Campanar,Venta,Piso,146593.0,70.1,2.0,1.0,Buen estado,1973-01-01,1,True,True,True,False,False,6.12,2025-04-01,40-80,2091.2
3308,Valencia,Ruzafa,Venta,Piso,232205.0,100.0,3.0,2.0,Obra nueva,2021-01-01,8,True,True,False,False,False,7.59,2025-01-08,80-120,2322.05
3309,Valencia,El Carmen,Venta,Piso,210925.0,77.4,2.0,1.0,Buen estado,1972-01-01,8,True,True,True,True,False,7.7,2025-01-31,40-80,2725.13
3310,Valencia,Ruzafa,Alquiler,Piso,186288.0,69.0,2.0,1.0,Buen estado,1982-01-01,3,False,True,True,True,True,5.91,2025-01-09,40-80,2699.83
3311,Valencia,Ensanche,Alquiler,Piso,163571.0,64.8,2.0,1.0,Reformado,1980-01-01,8,False,False,False,True,False,9.52,2025-02-03,40-80,2524.24
3312,Valencia,Ensanche,Venta,Piso,244041.0,73.8,2.0,1.0,Reformado,1967-01-01,7,True,True,False,True,False,7.04,2024-10-21,40-80,3306.79
3313,Valencia,Ruzafa,Venta,Ático,165527.0,45.1,2.0,1.0,Buen estado,1988-01-01,Ático,False,True,False,True,True,5.36,2025-03-31,40-80,3670.22
3314,Valencia,Ruzafa,Venta,Piso,,95.3,3.0,2.0,Buen estado,1968-01-01,2,True,False,False,False,False,6.53,,80-120,
3315,Valencia,Benimaclet,Venta,Ático,265439.0,87.7,3.0,2.0,Buen estado,1963-01-01,Ático,True,False,False,False,False,4.5,2024-12-30,80-120,3026.67
3316,Valencia,Benimaclet,Venta,Piso,,63.6,2.0,1.0,Buen estado,1959-01-01,Bajo,True,False,False,False,False,6.21,2025-03-23,40-80,
3317,Valencia,Ruzafa,Alquiler,Piso,187314.0,57.5,2.0,1.0,Buen estado,1988-01-01,2,True,False,False,False,False,5.85,2025-01-29,40-80,3257.63
3318,Valencia,Campanar,Venta,Ático,439616.0,125.5,4.0,2.0,Buen estado,1993-01-01,Ático,True,False,False,False,False,5.16,,120-160,3502.92
3319,Valencia,Ruzafa,Venta,Ático,179970.0,77.2,2.0,1.0,Buen estado,1988-01-01,Ático,True,False,True,True,False,5.3,2024-11-23,40-80,2331.22
3320,Valencia,El Carmen,Venta,Sin_clasificar,,,5.0,1.0,Buen estado,1980-01-01,3,False,True,True,False,False,4.88,2024-11-08,,
3321,Valencia,Benimaclet,Venta,Piso,158887.0,53.8,2.0,1.0,A reformar,1997-01-01,1,True,False,True,False,False,4.97,2024-12-03,40-80,2953.29
3322,Valencia,Benimaclet,Venta,Piso,275232.0,68.2,2.0,1.0,Buen estado,2005-01-01,2,True,True,False,False,False,6.27,2024-10-17,40-80,4035.66
3323,Valencia,El Carmen,Venta,Estudio,96472.0,30.0,0.0,1.0,Buen estado,2010-01-01,2,False,False,False,False,True,7.22,2025-02-18,0-40,3215.73
3324,Valencia,Benimaclet,Venta,Sin_clasificar,,,,2.0,Buen estado,1977-01-01,2,False,False,False,False,False,7.67,2025-03-05,,
3325,Valencia,Benimaclet,Alquiler,Piso,200291.0,61.8,2.0,1.0,Obra nueva,2022-01-01,5,True,True,True,True,False,5.61,2025-03-26,40-80,3240.95
3326,Valencia,El Carmen,Alquiler,Piso,393868.0,154.98,4.0,2.0,Buen estado,1959-01-01,7,True,False,False,True,False,4.75,2024-12-06,120-160,2541.41
3327,Valencia,Campanar,Venta,Piso,251790.0,80.6,3.0,2.0,Buen estado,1969-01-01,Bajo,False,True,False,True,False,6.35,2024-12-21,80-120,3123.95
3328,Valencia,Ensanche,Alquiler,Piso,219664.0,70.8,2.0,1.0,Obra nueva,2019-01-01,5,True,False,False,True,False,6.77,2024-12-05,40-80,3102.6
3329,Valencia,El Carmen,Venta,Piso,312929.0,80.5,3.0,2.0,Buen estado,2005-01-01,Bajo,True,False,False,False,False,4.93,2025-02-06,80-120,3887.32
3330,Valencia,Benimaclet,Venta,Piso,175812.0,69.4,2.0,1.0,A reformar,1974-01-01,Bajo,False,False,False,True,False,7.96,2025-02-16,40-80,2533.31
3331,Valencia,El Carmen,Venta,Piso,239187.0,76.9,2.0,1.0,A reformar,1978-01-01,8,True,True,False,False,False,5.49,2024-11-18,40-80,3110.36
3332,Valencia,El Carmen,Venta,Piso,216611.0,73.6,2.0,1.0,Buen estado,1954-01-01,2,True,False,False,False,False,4.66,2025-01-18,40-80,2943.08
3333,Valencia,Ruzafa,Venta,Estudio,98171.0,38.7,0.0,1.0,Obra nueva,2022-01-01,3,True,True,False,True,False,4.9,2025-02-28,0-40,2536.72
3334,Valencia,Campanar,Venta,Piso,369506.0,106.3,3.0,2.0,Buen estado,2001-01-01,7,True,False,True,True,True,2.92,2025-03-28,80-120,3476.07
3335,Valencia,Benimaclet,Alquiler,Estudio,151163.0,38.9,0.0,1.0,Buen estado,1963-01-01,4,False,True,False,False,False,3.64,2025-01-20,0-40,3885.94
3336,Valencia,Benimaclet,Venta,Piso,204021.0,63.3,2.0,1.0,Buen estado,1978-01-01,2,True,True,False,False,False,3.84,2024-12-01,40-80,3223.08
3337,Valencia,El Carmen,Alquiler,Piso,206883.0,63.4,2.0,1.0,Buen estado,1957-01-01,2,False,True,False,False,False,6.5,2025-02-16,40-80,3263.14
3338,Valencia,Ruzafa,Venta,Piso,222647.0,75.4,2.0,1.0,Buen estado,1964-01-01,2,True,True,False,False,False,2.11,2025-01-05,40-80,2952.88
3339,Valencia,Campanar,Alquiler,Ático,172014.0,64.1,2.0,1.0,Buen estado,1977-01-01,Ático,True,False,False,True,False,6.26,2025-04-02,40-80,2683.53
3340,Valencia,El Carmen,Venta,Piso,161076.0,77.4,2.0,1.0,Buen estado,1985-01-01,6,True,True,False,True,False,6.42,2024-11-24,40-80,2081.09
3341,Valencia,Campanar,Alquiler,Piso,163041.0,50.0,2.0,1.0,Buen estado,1974-01-01,Bajo,True,True,False,False,False,5.19,2025-01-16,40-80,3260.82
3342,Valencia,El Carmen,Alquiler,Piso,255288.0,87.2,3.0,2.0,Obra nueva,2019-01-01,1,True,True,True,True,False,7.48,2025-03-23,80-120,2927.61
3343,Valencia,Ruzafa,Venta,Piso,296986.0,77.9,2.0,1.0,Buen estado,1979-01-01,7,False,False,True,False,False,6.52,2024-12-18,40-80,3812.4
3344,Valencia,Ruzafa,Alquiler,Sin_clasificar,,,1.0,1.0,Buen estado,1972-01-01,3,True,False,False,False,False,3.84,2025-03-01,,
3345,Valencia,Ensanche,Alquiler,Piso,279807.0,94.1,3.0,2.0,Buen estado,1977-01-01,Bajo,True,True,False,False,True,5.04,,80-120,2973.51
3346,Valencia,Ruzafa,Venta,Piso,284073.0,92.9,3.0,2.0,Buen estado,1959-01-01,Bajo,False,False,False,True,True,,2025-02-16,80-120,3057.84
3347,Valencia,Ensanche,Venta,Ático,263835.0,75.7,2.0,1.0,Obra nueva,2021-01-01,Ático,True,True,True,False,True,2.97,2025-01-10,40-80,3485.27
3348,Valencia,Benimaclet,Venta,Estudio,92352.0,38.6,0.0,1.0,Obra nueva,2018-01-01,5,False,False,True,False,False,6.19,2024-12-29,0-40,2392.54
3349,Valencia,Ensanche,Venta,Ático,245962.0,74.5,2.0,1.0,Reformado,2010-01-01,Ático,False,False,True,False,False,4.85,,40-80,3301.5
3350,Valencia,Ensanche,Venta,Piso,277734.0,80.5,3.0,2.0,Buen estado,1963-01-01,1,True,True,False,True,False,3.43,2025-03-02,80-120,3450.11
3351,Valencia,Ensanche,Venta,Ático,437550.0,113.5,3.0,2.0,Buen estado,2002-01-01,Ático,True,False,False,False,False,6.31,2024-11-01,80-120,3855.07
3352,Valencia,Campanar,Alquiler,Piso,274161.0,86.8,3.0,2.0,Buen estado,1988-01-01,5,False,True,False,False,False,6.16,2025-02-01,80-120,3158.54
3353,Valencia,Campanar,Venta,Piso,231492.0,69.9,2.0,1.0,Buen estado,1996-01-01,Bajo,False,True,False,True,False,7.41,2024-11-13,40-80,3311.76
3354,Valencia,Ruzafa,Venta,Sin_clasificar,,,2.0,1.0,Buen estado,1972-01-01,Bajo,True,False,False,False,False,5.31,2024-10-27,,
3355,Valencia,Campanar,Alquiler,Ático,173385.0,60.6,2.0,1.0,Buen estado,1999-01-01,Ático,False,True,False,True,False,5.32,2024-10-31,40-80,2861.14
3356,Valencia,El Carmen,Venta,Piso,263450.0,83.1,3.0,2.0,Buen estado,1964-01-01,6,True,False,False,True,False,5.01,2025-03-16,80-120,3170.28
3357,Valencia,Benimaclet,Venta,Piso,,57.8,2.0,1.0,Buen estado,1981-01-01,Bajo,False,True,False,True,True,5.2,,40-80,
3358,Valencia,Campanar,Venta,Piso,272894.0,95.2,3.0,2.0,Buen estado,1992-01-01,7,False,False,False,True,True,5.31,2024-12-07,80-120,2866.53
3359,Valencia,Ruzafa,Alquiler,Piso,369543.0,103.1,3.0,2.0,Buen estado,1984-01-01,7,True,False,False,False,True,3.84,2025-03-24,80-120,3584.32
3360,Valencia,Benimaclet,Venta,Piso,333719.0,116.2,3.0,2.0,A reformar,1970-01-01,9,False,False,False,True,False,5.56,2025-02-21,80-120,2871.94
3361,Valencia,Campanar,Venta,Piso,270826.0,95.0,3.0,2.0,Buen estado,1997-01-01,3,True,False,False,False,False,3.47,2025-03-21,80-120,2850.8
3362,Valencia,El Carmen,Alquiler,Piso,319218.0,95.7,3.0,2.0,Reformado,1969-01-01,4,True,True,False,True,False,3.8,2024-11-29,80-120,3335.61
3363,Valencia,Ruzafa,Venta,Piso,307378.0,93.4,3.0,2.0,Buen estado,1984-01-01,4,False,False,False,False,False,4.68,2024-11-26,80-120,3290.99
3364,Valencia,Ruzafa,Alquiler,Piso,261095.0,80.1,3.0,2.0,Obra nueva,2023-01-01,5,True,True,False,True,False,4.63,2024-11-24,80-120,3259.61
3365,Valencia,El Carmen,Venta,Piso,245203.0,83.9,3.0,2.0,Buen estado,1984-01-01,1,False,True,False,False,False,6.89,2025-01-07,80-120,2922.56
3366,Valencia,Ruzafa,Alquiler,Piso,200510.0,67.7,2.0,1.0,Buen estado,1979-01-01,4,False,True,False,True,False,6.04,2025-03-02,40-80,2961.74
3367,Valencia,Benimaclet,Alquiler,Piso,240018.0,63.9,2.0,1.0,Buen estado,1967-01-01,Bajo,True,True,True,True,False,5.21,2024-10-09,40-80,3756.15
3368,Valencia,El Carmen,Venta,Piso,213800.0,89.8,3.0,2.0,Buen estado,1997-01-01,4,True,False,True,False,False,4.33,2025-02-25,80-120,2380.85
3369,Valencia,Benimaclet,Venta,Piso,152966.0,42.8,2.0,1.0,Buen estado,1988-01-01,7,True,False,False,False,False,2.09,2024-12-27,40-80,3573.97
3370,Valencia,Ruzafa,Venta,Piso,247638.0,80.9,3.0,2.0,Reformado,1968-01-01,6,True,True,True,True,True,6.7,2025-04-03,80-120,3061.04
3371,Valencia,Ruzafa,Venta,Piso,181418.0,56.3,2.0,1.0,Buen estado,1993-01-01,3,True,True,False,True,False,3.23,2025-01-07,40-80,3222.34
3372,Valencia,Ensanche,Venta,Piso,304627.0,84.5,3.0,2.0,Buen estado,2004-01-01,6,True,False,False,False,True,4.28,2024-12-17,80-120,3605.05
3373,Valencia,Campanar,Venta,Piso,263433.0,98.9,3.0,2.0,Buen estado,1980-01-01,1,True,False,False,True,False,4.65,2024-11-06,80-120,2663.63
3374,Valencia,Campanar,Venta,Piso,290702.0,99.9,3.0,2.0,Buen estado,1977-01-01,3,True,True,True,True,False,7.11,2024-12-30,80-120,2909.93
3375,Valencia,El Carmen,Venta,Piso,201666.0,71.9,2.0,1.0,Buen estado,1987-01-01,Bajo,False,True,True,True,False,4.96,2024-11-23,40-80,2804.81
3376,Valencia,Ensanche,Venta,Piso,353317.0,108.4,3.0,2.0,Buen estado,1974-01-01,6,True,True,True,False,False,3.71,2025-03-30,80-120,3259.38
3377,Valencia,El Carmen,Venta,Piso,192834.0,89.8,3.0,2.0,Buen estado,1976-01-01,5,True,False,False,True,True,4.74,2025-03-15,80-120,2147.37
3378,Valencia,Ensanche,Alquiler,Piso,486909.0,185.28,5.0,3.0,Buen estado,1955-01-01,9,True,True,False,True,False,5.09,2025-01-02,160-200,2627.96
3379,Valencia,Campanar,Venta,Sin_clasificar,,,2.0,1.0,Buen estado,1996-01-01,6,True,True,False,False,True,3.23,2024-12-11,,
3380,Valencia,Ensanche,Alquiler,Piso,209962.0,71.7,2.0,1.0,Reformado,2008-01-01,4,True,True,False,True,True,6.54,2024-12-04,40-80,2928.34
3381,Valencia,Ensanche,Alquiler,Piso,244912.0,81.5,3.0,2.0,Obra nueva,2020-01-01,9,True,True,True,True,False,4.91,2024-11-09,80-120,3005.06
3382,Valencia,Benimaclet,Venta,Piso,,75.3,2.0,1.0,Buen estado,1989-01-01,9,True,True,False,False,False,5.79,2024-12-10,40-80,
3383,Valencia,Ensanche,Venta,Piso,258834.0,88.8,3.0,2.0,Buen estado,1981-01-01,4,False,True,True,True,False,5.44,2025-01-21,80-120,2914.8
3384,Valencia,Ensanche,Venta,Piso,249533.0,87.2,3.0,2.0,Obra nueva,2023-01-01,8,True,True,False,False,False,3.34,2024-11-21,80-120,2861.62
3385,Valencia,El Carmen,Venta,Piso,128588.0,78.3,2.0,1.0,Buen estado,2001-01-01,2,True,True,True,False,False,4.35,2025-03-12,40-80,1642.25
3386,Valencia,Benimaclet,Alquiler,Piso,242561.0,77.9,2.0,1.0,Buen estado,1946-01-01,8,True,True,False,False,False,6.45,2025-03-22,40-80,3113.75
3387,Valencia,Campanar,Venta,Piso,281647.0,90.7,3.0,2.0,Buen estado,1970-01-01,2,True,True,False,False,False,4.06,2024-11-04,80-120,3105.26
3388,Valencia,Ruzafa,Alquiler,Piso,264212.0,81.8,3.0,2.0,Buen estado,1977-01-01,Bajo,True,True,True,True,False,4.95,2025-04-03,80-120,3229.98
3389,Valencia,El Carmen,Venta,Piso,258977.0,88.5,3.0,2.0,Buen estado,1986-01-01,5,False,True,True,True,True,4.74,2024-12-25,80-120,2926.29
3390,Valencia,Campanar,Venta,Piso,179306.0,62.6,2.0,1.0,Obra nueva,2021-01-01,5,False,True,False,True,True,5.54,2025-01-03,40-80,2864.31
3391,Valencia,Benimaclet,Alquiler,Piso,374371.0,109.6,3.0,2.0,Obra nueva,2018-01-01,3,True,True,False,True,False,4.19,2024-10-11,80-120,3415.79
3392,Valencia,Ruzafa,Venta,Piso,302173.0,94.9,3.0,2.0,Obra nueva,2021-01-01,1,True,True,True,True,True,3.37,2024-11-15,80-120,3184.12
3393,Valencia,Campanar,Venta,Piso,331663.0,90.6,3.0,2.0,Buen estado,1980-01-01,5,False,False,False,True,False,6.93,2024-11-05,80-120,3660.74
3394,Valencia,El Carmen,Alquiler,Piso,315002.0,95.7,3.0,2.0,Reformado,1998-01-01,5,False,True,True,False,False,,2025-01-17,80-120,3291.56
3395,Valencia,Ensanche,Venta,Piso,325800.0,96.3,3.0,2.0,Buen estado,2010-01-01,9,False,True,False,False,False,6.49,2025-01-03,80-120,3383.18
3396,Valencia,Benimaclet,Alquiler,Piso,205980.0,81.9,3.0,2.0,Buen estado,1979-01-01,1,False,True,False,True,False,5.46,2025-03-04,80-120,2515.02
3397,Valencia,Campanar,Venta,Piso,317796.0,87.4,3.0,2.0,Obra nueva,2022-01-01,4,True,True,False,False,False,8.79,2024-11-26,80-120,3636.11
3398,Valencia,Ensanche,Venta,Piso,111373.0,52.1,2.0,1.0,Buen estado,1969-01-01,1,True,False,True,False,True,4.58,2024-12-05,40-80,2137.68
3399,Valencia,Campanar,Venta,Piso,406953.0,136.85,4.0,2.0,Buen estado,2010-01-01,2,False,True,False,True,True,5.37,2024-11-26,120-160,2973.72
3400,Valencia,Benimaclet,Venta,Piso,290281.0,94.9,3.0,2.0,Buen estado,1967-01-01,3,False,True,False,False,False,7.18,2024-11-27,80-120,3058.81
3401,Valencia,Ensanche,Venta,Ático,193229.0,51.6,2.0,1.0,Buen estado,1955-01-01,Ático,False,False,False,True,True,3.04,2024-11-05,40-80,3744.75
3402,Valencia,Ruzafa,Venta,Piso,219979.0,60.1,2.0,1.0,Obra nueva,2021-01-01,8,True,True,False,True,True,5.25,2025-04-04,40-80,3660.22
3403,Valencia,Benimaclet,Alquiler,Piso,253634.0,79.1,2.0,1.0,Buen estado,1980-01-01,8,True,True,False,True,False,5.3,2025-03-24,40-80,3206.5
3404,Valencia,Ensanche,Alquiler,Piso,,68.5,2.0,1.0,Buen estado,1960-01-01,4,False,False,True,False,False,6.29,2025-01-14,40-80,
3405,Valencia,Campanar,Alquiler,Ático,246513.0,86.6,3.0,2.0,Obra nueva,2018-01-01,Ático,True,True,False,True,True,9.61,2025-03-27,80-120,2846.57
3406,Valencia,Benimaclet,Venta,Piso,355952.0,91.0,3.0,2.0,Buen estado,1962-01-01,3,False,True,False,True,False,5.47,2024-10-18,80-120,3911.56
3407,Valencia,Ensanche,Venta,Piso,264868.0,94.0,3.0,2.0,Buen estado,1997-01-01,8,True,False,False,True,True,5.24,2025-01-10,80-120,2817.74
3408,Valencia,Ruzafa,Venta,Piso,255449.0,110.7,3.0,2.0,Buen estado,1992-01-01,4,True,True,False,True,True,5.79,2025-01-25,80-120,2307.58
3409,Valencia,Benimaclet,Venta,Piso,287199.0,91.8,3.0,2.0,Buen estado,1963-01-01,2,True,False,False,True,False,5.57,2024-11-28,80-120,3128.53
3410,Valencia,El Carmen,Venta,Piso,412177.0,103.9,3.0,2.0,Buen estado,1964-01-01,3,True,False,True,False,False,4.22,2024-10-11,80-120,3967.05
3411,Valencia,El Carmen,Venta,Piso,218991.0,68.0,2.0,1.0,Buen estado,2013-01-01,1,True,False,True,True,True,4.56,2024-12-03,40-80,3220.46
3412,Valencia,El Carmen,Alquiler,Piso,,48.8,2.0,1.0,Buen estado,2000-01-01,4,True,False,False,True,False,3.43,2025-01-21,40-80,
3413,Valencia,Benimaclet,Venta,Piso,234611.0,77.8,2.0,1.0,Buen estado,1972-01-01,6,True,False,False,False,False,7.59,2025-02-02,40-80,3015.57
3414,Valencia,Ensanche,Alquiler,Piso,277372.0,118.5,3.0,2.0,Reformado,1985-01-01,2,False,True,False,False,True,3.87,2025-02-08,80-120,2340.69
3415,Valencia,Campanar,Venta,Sin_clasificar,,,4.0,1.0,Buen estado,1978-01-01,Bajo,False,True,False,False,False,3.65,2024-11-22,,
3416,Valencia,Ensanche,Venta,Piso,273155.0,90.2,3.0,2.0,Buen estado,1985-01-01,2,True,True,False,True,True,5.79,2024-12-07,80-120,3028.33
3417,Valencia,Campanar,Venta,Piso,250804.0,78.7,2.0,1.0,Buen estado,1979-01-01,3,False,False,False,False,False,4.15,2024-10-16,40-80,3186.84
3418,Valencia,El Carmen,Venta,Piso,189657.0,72.7,2.0,1.0,Obra nueva,2018-01-01,2,True,True,False,True,True,4.52,2025-02-24,40-80,2608.76
3419,Valencia,Ensanche,Venta,Piso,277007.0,97.9,3.0,2.0,Obra nueva,2023-01-01,Bajo,True,True,False,True,False,5.76,2024-11-01,80-120,2829.49
3420,Valencia,Benimaclet,Alquiler,Piso,,90.2,3.0,2.0,Buen estado,1988-01-01,2,False,False,False,True,True,,2024-12-22,80-120,
3421,Valencia,Ruzafa,Alquiler,Piso,243421.0,72.3,2.0,1.0,Obra nueva,2023-01-01,6,False,False,True,True,False,8.02,2024-12-14,40-80,3366.82
3422,Valencia,Campanar,Venta,Piso,259913.0,85.7,3.0,2.0,Buen estado,2003-01-01,7,True,False,False,False,False,6.5,2025-03-22,80-120,3032.82
3423,Valencia,Benimaclet,Venta,Piso,138540.0,48.4,2.0,1.0,Buen estado,1982-01-01,9,True,False,True,False,True,3.71,2024-11-24,40-80,2862.4
3424,Valencia,Ensanche,Venta,Piso,287819.0,87.4,3.0,2.0,Buen estado,1989-01-01,8,True,True,True,False,False,8.51,2025-01-29,80-120,3293.12
3425,Valencia,El Carmen,Alquiler,Piso,291366.0,70.9,2.0,1.0,Buen estado,1972-01-01,8,False,True,True,False,False,6.0,2024-10-25,40-80,4109.53
3426,Valencia,El Carmen,Venta,Piso,226397.0,67.5,2.0,1.0,Obra nueva,2022-01-01,5,True,False,True,False,True,6.18,2025-01-15,40-80,3354.03
3427,Valencia,Benimaclet,Alquiler,Piso,195068.0,51.4,2.0,1.0,Buen estado,1949-01-01,8,True,False,False,True,True,5.87,2024-11-15,40-80,3795.1
3428,Valencia,El Carmen,Venta,Piso,148087.0,67.9,2.0,1.0,Buen estado,1980-01-01,1,True,True,True,False,False,5.52,2024-11-25,40-80,2180.96
3429,Valencia,Ruzafa,Venta,Piso,,90.6,3.0,2.0,Buen estado,1970-01-01,8,False,True,False,True,False,5.27,2025-02-03,80-120,
3430,Valencia,Campanar,Venta,Piso,234391.0,96.5,3.0,2.0,A reformar,1999-01-01,8,True,True,False,False,True,5.28,2025-01-23,80-120,2428.92
3431,Valencia,Campanar,Venta,Piso,188148.0,61.7,2.0,1.0,A reformar,1999-01-01,1,False,True,False,True,False,3.91,2025-02-02,40-80,3049.4
3432,Valencia,Ruzafa,Alquiler,Ático,263087.0,78.5,2.0,1.0,Buen estado,1976-01-01,Ático,False,False,True,True,False,2.8,2024-12-05,40-80,3351.43
3433,Valencia,Campanar,Venta,Piso,370727.0,98.0,3.0,2.0,A reformar,1992-01-01,9,True,False,True,False,False,7.33,2024-12-12,80-120,3782.93
3434,Valencia,Ensanche,Venta,Piso,285423.0,84.7,3.0,2.0,Reformado,1982-01-01,1,False,False,False,False,False,6.72,2025-02-12,80-120,3369.81
3435,Valencia,Ruzafa,Venta,Piso,265774.0,91.5,3.0,2.0,Buen estado,1978-01-01,6,False,True,False,False,True,5.29,2024-12-13,80-120,2904.63
3436,Valencia,El Carmen,Venta,Piso,214911.0,81.3,3.0,2.0,Buen estado,1973-01-01,5,False,False,True,False,False,7.03,2024-12-22,80-120,2643.43
3437,Valencia,El Carmen,Venta,Estudio,,30.0,0.0,1.0,Buen estado,1981-01-01,5,True,False,False,False,True,,2025-04-02,0-40,
3438,Valencia,Ensanche,Venta,Piso,281289.0,116.4,3.0,2.0,Obra nueva,2019-01-01,3,True,True,False,False,True,4.47,2024-10-09,80-120,2416.57
3439,Valencia,Campanar,Alquiler,Sin_clasificar,,,2.0,2.0,Buen estado,2005-01-01,4,True,False,False,True,False,6.37,2025-01-30,,
3440,Valencia,Ruzafa,Venta,Piso,327979.0,112.0,3.0,2.0,Buen estado,1967-01-01,9,True,True,False,False,False,6.14,2025-03-06,80-120,2928.38
3441,Valencia,Ensanche,Venta,Piso,177634.0,72.9,2.0,1.0,Obra nueva,2018-01-01,5,True,True,True,True,False,4.34,2025-03-15,40-80,2436.68
3442,Valencia,Benimaclet,Alquiler,Piso,219317.0,75.5,2.0,1.0,Buen estado,1997-01-01,5,False,True,False,True,False,7.12,2024-11-26,40-80,2904.86
3443,Valencia,Benimaclet,Venta,Piso,322353.0,102.0,3.0,2.0,Reformado,1986-01-01,6,False,False,False,False,False,6.6,2025-01-26,80-120,3160.32
3444,Valencia,El Carmen,Venta,Piso,346662.0,91.9,3.0,2.0,Obra nueva,2021-01-01,3,True,True,True,False,True,,2024-12-16,80-120,3772.17
3445,Valencia,El Carmen,Venta,Piso,214465.0,70.6,2.0,1.0,Buen estado,1981-01-01,2,True,True,False,False,False,3.01,2024-11-18,40-80,3037.75
3446,Valencia,Ensanche,Venta,Piso,197579.0,73.1,2.0,1.0,Buen estado,1991-01-01,6,False,False,False,True,False,6.85,2025-01-06,40-80,2702.86
3447,Valencia,Campanar,Venta,Ático,163339.0,54.7,2.0,1.0,Buen estado,2006-01-01,Ático,False,False,False,True,False,4.1,2025-01-11,40-80,2986.09
3448,Valencia,Campanar,Alquiler,Piso,105006.0,55.3,2.0,1.0,Buen estado,1987-01-01,1,False,False,False,True,True,4.32,,40-80,1898.84
3449,Valencia,Ensanche,Alquiler,Piso,199503.0,73.5,2.0,1.0,Obra nueva,2019-01-01,Bajo,True,True,False,True,False,5.49,2024-11-16,40-80,2714.33
3450,Valencia,Campanar,Venta,Piso,321893.0,79.3,2.0,1.0,Obra nueva,2021-01-01,3,True,False,True,False,True,4.59,2025-01-28,40-80,4059.18
3451,Valencia,El Carmen,Venta,Piso,202304.0,69.7,2.0,1.0,Buen estado,1980-01-01,6,True,False,False,True,False,4.16,2024-11-22,40-80,2902.5
3452,Valencia,Campanar,Alquiler,Piso,199280.0,78.1,2.0,1.0,A reformar,1983-01-01,Bajo,True,True,False,False,True,6.06,2025-01-27,40-80,2551.6
3453,Valencia,Benimaclet,Venta,Piso,298736.0,76.9,2.0,1.0,Buen estado,1983-01-01,Bajo,True,True,False,True,False,4.12,2025-03-23,40-80,3884.73
3454,Valencia,Campanar,Venta,Ático,228186.0,82.6,3.0,2.0,Obra nueva,2019-01-01,Ático,True,True,True,True,True,7.28,2025-02-23,80-120,2762.54
3455,Valencia,Ruzafa,Venta,Piso,169710.0,71.3,2.0,1.0,Reformado,1964-01-01,3,True,False,False,False,True,5.24,2025-04-07,40-80,2380.22
3456,Valencia,El Carmen,Venta,Piso,171055.0,56.5,2.0,1.0,Buen estado,2003-01-01,2,True,True,False,False,False,5.39,2024-11-02,40-80,3027.52
3457,Valencia,El Carmen,Alquiler,Ático,280316.0,89.7,3.0,2.0,Buen estado,1964-01-01,Ático,True,True,False,False,False,2.95,2024-11-06,80-120,3125.04
3458,Valencia,Ensanche,Venta,Piso,211854.0,64.2,2.0,1.0,Buen estado,1972-01-01,8,True,False,True,False,False,3.83,2025-02-13,40-80,3299.91
3459,Valencia,Benimaclet,Venta,Piso,107366.0,40.3,2.0,1.0,Obra nueva,2018-01-01,8,True,True,True,True,True,5.03,2024-12-31,40-80,2664.17
3460,Valencia,Ensanche,Venta,Piso,199421.0,66.1,2.0,1.0,Buen estado,1995-01-01,4,True,True,False,False,True,6.34,2024-11-12,40-80,3016.96
3461,Valencia,Ruzafa,Venta,Sin_clasificar,,,2.0,3.0,Buen estado,1992-01-01,8,False,False,True,True,False,5.31,2025-02-13,,
3462,Valencia,Benimaclet,Venta,Piso,234343.0,76.5,2.0,1.0,Obra nueva,2022-01-01,5,True,False,True,True,False,5.69,2025-01-16,40-80,3063.31
3463,Valencia,Benimaclet,Venta,Piso,123363.0,47.9,2.0,1.0,Obra nueva,2023-01-01,1,False,True,False,True,True,4.57,2025-03-10,40-80,2575.43
3464,Valencia,Benimaclet,Alquiler,Piso,163719.0,45.1,2.0,1.0,Buen estado,1982-01-01,1,True,True,True,False,False,4.88,2025-03-14,40-80,3630.13
3465,Valencia,El Carmen,Alquiler,Piso,234226.0,95.5,3.0,2.0,Buen estado,2008-01-01,1,False,False,False,True,False,2.71,2024-11-27,80-120,2452.63
3466,Valencia,El Carmen,Venta,Piso,374345.0,117.5,3.0,2.0,Buen estado,1944-01-01,2,True,True,False,False,False,5.99,2025-03-14,80-120,3185.91
3467,Valencia,Ensanche,Venta,Piso,228203.0,103.3,3.0,2.0,Buen estado,1988-01-01,7,False,True,False,True,True,4.01,2025-02-16,80-120,2209.13
3468,Valencia,Campanar,Alquiler,Sin_clasificar,,,4.0,1.0,Buen estado,1981-01-01,7,True,True,False,False,False,,2025-03-15,,
3469,Valencia,Benimaclet,Venta,Piso,280211.0,101.6,3.0,2.0,Buen estado,2001-01-01,9,True,False,False,False,True,5.0,2025-03-14,80-120,2757.98
3470,Valencia,Ensanche,Venta,Piso,264323.0,72.1,2.0,1.0,Buen estado,2008-01-01,8,False,False,False,True,False,4.29,2025-04-05,40-80,3666.06
3471,Valencia,El Carmen,Venta,Piso,,91.6,3.0,2.0,Buen estado,1992-01-01,6,True,True,True,True,False,4.65,2025-01-25,80-120,
3472,Valencia,Benimaclet,Venta,Piso,275999.0,87.2,3.0,2.0,Buen estado,2005-01-01,Bajo,False,False,False,True,False,2.95,2024-10-24,80-120,3165.13
3473,Valencia,Ruzafa,Venta,Piso,209982.0,79.1,2.0,1.0,Buen estado,1947-01-01,5,True,False,True,True,False,3.4,2024-11-27,40-80,2654.64
3474,Valencia,Campanar,Venta,Ático,244871.0,76.8,2.0,1.0,Buen estado,1957-01-01,Ático,True,True,True,True,False,4.23,2024-10-20,40-80,3188.42
3475,Valencia,Ensanche,Alquiler,Estudio,126300.0,37.6,0.0,1.0,Reformado,1998-01-01,3,True,False,False,False,True,5.86,2025-02-26,0-40,3359.04
3476,Valencia,Ruzafa,Alquiler,Estudio,120540.0,36.2,0.0,1.0,Buen estado,1978-01-01,6,True,True,True,True,False,5.57,2025-03-15,0-40,3329.83
3477,Valencia,El Carmen,Venta,Piso,105420.0,40.7,2.0,1.0,Buen estado,2011-01-01,Bajo,True,False,False,False,True,,2025-02-01,40-80,2590.17
3478,Valencia,Benimaclet,Venta,Piso,255148.0,80.9,3.0,2.0,Obra nueva,2021-01-01,3,True,False,True,True,False,7.77,2024-12-06,80-120,3153.87
3479,Valencia,El Carmen,Alquiler,Estudio,83921.0,37.2,0.0,1.0,Buen estado,1990-01-01,8,True,False,True,True,False,5.05,2025-03-14,0-40,2255.94
3480,Valencia,Benimaclet,Venta,Piso,164256.0,70.5,2.0,1.0,Buen estado,1989-01-01,7,False,True,False,True,False,6.34,2025-01-21,40-80,2329.87
3481,Valencia,Ruzafa,Venta,Piso,242104.0,106.8,3.0,2.0,Reformado,1994-01-01,8,True,True,False,True,False,3.22,2025-01-20,80-120,2266.89
3482,Valencia,El Carmen,Venta,Piso,246977.0,74.9,2.0,1.0,Buen estado,2001-01-01,4,True,True,False,True,True,4.71,2024-11-05,40-80,3297.42
3483,Valencia,Ruzafa,Alquiler,Piso,259906.0,86.4,3.0,2.0,Buen estado,2010-01-01,2,True,True,False,False,False,3.4,2024-11-29,80-120,3008.17
3484,Valencia,El Carmen,Alquiler,Piso,298457.0,95.9,3.0,2.0,Buen estado,1980-01-01,8,True,False,False,True,False,7.06,2024-12-05,80-120,3112.17
3485,Valencia,Ensanche,Alquiler,Piso,174548.0,54.5,2.0,1.0,Buen estado,1988-01-01,1,True,True,False,True,True,7.32,,40-80,3202.72
3486,Valencia,Benimaclet,Venta,Piso,367204.0,121.4,4.0,2.0,Obra nueva,2023-01-01,Bajo,True,True,True,True,True,3.12,2025-01-20,120-160,3024.74
3487,Valencia,Benimaclet,Venta,Ático,237384.0,68.1,2.0,1.0,Buen estado,1992-01-01,Ático,True,True,False,False,False,6.26,2025-01-11,40-80,3485.81
3488,Valencia,Campanar,Venta,Sin_clasificar,,,1.0,1.0,Reformado,1996-01-01,8,False,True,False,True,False,4.99,2024-11-03,,
3489,Valencia,Ensanche,Venta,Piso,,92.1,3.0,2.0,Buen estado,2007-01-01,9,True,False,False,True,False,5.01,2025-01-30,80-120,
3490,Valencia,Benimaclet,Venta,Sin_clasificar,,,5.0,2.0,Buen estado,1972-01-01,5,True,False,True,False,True,4.26,2025-03-09,,
3491,Valencia,Benimaclet,Venta,Piso,233638.0,85.3,3.0,2.0,Buen estado,1992-01-01,4,True,False,False,False,True,7.24,2025-01-06,80-120,2739.02
3492,Valencia,Benimaclet,Venta,Piso,234138.0,89.9,3.0,2.0,A reformar,1996-01-01,2,True,True,False,True,False,5.14,2025-04-06,80-120,2604.43
3493,Valencia,Benimaclet,Venta,Piso,186771.0,63.9,2.0,1.0,Obra nueva,2022-01-01,6,False,True,False,True,True,4.31,2024-11-21,40-80,2922.86
3494,Valencia,Campanar,Alquiler,Piso,,72.3,2.0,1.0,Buen estado,1981-01-01,5,True,True,False,True,False,4.61,2025-01-31,40-80,
3495,Valencia,El Carmen,Venta,Piso,267330.0,98.3,3.0,2.0,Buen estado,1986-01-01,2,False,True,False,False,False,4.38,2025-01-04,80-120,2719.53
3496,Valencia,Ensanche,Venta,Ático,271355.0,99.1,3.0,2.0,Buen estado,1984-01-01,Ático,True,True,False,False,True,4.66,2024-10-11,80-120,2738.19
3497,Valencia,Benimaclet,Alquiler,Sin_clasificar,,,1.0,1.0,Buen estado,1985-01-01,9,True,True,False,False,True,5.97,2024-10-14,,
3498,Valencia,Benimaclet,Venta,Piso,213329.0,61.2,2.0,1.0,Obra nueva,2021-01-01,6,True,False,True,True,False,6.05,2025-03-09,40-80,3485.77
3499,Valencia,Ensanche,Venta,Piso,330013.0,93.9,3.0,2.0,Buen estado,1981-01-01,7,True,False,False,False,False,4.86,2024-10-14,80-120,3514.52
3500,Valencia,Campanar,Venta,Ático,218458.0,86.3,3.0,2.0,Buen estado,2011-01-01,Ático,True,True,False,False,True,4.81,2025-04-01,80-120,2531.38
3501,Valencia,Benimaclet,Venta,Piso,230954.0,87.8,3.0,2.0,Buen estado,1994-01-01,9,False,False,False,True,False,5.95,2024-12-20,80-120,2630.46
3502,Valencia,Benimaclet,Venta,Piso,156682.0,62.6,2.0,1.0,Buen estado,1959-01-01,9,True,False,True,True,False,5.08,2025-02-15,40-80,2502.91
3503,Valencia,Ensanche,Venta,Piso,209824.0,96.4,3.0,2.0,Buen estado,1989-01-01,7,True,False,True,False,False,4.81,2025-02-18,80-120,2176.6
3504,Valencia,Ensanche,Venta,Piso,255143.0,71.0,2.0,1.0,Buen estado,1992-01-01,8,False,False,True,True,True,6.64,2024-11-05,40-80,3593.56
3505,Valencia,Benimaclet,Venta,Piso,486818.0,197.79,5.0,3.0,Buen estado,1996-01-01,4,False,False,False,False,False,,2024-12-28,160-200,2461.29
3506,Valencia,Ruzafa,Alquiler,Piso,276618.0,97.5,3.0,2.0,Buen estado,1956-01-01,6,False,True,False,False,False,5.57,2024-10-11,80-120,2837.11
3507,Valencia,Ensanche,Alquiler,Piso,499335.0,136.0,4.0,2.0,Reformado,1986-01-01,Bajo,True,False,True,False,False,4.11,2024-11-19,120-160,3671.58
3508,Valencia,Benimaclet,Venta,Piso,252977.0,89.6,3.0,2.0,Buen estado,1976-01-01,4,True,False,False,True,True,6.55,2025-02-27,80-120,2823.4
3509,Valencia,Campanar,Alquiler,Estudio,,35.3,0.0,1.0,Buen estado,1967-01-01,4,True,False,False,True,False,3.65,2025-02-22,0-40,
3510,Valencia,Ensanche,Venta,Piso,275933.0,87.0,3.0,2.0,Buen estado,2020-01-01,8,False,True,False,False,False,3.6,2025-02-24,80-120,3171.64
3511,Valencia,Campanar,Venta,Piso,245037.0,72.2,2.0,1.0,Obra nueva,2020-01-01,7,True,True,False,True,True,3.89,2024-12-26,40-80,3393.86
3512,Valencia,Campanar,Venta,Piso,225106.0,64.4,2.0,1.0,Obra nueva,2020-01-01,1,True,False,True,False,False,5.27,,40-80,3495.43
3513,Valencia,Ensanche,Venta,Piso,188894.0,76.2,2.0,1.0,Buen estado,1990-01-01,7,True,False,False,False,False,6.7,2025-01-11,40-80,2478.92
3514,Valencia,Ruzafa,Venta,Sin_clasificar,,,1.0,,Buen estado,1993-01-01,6,True,True,False,False,False,7.0,2025-03-31,,
3515,Valencia,Benimaclet,Venta,Ático,192187.0,73.1,2.0,1.0,Obra nueva,2020-01-01,Ático,True,True,False,False,False,3.19,2024-11-30,40-80,2629.1
3516,Valencia,Ruzafa,Alquiler,Piso,176899.0,65.7,2.0,1.0,Buen estado,1979-01-01,1,False,False,False,True,False,3.57,2025-02-28,40-80,2692.53
3517,Valencia,Ensanche,Alquiler,Piso,170109.0,52.6,2.0,1.0,Buen estado,1990-01-01,8,True,True,True,False,False,5.99,2025-03-28,40-80,3234.01
3518,Valencia,Ensanche,Venta,Piso,218733.0,60.3,2.0,1.0,Buen estado,1992-01-01,7,False,True,True,True,True,3.85,2024-10-13,40-80,3627.41
3519,Valencia,Ruzafa,Venta,Piso,312115.0,110.4,3.0,2.0,Reformado,2007-01-01,Bajo,True,True,False,False,False,6.78,2024-10-16,80-120,2827.13
3520,Valencia,Ruzafa,Venta,Sin_clasificar,,,2.0,1.0,Buen estado,1976-01-01,1,True,True,False,False,False,5.68,2024-10-21,,
3521,Valencia,El Carmen,Venta,Piso,146372.0,75.0,2.0,1.0,Reformado,1979-01-01,4,True,True,True,True,False,,2024-11-11,40-80,1951.63
3522,Valencia,Campanar,Venta,Ático,166618.0,77.0,2.0,1.0,Buen estado,1970-01-01,Ático,False,False,True,False,True,7.66,2025-01-04,40-80,2163.87
3523,Valencia,Benimaclet,Venta,Piso,342582.0,99.2,3.0,2.0,Obra nueva,2020-01-01,2,True,True,True,True,True,4.45,2024-12-25,80-120,3453.45
3524,Valencia,Ruzafa,Venta,Piso,223269.0,68.6,2.0,1.0,Buen estado,1988-01-01,5,False,False,True,False,False,4.87,2025-01-05,40-80,3254.65
3525,Valencia,Campanar,Venta,Piso,278535.0,83.0,3.0,2.0,Buen estado,2002-01-01,6,True,False,True,False,False,2.78,2024-11-23,80-120,3355.84
3526,Valencia,El Carmen,Alquiler,Sin_clasificar,,,4.0,1.0,Buen estado,1968-01-01,5,True,False,False,False,False,1.61,2024-12-08,,
3527,Valencia,El Carmen,Alquiler,Piso,274925.0,92.8,3.0,2.0,Buen estado,2011-01-01,Bajo,False,False,False,False,True,4.56,2024-12-14,80-120,2962.55
3528,Valencia,Benimaclet,Venta,Piso,335143.0,105.0,3.0,2.0,Buen estado,1957-01-01,4,False,True,False,True,False,4.64,2025-04-02,80-120,3191.84
3529,Valencia,Ensanche,Venta,Piso,177360.0,66.2,2.0,1.0,Buen estado,1980-01-01,2,True,True,False,False,True,3.17,2024-11-02,40-80,2679.15
3530,Valencia,El Carmen,Venta,Piso,260981.0,94.9,3.0,2.0,Buen estado,1960-01-01,1,False,False,False,True,False,5.75,2024-11-13,80-120,2750.06
3531,Valencia,Ensanche,Venta,Piso,297459.0,83.1,3.0,2.0,Buen estado,2005-01-01,9,True,True,True,True,True,4.86,,80-120,3579.53
3532,Valencia,Ruzafa,Alquiler,Piso,307274.0,101.8,3.0,2.0,Buen estado,1992-01-01,1,True,True,True,True,False,5.05,2024-10-26,80-120,3018.41
3533,Valencia,Benimaclet,Venta,Piso,313660.0,77.9,2.0,1.0,Buen estado,1972-01-01,7,True,False,False,False,False,5.7,2025-02-12,40-80,4026.44
3534,Valencia,El Carmen,Venta,Piso,144786.0,46.1,2.0,1.0,Buen estado,2006-01-01,3,True,True,False,False,True,4.46,2025-03-16,40-80,3140.69
3535,Valencia,Ensanche,Venta,Piso,169615.0,59.5,2.0,1.0,Buen estado,1965-01-01,5,True,True,False,True,True,4.24,2024-11-21,40-80,2850.67
3536,Valencia,El Carmen,Venta,Piso,232995.0,71.8,2.0,1.0,Buen estado,1996-01-01,5,True,True,True,True,False,4.62,2024-11-13,40-80,3245.06
3537,Valencia,Ensanche,Venta,Piso,247274.0,88.3,3.0,2.0,Buen estado,1988-01-01,7,True,False,True,True,False,5.03,2025-01-11,80-120,2800.39
3538,Valencia,Campanar,Venta,Piso,264042.0,117.3,3.0,2.0,Buen estado,1986-01-01,Bajo,True,True,True,True,False,5.85,2025-02-21,80-120,2251.0
3539,Valencia,Ruzafa,Venta,Piso,,76.5,2.0,1.0,Buen estado,1987-01-01,7,True,False,True,False,False,6.99,2024-12-26,40-80,
3540,Valencia,Ensanche,Venta,Piso,119692.0,54.7,2.0,1.0,Buen estado,1992-01-01,5,True,True,True,True,False,4.25,2024-11-14,40-80,2188.15
3541,Valencia,Ensanche,Venta,Piso,130533.0,53.6,2.0,1.0,Obra nueva,2023-01-01,4,True,True,False,False,False,,2024-11-06,40-80,2435.32
3542,Valencia,Benimaclet,Venta,Piso,244376.0,73.2,2.0,1.0,Obra nueva,2022-01-01,7,False,True,True,False,True,5.81,2024-11-29,40-80,3338.47
3543,Valencia,Ensanche,Venta,Piso,196550.0,58.6,2.0,1.0,Buen estado,1987-01-01,5,False,True,False,False,False,6.42,2024-12-07,40-80,3354.1
3544,Valencia,Benimaclet,Venta,Piso,233070.0,83.9,3.0,2.0,Buen estado,1983-01-01,8,False,False,True,False,False,4.45,2024-12-03,80-120,2777.95
3545,Valencia,Benimaclet,Venta,Piso,139722.0,51.7,2.0,1.0,Buen estado,2004-01-01,3,True,False,False,True,False,3.2,2025-03-22,40-80,2702.55
3546,Valencia,Campanar,Alquiler,Piso,212834.0,82.3,3.0,2.0,Buen estado,2020-01-01,Bajo,False,False,True,False,False,3.86,2025-02-17,80-120,2586.08
3547,Valencia,Benimaclet,Venta,Piso,317351.0,92.1,3.0,2.0,Obra nueva,2022-01-01,1,True,True,True,False,True,8.47,2025-01-07,80-120,3445.72
3548,Valencia,El Carmen,Venta,Piso,288059.0,118.5,3.0,2.0,Buen estado,1979-01-01,8,True,False,False,True,False,6.45,2025-01-28,80-120,2430.88
3549,Valencia,El Carmen,Venta,Piso,178860.0,53.6,2.0,1.0,Buen estado,2004-01-01,7,True,True,True,False,False,6.07,2025-04-04,40-80,3336.94
3550,Valencia,Ensanche,Venta,Piso,158981.0,49.0,2.0,1.0,Buen estado,1995-01-01,5,True,True,False,False,True,1.54,2024-12-05,40-80,3244.51
3551,Valencia,Benimaclet,Alquiler,Piso,390142.0,116.5,3.0,2.0,Buen estado,1940-01-01,8,False,False,False,False,False,4.86,2025-03-02,80-120,3348.86
3552,Valencia,Ruzafa,Venta,Piso,291970.0,79.5,2.0,1.0,Buen estado,1998-01-01,4,True,True,False,False,True,4.52,,40-80,3672.58
3553,Valencia,Benimaclet,Venta,Piso,307603.0,98.0,3.0,2.0,Obra nueva,2019-01-01,9,True,True,False,True,True,5.61,2025-01-18,80-120,3138.81
3554,Valencia,Campanar,Alquiler,Piso,152322.0,79.9,2.0,1.0,Buen estado,1969-01-01,6,False,False,False,False,True,5.28,,40-80,1906.41
3555,Valencia,Campanar,Venta,Piso,270285.0,91.7,3.0,2.0,Buen estado,1996-01-01,6,True,False,False,False,False,3.56,2024-12-15,80-120,2947.49
3556,Valencia,Ensanche,Venta,Piso,380382.0,112.5,3.0,2.0,Buen estado,1996-01-01,Bajo,False,False,False,True,False,6.72,2025-04-03,80-120,3381.17
3557,Valencia,Ruzafa,Venta,Piso,138365.0,78.3,2.0,1.0,Buen estado,1990-01-01,7,True,True,False,False,True,3.79,,40-80,1767.11
3558,Valencia,Campanar,Venta,Piso,196661.0,74.6,2.0,1.0,Obra nueva,2023-01-01,5,True,True,True,True,True,3.56,2024-11-19,40-80,2636.21
3559,Valencia,Ruzafa,Alquiler,Piso,343459.0,87.5,3.0,2.0,Buen estado,1974-01-01,8,True,False,False,False,True,,2024-12-22,80-120,3925.25
3560,Valencia,Ensanche,Venta,Piso,222893.0,67.5,2.0,1.0,Buen estado,1966-01-01,8,False,False,False,True,False,5.24,2025-02-18,40-80,3302.12
3561,Valencia,Ensanche,Venta,Piso,247013.0,69.9,2.0,1.0,Obra nueva,2022-01-01,7,True,True,True,True,True,5.65,2025-03-07,40-80,3533.81
3562,Valencia,Ensanche,Venta,Sin_clasificar,,,6.0,1.0,Reformado,1989-01-01,7,True,False,False,True,True,4.67,2025-01-01,,
3563,Valencia,Campanar,Venta,Piso,175188.0,65.6,2.0,1.0,Reformado,1980-01-01,1,True,False,False,False,False,5.63,2025-03-09,40-80,2670.55
3564,Valencia,Ruzafa,Venta,Piso,113701.0,52.4,2.0,1.0,Obra nueva,2021-01-01,8,True,True,False,False,True,6.28,2025-03-13,40-80,2169.87
3565,Valencia,Ruzafa,Alquiler,Ático,422517.0,134.0,4.0,2.0,Buen estado,1970-01-01,Ático,True,True,True,True,False,1.72,2025-03-13,120-160,3153.11
3566,Valencia,Benimaclet,Alquiler,Piso,216615.0,82.0,3.0,2.0,Reformado,1991-01-01,9,True,True,True,False,False,5.26,2025-02-21,80-120,2641.65
3567,Valencia,Ensanche,Alquiler,Piso,279701.0,102.4,3.0,2.0,Buen estado,2009-01-01,1,False,False,False,False,True,5.16,2024-12-16,80-120,2731.46
3568,Valencia,El Carmen,Venta,Piso,284379.0,99.1,3.0,2.0,Buen estado,1956-01-01,6,False,True,False,False,True,4.66,2025-02-19,80-120,2869.62
3569,Valencia,Ruzafa,Venta,Piso,291785.0,91.9,3.0,2.0,Buen estado,2011-01-01,3,True,True,False,False,True,8.17,2025-02-21,80-120,3175.03
3570,Valencia,Campanar,Venta,Sin_clasificar,,,4.0,2.0,Buen estado,1978-01-01,1,True,True,False,False,False,5.64,2025-03-05,,
3571,Valencia,El Carmen,Venta,Piso,120035.0,84.7,3.0,2.0,Obra nueva,2018-01-01,4,True,False,True,False,True,6.16,2025-01-03,80-120,1417.18
3572,Valencia,Campanar,Venta,Ático,187040.0,64.6,2.0,1.0,Obra nueva,2022-01-01,Ático,False,True,True,True,True,2.99,2025-03-04,40-80,2895.36
3573,Valencia,El Carmen,Alquiler,Piso,377497.0,91.9,3.0,2.0,Buen estado,1961-01-01,5,False,False,True,True,False,5.59,2024-12-28,80-120,4107.69
3574,Valencia,El Carmen,Venta,Piso,111708.0,40.2,2.0,1.0,Buen estado,1998-01-01,3,True,True,False,False,False,6.57,2024-12-04,40-80,2778.81
3575,Valencia,Ensanche,Venta,Piso,246699.0,81.4,3.0,2.0,Buen estado,1978-01-01,8,False,True,False,True,True,5.37,2025-02-23,80-120,3030.7
3576,Valencia,Ruzafa,Alquiler,Piso,310275.0,97.2,3.0,2.0,Obra nueva,2023-01-01,5,True,False,True,True,True,4.87,2024-11-27,80-120,3192.13
3577,Valencia,El Carmen,Venta,Piso,135254.0,40.7,2.0,1.0,Obra nueva,2018-01-01,9,True,True,True,True,True,4.76,2024-12-09,40-80,3323.19
3578,Valencia,Campanar,Venta,Piso,193036.0,79.3,2.0,1.0,Reformado,1982-01-01,2,True,True,False,False,False,2.57,2025-03-04,40-80,2434.25
3579,Valencia,Benimaclet,Venta,Piso,224619.0,58.8,2.0,1.0,Buen estado,1968-01-01,1,True,False,True,False,True,3.72,,40-80,3820.05
3580,Valencia,Benimaclet,Venta,Piso,244743.0,90.4,3.0,2.0,Buen estado,1963-01-01,8,True,True,False,False,False,4.99,2024-11-03,80-120,2707.33
3581,Valencia,Campanar,Alquiler,Piso,228921.0,77.0,2.0,1.0,Buen estado,1990-01-01,2,False,False,False,True,False,7.64,2024-12-24,40-80,2973.0
3582,Valencia,El Carmen,Alquiler,Piso,370701.0,106.8,3.0,2.0,Buen estado,1959-01-01,5,True,True,False,True,False,5.01,2025-04-05,80-120,3470.98
3583,Valencia,Campanar,Venta,Piso,237315.0,94.6,3.0,2.0,Buen estado,1987-01-01,7,True,True,False,False,True,5.41,2024-10-29,80-120,2508.62
3584,Valencia,El Carmen,Venta,Sin_clasificar,,,2.0,1.0,Buen estado,1988-01-01,9,True,False,False,False,False,4.72,2024-12-10,,
3585,Valencia,El Carmen,Venta,Piso,216669.0,62.0,2.0,1.0,Buen estado,1975-01-01,Bajo,False,False,False,True,False,7.18,2025-03-18,40-80,3494.66
3586,Valencia,Ensanche,Venta,Piso,185563.0,86.3,3.0,2.0,A reformar,1997-01-01,6,False,True,False,True,False,6.56,2024-11-01,80-120,2150.21
3587,Valencia,Ensanche,Venta,Piso,300496.0,127.5,4.0,2.0,Buen estado,1982-01-01,1,True,True,True,True,False,5.71,2025-03-24,120-160,2356.83
3588,Valencia,Ensanche,Alquiler,Piso,123953.0,55.8,2.0,1.0,Buen estado,1976-01-01,7,False,False,True,True,False,3.96,2025-03-03,40-80,2221.38
3589,Valencia,El Carmen,Venta,Piso,272049.0,80.2,3.0,2.0,Buen estado,2014-01-01,6,True,False,False,True,False,4.94,2024-12-22,80-120,3392.13
3590,Valencia,El Carmen,Venta,Piso,226516.0,88.0,3.0,2.0,Buen estado,1976-01-01,2,True,False,False,True,False,3.74,2025-02-16,80-120,2574.05
3591,Valencia,El Carmen,Venta,Piso,249989.0,89.5,3.0,2.0,Buen estado,1986-01-01,2,True,False,False,True,False,,2025-02-25,80-120,2793.17
3592,Valencia,Campanar,Venta,Piso,262480.0,90.4,3.0,2.0,Buen estado,1981-01-01,Bajo,True,False,False,True,False,4.53,2025-01-04,80-120,2903.54
3593,Valencia,El Carmen,Venta,Piso,279430.0,97.1,3.0,2.0,Buen estado,1979-01-01,4,True,True,False,True,False,4.21,2024-12-13,80-120,2877.75
3594,Valencia,Ruzafa,Alquiler,Piso,208700.0,56.5,2.0,1.0,Buen estado,1959-01-01,1,False,False,False,True,False,6.2,2025-03-17,40-80,3693.81
3595,Valencia,Benimaclet,Alquiler,Piso,294621.0,92.4,3.0,2.0,Reformado,2002-01-01,5,True,True,False,False,True,5.05,2025-02-23,80-120,3188.54
3596,Valencia,Ensanche,Venta,Piso,191749.0,65.6,2.0,1.0,A reformar,1980-01-01,1,True,False,False,False,False,5.62,2024-10-18,40-80,2923.0
3597,Valencia,El Carmen,Venta,Piso,266081.0,84.0,3.0,2.0,Buen estado,1970-01-01,3,True,True,False,True,True,3.82,2024-10-11,80-120,3167.63
3598,Valencia,Ensanche,Venta,Piso,228590.0,84.6,3.0,2.0,Buen estado,1982-01-01,8,False,False,False,False,True,4.06,2024-11-04,80-120,2702.01
3599,Valencia,Ensanche,Venta,Piso,344945.0,112.1,3.0,2.0,Buen estado,1985-01-01,8,True,True,False,False,False,4.37,2025-03-06,80-120,3077.12
3600,Valencia,El Carmen,Venta,Piso,305493.0,80.9,3.0,2.0,Reformado,1974-01-01,9,True,False,False,True,False,4.55,2025-01-22,80-120,3776.18
3601,Valencia,Campanar,Alquiler,Ático,351153.0,144.7,4.0,2.0,Buen estado,2007-01-01,Ático,False,True,False,True,False,4.52,2025-03-13,120-160,2426.77
3602,Valencia,Ruzafa,Venta,Piso,,86.2,3.0,2.0,Buen estado,1968-01-01,4,False,True,False,False,False,6.51,2025-03-15,80-120,
3603,Valencia,Campanar,Venta,Piso,170597.0,43.8,2.0,1.0,Buen estado,1993-01-01,5,False,False,False,False,False,4.83,2024-11-06,40-80,3894.91
3604,Valencia,El Carmen,Alquiler,Piso,181543.0,60.4,2.0,1.0,Buen estado,1998-01-01,7,False,False,True,False,False,3.81,2024-11-12,40-80,3005.68
3605,Valencia,Benimaclet,Venta,Ático,139652.0,50.1,2.0,1.0,Buen estado,1974-01-01,Ático,False,False,False,True,False,1.87,2025-01-25,40-80,2787.47
3606,Valencia,Campanar,Alquiler,Piso,353651.0,83.8,3.0,2.0,Obra nueva,2021-01-01,4,True,True,False,True,False,5.71,2024-10-17,80-120,4220.18
3607,Valencia,El Carmen,Venta,Piso,610631.0,197.14,5.0,3.0,Buen estado,1979-01-01,8,False,False,True,False,True,6.76,2024-10-25,160-200,3097.45
3608,Valencia,Campanar,Venta,Piso,683523.0,102.3,3.0,2.0,Buen estado,1981-01-01,5,True,False,False,False,False,5.64,2025-02-17,80-120,6681.55
3609,Valencia,El Carmen,Alquiler,Piso,203114.0,94.9,3.0,2.0,Buen estado,2003-01-01,7,True,True,False,False,False,6.1,2025-02-01,80-120,2140.3
3610,Valencia,Ruzafa,Alquiler,Piso,327019.0,104.2,3.0,2.0,Obra nueva,2022-01-01,Bajo,True,True,True,True,True,4.9,,80-120,3138.38
3611,Valencia,Ruzafa,Alquiler,Ático,259337.0,79.4,2.0,1.0,Buen estado,1970-01-01,Ático,True,True,False,False,True,7.05,2025-01-24,40-80,3266.21
3612,Valencia,Ruzafa,Venta,Piso,281916.0,99.1,3.0,2.0,Buen estado,1991-01-01,4,False,False,True,False,False,4.24,2024-11-20,80-120,2844.76
3613,Valencia,Ruzafa,Alquiler,Piso,148050.0,48.2,2.0,1.0,Obra nueva,2019-01-01,1,True,True,False,True,True,4.81,2025-03-14,40-80,3071.58
3614,Valencia,Ruzafa,Alquiler,Piso,,87.7,3.0,2.0,Buen estado,1961-01-01,Bajo,False,False,False,False,False,,2024-12-16,80-120,
3615,Valencia,Ensanche,Venta,Piso,280065.0,105.8,3.0,2.0,Buen estado,1989-01-01,9,True,False,False,False,False,4.97,,80-120,2647.12
3616,Valencia,Ensanche,Venta,Piso,278203.0,80.6,3.0,2.0,Buen estado,2001-01-01,3,True,True,False,True,False,3.12,2025-02-27,80-120,3451.65
3617,Valencia,Ruzafa,Venta,Piso,239550.0,103.5,3.0,2.0,Buen estado,1976-01-01,1,True,False,True,True,True,3.33,2025-03-20,80-120,2314.49
3618,Valencia,El Carmen,Venta,Piso,380011.0,106.9,3.0,2.0,A reformar,1987-01-01,Bajo,False,True,False,True,False,3.74,2025-03-08,80-120,3554.83
3619,Valencia,Campanar,Venta,Piso,221112.0,72.2,2.0,1.0,A reformar,1985-01-01,9,True,True,True,False,True,6.98,2025-01-21,40-80,3062.49
3620,Valencia,El Carmen,Venta,Piso,198857.0,80.7,3.0,2.0,A reformar,1986-01-01,4,True,True,True,True,True,4.85,2024-11-14,80-120,2464.15
3621,Valencia,El Carmen,Venta,Ático,168278.0,71.0,2.0,1.0,Reformado,1959-01-01,Ático,True,False,False,False,True,5.0,2025-03-30,40-80,2370.11
3622,Valencia,El Carmen,Venta,Piso,236891.0,66.8,2.0,1.0,Buen estado,1971-01-01,9,False,False,False,True,True,4.53,2024-10-22,40-80,3546.27
3623,Valencia,Ruzafa,Venta,Piso,144805.0,49.0,2.0,1.0,Buen estado,1994-01-01,6,True,False,False,False,False,4.8,2024-12-03,40-80,2955.2
3624,Valencia,Ruzafa,Venta,Ático,187543.0,78.4,2.0,1.0,Buen estado,1978-01-01,Ático,False,True,False,False,False,3.57,2024-11-21,40-80,2392.13
3625,Valencia,Ruzafa,Alquiler,Sin_clasificar,,,1.0,,Buen estado,1973-01-01,9,True,False,True,True,False,4.9,2025-01-02,,
3626,Valencia,El Carmen,Venta,Piso,211592.0,59.8,2.0,1.0,Obra nueva,2018-01-01,9,True,True,False,True,False,6.48,2025-01-09,40-80,3538.33
3627,Valencia,El Carmen,Venta,Piso,140316.0,66.0,2.0,1.0,Buen estado,1992-01-01,5,True,False,False,False,False,4.44,2025-02-05,40-80,2126.0
3628,Valencia,Benimaclet,Venta,Piso,349818.0,97.7,3.0,2.0,Buen estado,1991-01-01,3,True,False,False,True,False,3.29,2024-11-12,80-120,3580.53
3629,Valencia,Ensanche,Alquiler,Piso,231346.0,81.7,3.0,2.0,Buen estado,2012-01-01,7,True,True,False,False,False,5.93,2024-12-03,80-120,2831.65
3630,Valencia,Campanar,Venta,Piso,413192.0,188.94,5.0,3.0,Obra nueva,2023-01-01,7,True,False,True,True,True,7.05,2024-11-21,160-200,2186.9
3631,Valencia,El Carmen,Venta,Piso,,112.2,3.0,2.0,Obra nueva,2022-01-01,Bajo,True,True,False,True,True,6.25,2025-02-16,80-120,
3632,Valencia,Benimaclet,Alquiler,Piso,224274.0,68.8,2.0,1.0,Buen estado,1989-01-01,2,True,False,False,True,False,5.99,2024-11-08,40-80,3259.8
3633,Valencia,Ruzafa,Alquiler,Piso,253748.0,80.5,3.0,2.0,Reformado,1972-01-01,4,False,False,True,False,True,4.95,2025-01-21,80-120,3152.15
3634,Valencia,Ruzafa,Alquiler,Piso,175162.0,66.7,2.0,1.0,Buen estado,2001-01-01,1,True,False,False,False,True,4.42,2025-02-07,40-80,2626.12
3635,Valencia,Ruzafa,Venta,Piso,162920.0,59.3,2.0,1.0,Buen estado,1969-01-01,2,True,True,False,False,False,,2024-12-05,40-80,2747.39
3636,Valencia,Ensanche,Venta,Piso,,75.3,2.0,1.0,Reformado,1962-01-01,2,False,True,True,False,False,4.85,2025-01-09,40-80,
3637,Valencia,El Carmen,Venta,Piso,231531.0,76.8,2.0,1.0,Buen estado,1986-01-01,2,False,False,False,False,False,6.08,2024-12-02,40-80,3014.73
3638,Valencia,Campanar,Venta,Ático,249532.0,86.8,3.0,2.0,A reformar,1997-01-01,Ático,True,False,False,False,False,5.35,2024-10-13,80-120,2874.79
3639,Valencia,Campanar,Venta,Piso,294678.0,80.9,3.0,2.0,Buen estado,1966-01-01,7,True,True,False,True,False,4.2,2024-11-24,80-120,3642.5
3640,Valencia,Benimaclet,Venta,Ático,350532.0,119.0,3.0,2.0,Buen estado,1972-01-01,Ático,False,False,False,False,False,4.43,2025-03-18,80-120,2945.65
3641,Valencia,Ensanche,Venta,Piso,268286.0,80.9,3.0,2.0,Buen estado,1991-01-01,6,True,False,True,False,False,0.92,2024-10-29,80-120,3316.27
3642,Valencia,Benimaclet,Venta,Ático,232506.0,71.7,2.0,1.0,Buen estado,1993-01-01,Ático,False,False,False,False,False,7.41,2024-11-12,40-80,3242.76
3643,Valencia,Ensanche,Alquiler,Piso,177902.0,65.9,2.0,1.0,Buen estado,2007-01-01,8,False,True,False,True,True,2.18,2025-01-06,40-80,2699.58
3644,Valencia,Ruzafa,Venta,Ático,327927.0,102.9,3.0,2.0,Buen estado,1972-01-01,Ático,True,True,False,False,False,4.86,2024-11-06,80-120,3186.85
3645,Valencia,Ensanche,Alquiler,Sin_clasificar,,,5.0,4.0,Reformado,1997-01-01,1,False,False,False,True,True,4.33,2024-11-21,,
3646,Valencia,Benimaclet,Venta,Piso,255821.0,85.0,3.0,2.0,Obra nueva,2020-01-01,9,False,True,False,False,False,2.9,2025-02-23,80-120,3009.66
3647,Valencia,Benimaclet,Venta,Ático,310575.0,102.7,3.0,2.0,Obra nueva,2022-01-01,Ático,True,False,False,True,False,,2025-01-24,80-120,3024.1
3648,Valencia,El Carmen,Venta,Piso,283670.0,92.1,3.0,2.0,Buen estado,1985-01-01,Bajo,False,True,False,False,False,,2025-02-14,80-120,3080.02
3649,Valencia,Campanar,Venta,Piso,300324.0,83.0,3.0,2.0,Buen estado,1986-01-01,3,True,True,True,True,False,2.27,2025-01-29,80-120,3618.36
3650,Valencia,Campanar,Alquiler,Piso,189676.0,73.1,2.0,1.0,Buen estado,1999-01-01,Bajo,True,False,True,False,False,8.2,2025-02-11,40-80,2594.75
3651,Valencia,Ensanche,Venta,Piso,269095.0,118.3,3.0,2.0,Buen estado,1975-01-01,4,True,True,True,True,True,3.33,,80-120,2274.68
3652,Valencia,Ruzafa,Venta,Estudio,130511.0,38.6,0.0,1.0,Obra nueva,2019-01-01,6,True,False,True,True,False,4.5,2025-03-13,0-40,3381.11
3653,Valencia,El Carmen,Alquiler,Piso,224362.0,73.7,2.0,1.0,A reformar,1954-01-01,4,False,True,True,True,False,6.29,2025-02-24,40-80,3044.26
3654,Valencia,Ensanche,Venta,Piso,,96.8,3.0,2.0,Reformado,1987-01-01,Bajo,True,True,False,False,False,2.09,2025-02-15,80-120,
3655,Valencia,El Carmen,Venta,Piso,152976.0,58.8,2.0,1.0,Buen estado,2019-01-01,5,False,False,False,False,False,6.66,2024-12-18,40-80,2601.63
3656,Valencia,Benimaclet,Venta,Piso,214829.0,61.9,2.0,1.0,Buen estado,2017-01-01,1,True,True,False,False,True,6.89,2024-11-20,40-80,3470.58
3657,Valencia,El Carmen,Alquiler,Piso,178429.0,77.8,2.0,1.0,Reformado,1999-01-01,2,True,True,False,True,False,4.69,2024-10-12,40-80,2293.43
3658,Valencia,Ensanche,Alquiler,Piso,,40.9,2.0,1.0,Buen estado,1965-01-01,3,False,True,True,False,False,5.43,2024-10-09,40-80,
3659,Valencia,Ruzafa,Venta,Piso,402700.0,125.7,4.0,2.0,Buen estado,1975-01-01,4,False,True,False,False,False,,2025-01-20,120-160,3203.66
3660,Valencia,Benimaclet,Venta,Piso,178952.0,67.9,2.0,1.0,Buen estado,1971-01-01,8,True,False,True,True,True,4.2,2025-02-19,40-80,2635.52
3661,Valencia,Campanar,Alquiler,Piso,255843.0,99.6,3.0,2.0,Buen estado,1994-01-01,4,False,True,False,False,False,3.62,2024-11-08,80-120,2568.7
3662,Valencia,Benimaclet,Alquiler,Estudio,95578.0,30.0,0.0,1.0,A reformar,1951-01-01,1,True,True,False,True,True,7.26,2025-01-15,0-40,3185.93
3663,Valencia,Campanar,Alquiler,Ático,166218.0,64.9,2.0,1.0,Obra nueva,2019-01-01,Ático,True,True,False,True,True,6.67,2025-02-12,40-80,2561.14
3664,Valencia,El Carmen,Alquiler,Piso,177791.0,90.1,3.0,2.0,Buen estado,1996-01-01,8,True,True,False,False,False,6.99,2025-03-05,80-120,1973.26
3665,Valencia,Benimaclet,Alquiler,Piso,391208.0,111.6,3.0,2.0,Buen estado,1975-01-01,8,True,True,False,True,False,5.54,2025-01-03,80-120,3505.45
3666,Valencia,Ensanche,Venta,Piso,333391.0,95.1,3.0,2.0,Buen estado,1969-01-01,8,True,True,False,False,False,7.0,2025-01-25,80-120,3505.69
3667,Valencia,Benimaclet,Alquiler,Sin_clasificar,,,1.0,1.0,Buen estado,2015-01-01,Bajo,True,False,False,False,True,4.65,2025-03-10,,
3668,Valencia,Campanar,Venta,Piso,180598.0,75.5,2.0,1.0,Buen estado,2015-01-01,1,True,False,False,False,True,1.57,2024-11-02,40-80,2392.03
3669,Valencia,El Carmen,Alquiler,Piso,231720.0,64.8,2.0,1.0,Buen estado,1972-01-01,1,False,False,False,True,False,6.27,2024-12-29,40-80,3575.93
3670,Valencia,Ruzafa,Venta,Piso,439403.0,135.3,4.0,2.0,Buen estado,1995-01-01,4,True,False,False,True,False,5.46,2025-01-01,120-160,3247.62
3671,Valencia,Campanar,Venta,Piso,273629.0,98.0,3.0,2.0,Obra nueva,2019-01-01,Bajo,True,False,False,False,True,5.49,2024-11-26,80-120,2792.13
3672,Valencia,Ensanche,Alquiler,Piso,246668.0,80.3,3.0,2.0,Buen estado,1977-01-01,3,True,False,False,False,True,3.32,2024-12-30,80-120,3071.83
3673,Valencia,El Carmen,Venta,Piso,145989.0,71.7,2.0,1.0,Buen estado,2019-01-01,6,True,False,False,True,True,4.43,2025-03-05,40-80,2036.11
3674,Valencia,Campanar,Venta,Piso,201821.0,67.8,2.0,1.0,Reformado,2003-01-01,4,False,True,False,False,True,6.25,2025-01-20,40-80,2976.71
3675,Valencia,Benimaclet,Venta,Piso,155202.0,58.9,2.0,1.0,Buen estado,1977-01-01,8,True,True,False,True,False,3.04,2024-11-13,40-80,2635.01
3676,Valencia,Ensanche,Alquiler,Piso,239570.0,71.4,2.0,1.0,Obra nueva,2023-01-01,8,True,True,False,True,False,5.08,2024-11-01,40-80,3355.32
3677,Valencia,Campanar,Venta,Piso,236605.0,106.4,3.0,2.0,Buen estado,1969-01-01,7,False,True,False,True,False,3.94,2025-03-10,80-120,2223.73
3678,Valencia,Ensanche,Alquiler,Piso,323338.0,88.2,3.0,2.0,Reformado,1988-01-01,2,False,False,True,True,True,4.57,2024-10-17,80-120,3665.96
3679,Valencia,Campanar,Venta,Sin_clasificar,,,6.0,1.0,Buen estado,1963-01-01,5,True,True,True,False,True,6.63,2024-11-12,,
3680,Valencia,Benimaclet,Venta,Piso,284597.0,79.7,2.0,1.0,Buen estado,1961-01-01,3,True,False,False,True,True,,,40-80,3570.85
3681,Valencia,Ensanche,Venta,Piso,233288.0,89.4,3.0,2.0,Buen estado,1981-01-01,7,True,False,False,True,False,,2024-10-13,80-120,2609.49
3682,Valencia,Ruzafa,Venta,Piso,159412.0,49.9,2.0,1.0,Buen estado,1961-01-01,8,False,False,False,False,True,5.22,2024-11-13,40-80,3194.63
3683,Valencia,Campanar,Alquiler,Piso,292264.0,75.3,2.0,1.0,Buen estado,1998-01-01,6,True,False,False,False,False,5.51,2024-10-26,40-80,3881.33
3684,Valencia,El Carmen,Alquiler,Piso,195709.0,55.9,2.0,1.0,Buen estado,2006-01-01,Bajo,False,True,False,False,True,5.1,2024-12-21,40-80,3501.06
3685,Valencia,Benimaclet,Venta,Piso,306251.0,91.3,3.0,2.0,Buen estado,2020-01-01,2,False,True,False,True,True,6.05,2024-12-04,80-120,3354.34
3686,Valencia,Ruzafa,Venta,Piso,212918.0,74.1,2.0,1.0,Buen estado,1972-01-01,2,True,False,False,False,False,6.9,2025-03-01,40-80,2873.39
3687,Valencia,El Carmen,Venta,Piso,147554.0,48.9,2.0,1.0,Buen estado,1967-01-01,2,True,False,True,False,False,4.23,2024-11-29,40-80,3017.46
3688,Valencia,El Carmen,Venta,Piso,276448.0,81.0,3.0,2.0,Buen estado,1961-01-01,1,False,True,False,True,False,7.06,2025-01-06,80-120,3412.94
3689,Valencia,Ruzafa,Venta,Piso,312395.0,76.0,2.0,1.0,Buen estado,2012-01-01,8,True,True,False,False,True,2.68,2025-01-12,40-80,4110.46
3690,Valencia,Ruzafa,Venta,Piso,236874.0,85.9,3.0,2.0,Obra nueva,2019-01-01,4,False,False,True,True,True,6.34,,80-120,2757.56
3691,Valencia,Benimaclet,Alquiler,Piso,222240.0,74.6,2.0,1.0,Buen estado,2001-01-01,2,False,False,True,False,False,6.39,2024-11-14,40-80,2979.09
3692,Valencia,Benimaclet,Venta,Piso,159464.0,71.5,2.0,1.0,Buen estado,1986-01-01,6,True,False,True,False,False,4.97,2024-10-15,40-80,2230.27
3693,Valencia,Ruzafa,Venta,Sin_clasificar,,,8.0,1.0,Buen estado,1988-01-01,7,True,False,True,False,False,4.5,2025-03-18,,
3694,Valencia,El Carmen,Alquiler,Piso,260161.0,84.7,3.0,2.0,Obra nueva,2020-01-01,3,True,True,True,True,True,3.79,2025-01-06,80-120,3071.56
3695,Valencia,Campanar,Alquiler,Piso,204504.0,52.4,2.0,1.0,A reformar,1997-01-01,8,True,False,False,False,False,2.43,2024-11-21,40-80,3902.75
3696,Valencia,El Carmen,Alquiler,Piso,158189.0,64.0,2.0,1.0,Obra nueva,2019-01-01,7,True,False,True,False,False,4.12,2025-03-29,40-80,2471.7
3697,Valencia,El Carmen,Venta,Sin_clasificar,,,2.0,1.0,Buen estado,1998-01-01,6,True,True,False,False,True,4.92,2025-04-07,,
3698,Valencia,Benimaclet,Alquiler,Piso,314565.0,88.5,3.0,2.0,Obra nueva,2019-01-01,2,False,True,True,True,False,3.89,2024-12-18,80-120,3554.41
3699,Valencia,Ruzafa,Alquiler,Piso,363791.0,120.0,4.0,2.0,Buen estado,2020-01-01,6,False,False,False,False,False,4.51,2025-02-25,120-160,3031.59
3700,Valencia,Benimaclet,Venta,Piso,107444.0,44.3,2.0,1.0,Obra nueva,2020-01-01,7,True,True,False,True,True,5.01,2025-02-05,40-80,2425.37
3701,Sevilla,Triana,Venta,Piso,206506.0,50.2,2.0,1.0,Buen estado,1945-01-01,5,True,True,True,False,False,,2024-10-12,40-80,4113.67
3702,Sevilla,Triana,Venta,Piso,238906.0,77.6,2.0,1.0,Obra nueva,2020-01-01,8,True,True,False,False,True,7.08,2025-03-02,40-80,3078.69
3703,Sevilla,Macarena,Alquiler,Piso,367056.0,101.5,3.0,2.0,Buen estado,1988-01-01,5,False,True,False,True,False,2.88,2024-12-17,80-120,3616.32
3704,Sevilla,Nervión,Venta,Piso,188625.0,54.0,2.0,1.0,Buen estado,1982-01-01,6,False,False,False,True,False,5.29,2025-02-26,40-80,3493.06
3705,Sevilla,Nervión,Alquiler,Ático,265465.0,74.3,2.0,1.0,Buen estado,1957-01-01,Ático,False,False,False,False,True,3.92,2025-01-27,40-80,3572.88
3706,Sevilla,Los Remedios,Venta,Piso,265178.0,76.0,2.0,1.0,Buen estado,1988-01-01,4,False,True,False,False,True,4.66,2025-03-05,40-80,3489.18
3707,Sevilla,Nervión,Venta,Piso,289272.0,84.0,3.0,2.0,Buen estado,1971-01-01,4,True,True,False,True,True,5.57,2025-03-22,80-120,3443.71
3708,Sevilla,Triana,Alquiler,Piso,192213.0,71.1,2.0,1.0,Obra nueva,2021-01-01,3,False,True,False,False,False,5.48,2025-02-25,40-80,2703.42
3709,Sevilla,Santa Cruz,Venta,Ático,293231.0,90.3,3.0,2.0,Buen estado,1988-01-01,Ático,False,True,True,False,True,5.25,2025-01-26,80-120,3247.3
3710,Sevilla,Nervión,Venta,Piso,232600.0,76.4,2.0,1.0,Buen estado,1999-01-01,4,False,False,False,True,False,4.92,2025-02-14,40-80,3044.5
3711,Sevilla,Santa Cruz,Alquiler,Piso,305554.0,99.1,3.0,2.0,Buen estado,1991-01-01,4,True,True,False,True,False,4.22,,80-120,3083.29
3712,Sevilla,Macarena,Venta,Piso,261041.0,97.2,3.0,2.0,Buen estado,1965-01-01,Bajo,True,False,False,False,True,4.45,2025-01-05,80-120,2685.61
3713,Sevilla,Triana,Alquiler,Piso,509911.0,174.76,5.0,3.0,Buen estado,1982-01-01,2,False,True,False,True,True,6.46,2025-01-11,160-200,2917.78
3714,Sevilla,Los Remedios,Venta,Piso,239222.0,62.4,2.0,1.0,Buen estado,1982-01-01,2,True,True,True,True,True,4.87,2024-12-11,40-80,3833.69
3715,Sevilla,Triana,Venta,Piso,234300.0,86.5,3.0,2.0,Buen estado,1988-01-01,8,True,False,False,False,False,6.19,2025-01-25,80-120,2708.67
3716,Sevilla,Triana,Alquiler,Ático,227704.0,63.8,2.0,1.0,Buen estado,1987-01-01,Ático,True,True,True,True,True,3.44,2025-02-15,40-80,3569.03
3717,Sevilla,Macarena,Venta,Piso,338678.0,94.1,3.0,2.0,Buen estado,2002-01-01,3,True,True,True,False,False,5.35,2024-11-04,80-120,3599.13
3718,Sevilla,Santa Cruz,Venta,Piso,500725.0,129.5,4.0,2.0,Buen estado,1986-01-01,Bajo,False,False,False,False,False,1.96,2024-10-29,120-160,3866.6
3719,Sevilla,Triana,Alquiler,Piso,319243.0,109.0,3.0,2.0,Buen estado,1955-01-01,4,True,False,False,False,False,6.41,2025-02-07,80-120,2928.83
3720,Sevilla,Triana,Venta,Piso,191972.0,82.0,3.0,2.0,Buen estado,1961-01-01,1,False,True,False,False,False,1.27,2025-03-08,80-120,2341.12
3721,Sevilla,Macarena,Alquiler,Piso,,86.7,3.0,2.0,Buen estado,2001-01-01,1,True,False,False,False,False,,2025-03-19,80-120,
3722,Sevilla,Macarena,Alquiler,Piso,374431.0,140.0,4.0,2.0,A reformar,1983-01-01,5,True,False,True,False,False,6.17,2025-04-02,120-160,2674.51
3723,Sevilla,Santa Cruz,Alquiler,Piso,322223.0,94.2,3.0,2.0,Obra nueva,2020-01-01,1,True,True,True,False,True,4.98,,80-120,3420.63
3724,Sevilla,Los Remedios,Alquiler,Piso,283123.0,82.3,3.0,2.0,Obra nueva,2020-01-01,5,True,True,False,True,False,3.97,2024-10-11,80-120,3440.13
3725,Sevilla,Triana,Venta,Piso,466659.0,113.1,3.0,2.0,Buen estado,1964-01-01,5,False,False,False,False,False,,2025-02-21,80-120,4126.07
3726,Sevilla,Nervión,Alquiler,Piso,298651.0,92.6,3.0,2.0,Reformado,1971-01-01,8,False,True,False,True,False,,2025-02-21,80-120,3225.17
3727,Sevilla,Macarena,Venta,Piso,204234.0,75.5,2.0,1.0,Buen estado,1972-01-01,7,True,True,False,False,False,6.77,2025-03-11,40-80,2705.09
3728,Sevilla,Triana,Alquiler,Piso,305671.0,101.6,3.0,2.0,Reformado,1972-01-01,1,False,False,False,False,False,6.52,2025-01-26,80-120,3008.57
3729,Sevilla,Triana,Venta,Piso,232101.0,82.5,3.0,2.0,Obra nueva,2021-01-01,2,True,True,False,False,False,3.15,2024-11-11,80-120,2813.35
3730,Sevilla,Nervión,Venta,Piso,236393.0,62.6,2.0,1.0,Buen estado,2020-01-01,6,True,True,True,False,True,4.26,2024-12-12,40-80,3776.25
3731,Sevilla,Macarena,Venta,Piso,348820.0,100.7,3.0,2.0,Buen estado,1967-01-01,5,True,False,False,False,False,4.26,2024-12-06,80-120,3463.95
3732,Sevilla,Triana,Venta,Piso,187682.0,82.2,3.0,2.0,Reformado,1980-01-01,Bajo,True,True,False,True,False,9.65,2024-11-24,80-120,2283.24
3733,Sevilla,Los Remedios,Venta,Piso,221668.0,68.8,2.0,1.0,Obra nueva,2020-01-01,5,True,False,False,True,True,6.88,2025-02-05,40-80,3221.92
3734,Sevilla,Santa Cruz,Venta,Piso,124439.0,43.2,2.0,1.0,Buen estado,1984-01-01,4,False,True,False,False,False,3.15,2024-11-27,40-80,2880.53
3735,Sevilla,Nervión,Venta,Piso,289090.0,86.4,3.0,2.0,Buen estado,1977-01-01,1,True,False,False,True,False,5.94,2025-01-17,80-120,3345.95
3736,Sevilla,Santa Cruz,Venta,Piso,248611.0,94.2,3.0,2.0,Buen estado,1946-01-01,6,True,True,True,True,True,4.58,2025-02-27,80-120,2639.18
3737,Sevilla,Los Remedios,Alquiler,Piso,288097.0,80.5,3.0,2.0,Buen estado,1979-01-01,Bajo,False,False,False,False,False,5.27,2025-01-16,80-120,3578.84
3738,Sevilla,Macarena,Venta,Piso,255747.0,89.9,3.0,2.0,Buen estado,1992-01-01,1,False,False,False,False,False,2.33,2024-12-10,80-120,2844.79
3739,Sevilla,Santa Cruz,Alquiler,Piso,96397.0,46.0,2.0,1.0,Buen estado,1970-01-01,2,True,True,False,False,False,4.36,2024-10-31,40-80,2095.59
3740,Sevilla,Los Remedios,Venta,Piso,258554.0,72.4,2.0,1.0,Buen estado,1979-01-01,4,True,False,False,False,False,4.44,2024-11-15,40-80,3571.19
3741,Sevilla,Macarena,Venta,Piso,189369.0,70.7,2.0,1.0,Buen estado,1986-01-01,3,True,False,True,False,True,2.44,2025-01-10,40-80,2678.49
3742,Sevilla,Triana,Alquiler,Piso,303565.0,88.4,3.0,2.0,Buen estado,1954-01-01,4,True,False,True,True,False,6.95,2024-11-18,80-120,3433.99
3743,Sevilla,Los Remedios,Alquiler,Piso,261603.0,77.6,2.0,1.0,Buen estado,1966-01-01,9,False,False,True,False,False,4.52,2025-02-23,40-80,3371.17
3744,Sevilla,Nervión,Venta,Piso,316229.0,86.2,3.0,2.0,Reformado,1962-01-01,8,True,False,False,True,True,5.36,,80-120,3668.55
3745,Sevilla,Nervión,Venta,Piso,169486.0,63.1,2.0,1.0,Buen estado,1962-01-01,6,False,True,False,False,False,5.14,2025-03-11,40-80,2685.99
3746,Sevilla,Triana,Alquiler,Piso,314485.0,85.8,3.0,2.0,Buen estado,1961-01-01,2,True,True,False,True,False,1.16,2024-11-03,80-120,3665.33
3747,Sevilla,Los Remedios,Alquiler,Piso,292826.0,94.3,3.0,2.0,Obra nueva,2023-01-01,8,False,True,True,False,True,4.08,2025-01-16,80-120,3105.26
3748,Sevilla,Los Remedios,Venta,Piso,287278.0,64.9,2.0,1.0,Buen estado,1970-01-01,9,True,False,False,False,True,6.07,2025-01-01,40-80,4426.47
3749,Sevilla,Nervión,Venta,Piso,391740.0,109.0,3.0,2.0,Buen estado,1980-01-01,Bajo,True,True,False,False,True,2.42,2024-11-08,80-120,3593.94
3750,Sevilla,Los Remedios,Alquiler,Piso,263639.0,90.4,3.0,2.0,Obra nueva,2019-01-01,7,True,True,False,False,True,7.35,2025-02-15,80-120,2916.36
3751,Sevilla,Santa Cruz,Alquiler,Piso,390670.0,109.2,3.0,2.0,Buen estado,1986-01-01,7,True,False,False,True,True,4.2,2024-12-11,80-120,3577.56
3752,Sevilla,Santa Cruz,Venta,Piso,266610.0,64.3,2.0,1.0,Reformado,1992-01-01,1,True,False,True,False,False,6.08,2024-11-13,40-80,4146.35
3753,Sevilla,Santa Cruz,Alquiler,Piso,314940.0,77.9,2.0,1.0,Reformado,1989-01-01,5,True,False,False,False,True,5.16,2024-11-03,40-80,4042.88
3754,Sevilla,Nervión,Venta,Piso,310102.0,73.4,2.0,1.0,Buen estado,1987-01-01,8,False,False,False,True,False,5.11,2024-11-03,40-80,4224.82
3755,Sevilla,Los Remedios,Venta,Ático,,,3.0,1.0,Reformado,1984-01-01,Ático,True,False,False,True,False,4.32,2024-10-20,,
3756,Sevilla,Santa Cruz,Venta,Piso,226334.0,65.3,2.0,1.0,Buen estado,1952-01-01,2,True,False,False,True,False,4.3,2024-12-23,40-80,3466.06
3757,Sevilla,Los Remedios,Venta,Piso,337183.0,110.9,3.0,2.0,A reformar,1960-01-01,4,False,True,True,False,False,4.8,2025-01-25,80-120,3040.42
3758,Sevilla,Macarena,Venta,Piso,220255.0,61.2,2.0,1.0,Buen estado,1984-01-01,1,True,False,False,True,False,2.35,,40-80,3598.94
3759,Sevilla,Macarena,Venta,Piso,213257.0,74.3,2.0,1.0,Buen estado,1988-01-01,5,True,False,False,True,True,2.4,2025-01-15,40-80,2870.22
3760,Sevilla,Los Remedios,Alquiler,Piso,382799.0,125.3,4.0,2.0,A reformar,1971-01-01,3,True,False,False,False,False,7.11,2025-02-09,120-160,3055.06
3761,Sevilla,Triana,Venta,Piso,260494.0,92.7,3.0,2.0,Buen estado,1996-01-01,3,False,False,True,True,True,4.03,2025-02-21,80-120,2810.08
3762,Sevilla,Triana,Alquiler,Piso,254532.0,74.9,2.0,1.0,Buen estado,1962-01-01,1,True,False,False,False,False,5.96,2024-12-25,40-80,3398.29
3763,Sevilla,Santa Cruz,Alquiler,Piso,274517.0,94.2,3.0,2.0,Buen estado,1967-01-01,6,False,True,False,True,False,4.43,2024-10-21,80-120,2914.19
3764,Sevilla,Nervión,Venta,Ático,308440.0,98.2,3.0,2.0,Obra nueva,2021-01-01,Ático,True,True,False,True,False,5.93,2025-02-21,80-120,3140.94
3765,Sevilla,Macarena,Alquiler,Piso,264730.0,85.7,3.0,2.0,Buen estado,1987-01-01,8,True,False,False,False,False,2.69,2024-12-24,80-120,3089.03
3766,Sevilla,Triana,Venta,Piso,306346.0,79.0,2.0,1.0,Buen estado,1973-01-01,7,False,False,False,False,False,5.82,2025-03-25,40-80,3877.8
3767,Sevilla,Macarena,Venta,Piso,234560.0,77.5,2.0,1.0,Reformado,1990-01-01,3,True,False,False,False,False,6.0,2025-01-03,40-80,3026.58
3768,Sevilla,Nervión,Alquiler,Piso,235887.0,79.1,2.0,1.0,Buen estado,1975-01-01,6,True,False,False,True,True,4.18,2025-04-04,40-80,2982.14
3769,Sevilla,Nervión,Venta,Piso,,114.4,3.0,2.0,Reformado,2011-01-01,6,False,False,False,False,True,4.68,2025-02-15,80-120,
3770,Sevilla,Macarena,Venta,Piso,153031.0,53.3,2.0,1.0,Buen estado,2003-01-01,Bajo,True,True,False,True,True,4.48,2024-12-15,40-80,2871.13
3771,Sevilla,Santa Cruz,Alquiler,Ático,243248.0,94.2,3.0,2.0,Buen estado,1986-01-01,Ático,False,True,False,False,False,3.97,2024-12-07,80-120,2582.25
3772,Sevilla,Nervión,Venta,Piso,256767.0,83.6,3.0,2.0,Buen estado,1975-01-01,3,True,True,False,True,True,5.54,2024-12-14,80-120,3071.38
3773,Sevilla,Triana,Venta,Piso,249101.0,69.1,2.0,1.0,Buen estado,2006-01-01,9,False,False,True,False,False,3.41,2024-11-15,40-80,3604.93
3774,Sevilla,Macarena,Venta,Piso,188426.0,55.8,2.0,1.0,Buen estado,1990-01-01,5,False,False,False,False,False,4.44,2025-03-10,40-80,3376.81
3775,Sevilla,Macarena,Venta,Piso,245200.0,86.1,3.0,2.0,Buen estado,1967-01-01,3,True,True,True,False,False,4.71,2025-04-01,80-120,2847.85
3776,Sevilla,Los Remedios,Venta,Piso,148383.0,45.2,2.0,1.0,Buen estado,1985-01-01,9,False,False,True,True,False,3.04,2025-02-04,40-80,3282.81
3777,Sevilla,Macarena,Alquiler,Piso,121680.0,46.7,2.0,1.0,Buen estado,1980-01-01,1,True,True,False,False,False,3.71,2025-03-08,40-80,2605.57
3778,Sevilla,Triana,Venta,Piso,179729.0,54.6,2.0,1.0,Buen estado,1994-01-01,2,False,True,True,False,True,3.48,2025-02-08,40-80,3291.74
3779,Sevilla,Nervión,Alquiler,Piso,225844.0,74.6,2.0,1.0,Buen estado,1990-01-01,3,True,False,True,True,False,5.97,2024-11-24,40-80,3027.4
3780,Sevilla,Triana,Alquiler,Piso,385066.0,133.3,4.0,2.0,Buen estado,1997-01-01,7,True,True,False,False,False,1.68,2024-11-04,120-160,2888.72
3781,Sevilla,Triana,Alquiler,Estudio,108271.0,30.0,0.0,1.0,Obra nueva,2023-01-01,7,True,False,False,False,False,4.94,2025-01-26,0-40,3609.03
3782,Sevilla,Santa Cruz,Venta,Piso,155878.0,60.3,2.0,1.0,Buen estado,1973-01-01,Bajo,False,False,True,False,False,4.15,2024-12-23,40-80,2585.04
3783,Sevilla,Nervión,Venta,Piso,348747.0,85.3,3.0,2.0,Buen estado,1964-01-01,4,False,False,False,True,False,4.08,2025-02-27,80-120,4088.48
3784,Sevilla,Macarena,Venta,Sin_clasificar,,,1.0,2.0,Buen estado,1994-01-01,1,True,True,False,False,False,3.05,2025-01-25,,
3785,Sevilla,Santa Cruz,Venta,Piso,342279.0,110.8,3.0,2.0,Obra nueva,2019-01-01,Bajo,True,True,True,True,True,,2024-11-24,80-120,3089.16
3786,Sevilla,Macarena,Alquiler,Piso,202125.0,60.2,2.0,1.0,Obra nueva,2018-01-01,1,True,False,False,True,False,5.02,2024-12-16,40-80,3357.56
3787,Sevilla,Nervión,Venta,Piso,298251.0,76.6,2.0,1.0,Obra nueva,2018-01-01,6,True,False,True,True,True,5.12,2025-02-25,40-80,3893.62
3788,Sevilla,Triana,Alquiler,Piso,226862.0,71.5,2.0,1.0,Reformado,1975-01-01,Bajo,False,True,False,False,True,7.17,2024-12-03,40-80,3172.9
3789,Sevilla,Triana,Venta,Piso,351769.0,92.6,3.0,2.0,Reformado,1997-01-01,Bajo,True,True,False,False,False,5.03,2025-01-04,80-120,3798.8
3790,Sevilla,Triana,Alquiler,Piso,347896.0,118.0,3.0,2.0,Buen estado,2011-01-01,2,True,False,False,False,False,5.38,2025-01-22,80-120,2948.27
3791,Sevilla,Macarena,Venta,Piso,356459.0,94.8,3.0,2.0,Buen estado,1973-01-01,3,True,False,False,False,False,3.66,2024-11-06,80-120,3760.12
3792,Sevilla,Macarena,Venta,Piso,212408.0,68.3,2.0,1.0,Buen estado,1992-01-01,3,True,False,False,True,True,4.33,2025-02-28,40-80,3109.93
3793,Sevilla,Triana,Venta,Piso,269026.0,93.3,3.0,2.0,Buen estado,1984-01-01,6,False,False,False,False,True,8.63,2024-12-31,80-120,2883.45
3794,Sevilla,Los Remedios,Venta,Piso,302009.0,77.2,2.0,1.0,Buen estado,1956-01-01,9,True,False,False,False,True,3.97,2025-02-26,40-80,3912.03
3795,Sevilla,Los Remedios,Venta,Piso,303198.0,85.1,3.0,2.0,Obra nueva,2019-01-01,2,True,True,False,False,True,4.42,2025-02-04,80-120,3562.84
3796,Sevilla,Nervión,Alquiler,Piso,135098.0,46.0,2.0,1.0,Buen estado,1987-01-01,1,True,True,False,True,False,6.31,2024-11-18,40-80,2936.91
3797,Sevilla,Santa Cruz,Venta,Piso,305366.0,96.9,3.0,2.0,Buen estado,1980-01-01,Bajo,False,False,False,True,False,3.87,2024-12-24,80-120,3151.35
3798,Sevilla,Santa Cruz,Alquiler,Piso,263370.0,86.6,3.0,2.0,Obra nueva,2023-01-01,6,True,True,True,True,True,2.73,2025-02-01,80-120,3041.22
3799,Sevilla,Macarena,Venta,Piso,295277.0,107.8,3.0,2.0,Buen estado,2011-01-01,2,False,False,False,False,False,8.54,,80-120,2739.12
3800,Sevilla,Los Remedios,Venta,Piso,155973.0,55.4,2.0,1.0,Buen estado,1991-01-01,9,True,False,False,True,True,5.07,2025-03-18,40-80,2815.4
3801,Sevilla,Santa Cruz,Venta,Piso,198769.0,64.9,2.0,1.0,Buen estado,1992-01-01,8,False,False,True,True,False,6.32,2025-01-28,40-80,3062.7
3802,Sevilla,Los Remedios,Alquiler,Piso,214177.0,61.6,2.0,1.0,Buen estado,1983-01-01,5,True,False,False,False,False,4.65,,40-80,3476.9
3803,Sevilla,Triana,Venta,Piso,272649.0,70.4,2.0,1.0,Buen estado,1990-01-01,1,True,True,False,False,False,4.22,2025-03-02,40-80,3872.86
3804,Sevilla,Nervión,Venta,Piso,151351.0,48.4,2.0,1.0,Obra nueva,2020-01-01,4,True,True,False,False,True,6.19,2024-12-08,40-80,3127.09
3805,Sevilla,Santa Cruz,Venta,Piso,215920.0,74.6,2.0,1.0,Buen estado,1982-01-01,Bajo,True,False,True,False,True,4.09,2025-03-07,40-80,2894.37
3806,Sevilla,Nervión,Venta,Piso,233957.0,67.7,2.0,1.0,A reformar,1989-01-01,3,True,False,False,True,False,3.36,2024-11-30,40-80,3455.79
3807,Sevilla,Nervión,Venta,Piso,286291.0,86.4,3.0,2.0,Buen estado,1960-01-01,Bajo,True,True,False,False,True,6.07,2024-11-17,80-120,3313.55
3808,Sevilla,Los Remedios,Alquiler,Piso,256460.0,62.5,2.0,1.0,Buen estado,1990-01-01,Bajo,True,True,True,True,True,,2024-11-07,40-80,4103.36
3809,Sevilla,Santa Cruz,Alquiler,Piso,331856.0,96.1,3.0,2.0,Buen estado,1988-01-01,5,False,True,False,False,False,5.69,2025-04-01,80-120,3453.24
3810,Sevilla,Triana,Venta,Piso,318413.0,100.5,3.0,2.0,Buen estado,1975-01-01,8,False,False,False,False,True,3.84,,80-120,3168.29
3811,Sevilla,Los Remedios,Venta,Piso,,88.3,3.0,2.0,Buen estado,1988-01-01,3,True,True,False,True,False,8.54,2024-11-27,80-120,
3812,Sevilla,Nervión,Venta,Piso,,76.3,2.0,1.0,Reformado,1983-01-01,9,False,True,False,False,True,5.09,2025-01-26,40-80,
3813,Sevilla,Nervión,Venta,Piso,236755.0,78.6,2.0,1.0,Buen estado,1974-01-01,8,False,False,False,False,False,,2025-03-23,40-80,3012.15
3814,Sevilla,Nervión,Venta,Piso,183681.0,69.1,2.0,1.0,Obra nueva,2020-01-01,1,False,False,False,False,False,3.9,2024-11-19,40-80,2658.19
3815,Sevilla,Santa Cruz,Venta,Piso,311209.0,86.2,3.0,2.0,Obra nueva,2021-01-01,5,False,True,True,False,False,5.54,2025-03-14,80-120,3610.31
3816,Sevilla,Santa Cruz,Venta,Piso,180918.0,53.8,2.0,1.0,Buen estado,1986-01-01,3,True,False,False,False,False,3.14,2025-02-13,40-80,3362.79
3817,Sevilla,Macarena,Venta,Piso,291256.0,79.6,2.0,1.0,Buen estado,1975-01-01,5,True,True,False,False,False,3.85,2024-12-19,40-80,3658.99
3818,Sevilla,Nervión,Venta,Piso,285508.0,94.6,3.0,2.0,Buen estado,1972-01-01,4,True,False,True,False,False,4.85,2025-03-22,80-120,3018.05
3819,Sevilla,Triana,Venta,Piso,214319.0,68.9,2.0,1.0,Buen estado,1979-01-01,1,True,True,False,False,True,4.28,2025-03-08,40-80,3110.58
3820,Sevilla,Nervión,Venta,Piso,266686.0,77.8,2.0,1.0,Obra nueva,2018-01-01,7,True,False,False,True,False,6.06,2025-01-12,40-80,3427.84
3821,Sevilla,Nervión,Alquiler,Piso,308138.0,83.5,3.0,2.0,Buen estado,1979-01-01,4,False,True,True,False,False,6.68,2025-02-07,80-120,3690.28
3822,Sevilla,Los Remedios,Venta,Sin_clasificar,,,,1.0,Buen estado,1978-01-01,6,True,True,False,False,True,6.68,2024-12-12,,
3823,Sevilla,Macarena,Venta,Estudio,111989.0,30.0,0.0,1.0,Obra nueva,2022-01-01,6,True,True,False,False,False,4.95,2024-11-08,0-40,3732.97
3824,Sevilla,Macarena,Alquiler,Piso,206833.0,76.4,2.0,1.0,Buen estado,1954-01-01,9,False,False,True,True,True,6.65,2024-11-18,40-80,2707.24
3825,Sevilla,Santa Cruz,Alquiler,Piso,312009.0,94.6,3.0,2.0,Buen estado,1985-01-01,Bajo,True,True,False,False,True,4.53,2024-11-26,80-120,3298.19
3826,Sevilla,Nervión,Alquiler,Piso,246786.0,92.5,3.0,2.0,Buen estado,1961-01-01,5,True,True,False,False,False,6.82,2025-01-07,80-120,2667.96
3827,Sevilla,Triana,Venta,Piso,311546.0,92.9,3.0,2.0,Obra nueva,2019-01-01,1,True,False,False,True,True,6.89,2025-03-06,80-120,3353.56
3828,Sevilla,Triana,Venta,Piso,429130.0,110.3,3.0,2.0,Buen estado,2001-01-01,7,True,True,False,True,False,7.35,2025-02-10,80-120,3890.57
3829,Sevilla,Santa Cruz,Venta,Piso,249602.0,63.1,2.0,1.0,Buen estado,1996-01-01,2,True,True,False,True,False,6.2,2025-01-12,40-80,3955.66
3830,Sevilla,Los Remedios,Alquiler,Piso,200788.0,61.4,2.0,1.0,Buen estado,1988-01-01,8,True,True,True,False,False,5.4,2024-12-08,40-80,3270.16
3831,Sevilla,Los Remedios,Venta,Piso,,43.5,2.0,1.0,Obra nueva,2022-01-01,1,False,False,True,True,False,2.64,2025-03-09,40-80,
3832,Sevilla,Nervión,Alquiler,Piso,497086.0,93.1,3.0,2.0,Buen estado,1977-01-01,8,True,True,False,False,False,5.83,2025-02-09,80-120,5339.27
3833,Sevilla,Macarena,Venta,Piso,293266.0,109.6,3.0,2.0,Buen estado,1984-01-01,9,True,True,False,False,False,4.68,2024-11-28,80-120,2675.78
3834,Sevilla,Nervión,Alquiler,Piso,348648.0,84.1,3.0,2.0,Buen estado,1972-01-01,8,False,True,True,False,False,5.61,2025-01-27,80-120,4145.64
3835,Sevilla,Los Remedios,Venta,Piso,,84.4,3.0,2.0,Reformado,1980-01-01,2,True,False,False,True,False,6.52,2025-01-04,80-120,
3836,Sevilla,Macarena,Alquiler,Sin_clasificar,,,4.0,,A reformar,1977-01-01,4,True,False,True,False,False,5.23,2024-10-23,,
3837,Sevilla,Santa Cruz,Venta,Piso,212101.0,58.2,2.0,1.0,Obra nueva,2023-01-01,8,True,True,True,False,False,7.47,2025-02-21,40-80,3644.35
3838,Sevilla,Nervión,Alquiler,Piso,266945.0,81.8,3.0,2.0,A reformar,1995-01-01,5,True,True,False,False,True,3.26,2025-04-06,80-120,3263.39
3839,Sevilla,Macarena,Alquiler,Piso,411387.0,77.4,2.0,1.0,Buen estado,1993-01-01,2,False,False,False,False,False,4.55,2024-10-13,40-80,5315.08
3840,Sevilla,Santa Cruz,Venta,Piso,243707.0,87.7,3.0,2.0,Buen estado,1972-01-01,2,False,False,True,False,True,5.11,2025-01-09,80-120,2778.87
3841,Sevilla,Los Remedios,Alquiler,Piso,197850.0,56.7,2.0,1.0,Buen estado,1997-01-01,5,True,False,False,True,False,6.15,2025-01-12,40-80,3489.42
3842,Sevilla,Triana,Alquiler,Piso,238317.0,81.7,3.0,2.0,Buen estado,1972-01-01,2,True,False,False,True,False,7.59,2024-11-24,80-120,2916.98
3843,Sevilla,Los Remedios,Venta,Ático,230245.0,85.9,3.0,2.0,Buen estado,2007-01-01,Ático,True,True,False,False,False,4.29,2025-03-20,80-120,2680.38
3844,Sevilla,Macarena,Venta,Piso,171409.0,63.1,2.0,1.0,Buen estado,1987-01-01,2,True,False,False,False,True,6.21,2025-02-27,40-80,2716.47
3845,Sevilla,Macarena,Venta,Ático,289594.0,93.2,3.0,2.0,Reformado,1999-01-01,Ático,False,False,False,False,False,7.38,2024-10-12,80-120,3107.23
3846,Sevilla,Triana,Alquiler,Piso,217228.0,56.6,2.0,1.0,Buen estado,1988-01-01,4,True,False,True,False,False,5.42,2024-10-31,40-80,3837.95
3847,Sevilla,Los Remedios,Venta,Piso,638344.0,94.5,3.0,2.0,Buen estado,1981-01-01,Bajo,False,True,False,False,False,3.67,2025-03-13,80-120,6754.96
3848,Sevilla,Macarena,Venta,Piso,329545.0,80.9,3.0,2.0,Buen estado,1978-01-01,2,True,True,True,False,True,6.52,2025-01-21,80-120,4073.49
3849,Sevilla,Macarena,Venta,Piso,160270.0,52.5,2.0,1.0,Reformado,1993-01-01,Bajo,False,True,False,True,True,5.74,2025-03-06,40-80,3052.76
3850,Sevilla,Los Remedios,Venta,Piso,421477.0,101.2,3.0,2.0,Buen estado,1982-01-01,4,True,False,False,True,True,4.01,2025-03-23,80-120,4164.79
3851,Sevilla,Triana,Venta,Piso,298904.0,84.6,3.0,2.0,Buen estado,1976-01-01,1,False,True,True,True,True,5.31,2025-03-05,80-120,3533.14
3852,Sevilla,Nervión,Venta,Estudio,122866.0,30.0,0.0,1.0,Buen estado,1999-01-01,2,False,True,True,True,False,3.52,2024-11-12,0-40,4095.53
3853,Sevilla,Nervión,Venta,Piso,254943.0,103.2,3.0,2.0,Buen estado,1989-01-01,9,True,False,True,True,False,5.49,2024-12-04,80-120,2470.38
3854,Sevilla,Macarena,Alquiler,Piso,309730.0,88.6,3.0,2.0,Buen estado,2001-01-01,Bajo,False,True,False,False,False,4.56,2025-02-21,80-120,3495.82
3855,Sevilla,Nervión,Venta,Piso,194609.0,58.6,2.0,1.0,Buen estado,1977-01-01,4,False,False,False,True,False,5.21,2025-01-19,40-80,3320.97
3856,Sevilla,Triana,Alquiler,Piso,323451.0,87.8,3.0,2.0,Obra nueva,2018-01-01,7,True,True,False,True,False,6.06,2025-01-28,80-120,3683.95
3857,Sevilla,Nervión,Venta,Piso,181176.0,60.5,2.0,1.0,Buen estado,1971-01-01,5,True,False,False,False,False,1.76,2024-10-11,40-80,2994.64
3858,Sevilla,Triana,Venta,Piso,284494.0,88.8,3.0,2.0,Buen estado,1990-01-01,4,False,True,False,False,False,3.67,2025-01-25,80-120,3203.76
3859,Sevilla,Triana,Venta,Sin_clasificar,,,1.0,1.0,Buen estado,1975-01-01,3,True,False,False,False,False,5.04,2025-03-30,,
3860,Sevilla,Triana,Venta,Piso,265356.0,80.6,3.0,2.0,Buen estado,1956-01-01,6,True,False,False,True,False,4.89,2024-11-07,80-120,3292.26
3861,Sevilla,Triana,Venta,Piso,257204.0,72.8,2.0,1.0,Buen estado,1950-01-01,1,True,False,False,True,True,3.37,2025-01-28,40-80,3533.02
3862,Sevilla,Los Remedios,Venta,Piso,263306.0,81.9,3.0,2.0,Buen estado,1974-01-01,5,False,False,False,False,True,6.35,2024-12-18,80-120,3214.97
3863,Sevilla,Los Remedios,Venta,Piso,291920.0,88.4,3.0,2.0,Buen estado,1991-01-01,7,False,False,True,True,False,,2025-02-06,80-120,3302.26
3864,Sevilla,Macarena,Venta,Piso,428234.0,104.1,3.0,2.0,Buen estado,1984-01-01,Bajo,True,True,False,True,True,6.0,2025-01-25,80-120,4113.68
3865,Sevilla,Nervión,Alquiler,Piso,,65.7,2.0,1.0,Buen estado,1986-01-01,Bajo,True,True,False,False,False,4.9,2024-12-19,40-80,
3866,Sevilla,Macarena,Alquiler,Piso,147114.0,55.4,2.0,1.0,Reformado,1962-01-01,1,True,True,False,True,True,2.95,2025-02-16,40-80,2655.49
3867,Sevilla,Santa Cruz,Venta,Piso,276993.0,107.4,3.0,2.0,Obra nueva,2021-01-01,9,True,False,True,True,True,5.74,2025-03-15,80-120,2579.08
3868,Sevilla,Santa Cruz,Venta,Piso,362585.0,89.8,3.0,2.0,Buen estado,1983-01-01,2,False,False,False,False,False,4.62,2024-12-21,80-120,4037.69
3869,Sevilla,Santa Cruz,Venta,Piso,316914.0,90.9,3.0,2.0,Obra nueva,2018-01-01,7,True,False,False,False,True,3.77,2024-11-21,80-120,3486.4
3870,Sevilla,Nervión,Venta,Piso,248319.0,81.8,3.0,2.0,Buen estado,2003-01-01,3,True,False,True,False,False,4.54,2025-02-14,80-120,3035.68
3871,Sevilla,Macarena,Venta,Piso,170755.0,87.3,3.0,2.0,Obra nueva,2018-01-01,2,True,True,False,True,True,6.52,2025-01-08,80-120,1955.96
3872,Sevilla,Los Remedios,Alquiler,Piso,182301.0,71.1,2.0,1.0,Buen estado,1991-01-01,2,True,False,False,False,True,6.19,2025-01-24,40-80,2564.01
3873,Sevilla,Santa Cruz,Venta,Piso,145002.0,47.1,2.0,1.0,Buen estado,1992-01-01,3,True,False,False,True,False,4.53,2025-02-18,40-80,3078.6
3874,Sevilla,Macarena,Alquiler,Piso,360403.0,90.6,3.0,2.0,Buen estado,1985-01-01,Bajo,True,True,False,False,True,3.92,2025-03-10,80-120,3977.96
3875,Sevilla,Los Remedios,Venta,Piso,139188.0,42.2,2.0,1.0,Buen estado,1981-01-01,5,True,True,False,False,True,4.15,2025-02-09,40-80,3298.29
3876,Sevilla,Los Remedios,Venta,Piso,,43.8,2.0,1.0,Buen estado,1993-01-01,5,True,True,False,True,False,6.18,2025-03-09,40-80,
3877,Sevilla,Santa Cruz,Venta,Piso,174434.0,67.8,2.0,1.0,Buen estado,1984-01-01,3,True,False,False,False,False,5.44,,40-80,2572.77
3878,Sevilla,Santa Cruz,Venta,Piso,230500.0,72.8,2.0,1.0,Buen estado,1977-01-01,7,True,False,False,True,True,2.69,2025-03-23,40-80,3166.21
3879,Sevilla,Macarena,Alquiler,Piso,281529.0,104.3,3.0,2.0,Buen estado,1989-01-01,8,True,False,True,False,False,6.44,2024-12-15,80-120,2699.22
3880,Sevilla,Los Remedios,Venta,Piso,292048.0,98.9,3.0,2.0,Obra nueva,2018-01-01,8,True,True,False,True,True,6.01,2025-02-01,80-120,2952.96
3881,Sevilla,Los Remedios,Alquiler,Piso,175428.0,68.5,2.0,1.0,Buen estado,1978-01-01,7,False,True,False,True,True,2.65,2024-11-11,40-80,2560.99
3882,Sevilla,Macarena,Alquiler,Piso,190694.0,62.2,2.0,1.0,Reformado,1960-01-01,1,False,False,False,False,True,4.73,2025-01-11,40-80,3065.82
3883,Sevilla,Los Remedios,Alquiler,Piso,261680.0,102.6,3.0,2.0,Buen estado,1987-01-01,8,False,False,False,True,False,5.17,2025-03-13,80-120,2550.49
3884,Sevilla,Santa Cruz,Venta,Piso,259733.0,88.0,3.0,2.0,Buen estado,2007-01-01,2,True,True,False,False,True,5.27,2025-03-05,80-120,2951.51
3885,Sevilla,Triana,Venta,Piso,336979.0,104.2,3.0,2.0,Buen estado,1999-01-01,7,True,True,False,False,False,5.63,2025-03-24,80-120,3233.96
3886,Sevilla,Santa Cruz,Venta,Piso,199323.0,72.3,2.0,1.0,Buen estado,1976-01-01,6,False,True,False,False,True,6.15,2025-01-26,40-80,2756.89
3887,Sevilla,Triana,Venta,Piso,225644.0,87.5,3.0,2.0,Obra nueva,2021-01-01,4,True,True,True,False,False,3.48,2025-01-25,80-120,2578.79
3888,Sevilla,Santa Cruz,Venta,Ático,370021.0,108.3,3.0,2.0,Buen estado,1982-01-01,Ático,True,True,False,False,False,6.7,2025-01-29,80-120,3416.63
3889,Sevilla,Nervión,Venta,Piso,242539.0,70.5,2.0,1.0,Obra nueva,2018-01-01,8,True,True,False,True,True,4.71,2024-11-12,40-80,3440.27
3890,Sevilla,Nervión,Alquiler,Piso,289982.0,101.9,3.0,2.0,Reformado,2002-01-01,7,False,True,False,False,False,5.17,2025-03-05,80-120,2845.75
3891,Sevilla,Los Remedios,Alquiler,Piso,276997.0,100.1,3.0,2.0,Obra nueva,2021-01-01,8,True,True,False,True,True,5.15,2025-03-23,80-120,2767.2
3892,Sevilla,Santa Cruz,Venta,Piso,248168.0,76.2,2.0,1.0,Obra nueva,2023-01-01,9,True,True,False,True,True,5.9,2024-10-20,40-80,3256.8
3893,Sevilla,Macarena,Venta,Piso,246568.0,79.1,2.0,1.0,Buen estado,1994-01-01,4,False,False,True,False,False,4.1,2025-04-01,40-80,3117.17
3894,Sevilla,Nervión,Venta,Piso,301097.0,84.6,3.0,2.0,Reformado,2005-01-01,8,False,True,False,False,False,5.5,,80-120,3559.07
3895,Sevilla,Macarena,Venta,Piso,,69.4,2.0,1.0,Obra nueva,2023-01-01,5,True,True,False,False,True,3.85,2024-10-14,40-80,
3896,Sevilla,Los Remedios,Venta,Piso,225786.0,75.1,2.0,1.0,Buen estado,1989-01-01,7,True,False,True,True,False,7.14,2024-10-24,40-80,3006.47
3897,Sevilla,Los Remedios,Venta,Sin_clasificar,,,1.0,1.0,Obra nueva,2018-01-01,8,True,True,False,True,False,4.99,2025-01-19,,
3898,Sevilla,Macarena,Venta,Piso,319365.0,86.3,3.0,2.0,Buen estado,1978-01-01,Bajo,True,False,False,False,False,5.5,2024-10-26,80-120,3700.64
3899,Sevilla,Macarena,Alquiler,Piso,105555.0,62.7,2.0,1.0,A reformar,1966-01-01,Bajo,True,False,False,True,False,7.13,2025-02-07,40-80,1683.49
3900,Sevilla,Nervión,Alquiler,Piso,167449.0,47.9,2.0,1.0,Buen estado,2013-01-01,8,True,True,False,False,False,5.13,2025-03-15,40-80,3495.8
3901,Sevilla,Triana,Venta,Piso,229294.0,64.3,2.0,1.0,Buen estado,1965-01-01,2,True,False,False,False,True,6.09,2025-02-11,40-80,3566.0
3902,Sevilla,Triana,Venta,Piso,175681.0,74.3,2.0,1.0,Buen estado,1976-01-01,3,False,False,False,False,False,,2024-12-07,40-80,2364.48
3903,Sevilla,Macarena,Venta,Piso,174368.0,67.6,2.0,1.0,Reformado,1970-01-01,8,False,True,False,True,False,4.52,2025-01-25,40-80,2579.41
3904,Sevilla,Los Remedios,Venta,Piso,196468.0,75.5,2.0,1.0,Buen estado,1952-01-01,2,False,False,True,False,True,7.21,2024-10-16,40-80,2602.23
3905,Sevilla,Nervión,Alquiler,Ático,294167.0,106.0,3.0,2.0,Buen estado,1990-01-01,Ático,True,True,False,True,False,4.23,2024-12-08,80-120,2775.16
3906,Sevilla,Triana,Venta,Ático,354290.0,94.4,3.0,2.0,Buen estado,1990-01-01,Ático,True,False,False,True,True,3.72,2025-03-21,80-120,3753.07
3907,Sevilla,Santa Cruz,Venta,Piso,395159.0,105.1,3.0,2.0,Buen estado,1971-01-01,9,True,True,False,True,True,5.36,2025-03-14,80-120,3759.84
3908,Sevilla,Macarena,Venta,Piso,224755.0,78.6,2.0,1.0,Buen estado,1983-01-01,1,True,True,False,True,True,7.16,2025-03-15,40-80,2859.48
3909,Sevilla,Los Remedios,Alquiler,Piso,178823.0,59.9,2.0,1.0,Buen estado,1951-01-01,4,True,True,False,True,False,3.59,2025-03-13,40-80,2985.36
3910,Sevilla,Santa Cruz,Venta,Piso,262406.0,82.7,3.0,2.0,Buen estado,1979-01-01,8,False,True,True,False,False,2.41,2024-12-19,80-120,3172.99
3911,Sevilla,Nervión,Alquiler,Ático,220020.0,66.0,2.0,1.0,Obra nueva,2023-01-01,Ático,True,False,False,False,False,3.11,2024-10-28,40-80,3333.64
3912,Sevilla,Macarena,Alquiler,Piso,157734.0,72.0,2.0,1.0,Buen estado,1979-01-01,Bajo,True,False,False,False,True,2.23,2025-01-15,40-80,2190.75
3913,Sevilla,Macarena,Alquiler,Piso,395063.0,126.3,4.0,2.0,Buen estado,1985-01-01,1,True,True,False,True,False,1.18,2025-01-04,120-160,3127.97
3914,Sevilla,Santa Cruz,Venta,Estudio,102047.0,30.0,0.0,1.0,Reformado,1979-01-01,Bajo,True,True,True,True,False,3.11,2024-11-04,0-40,3401.57
3915,Sevilla,Macarena,Venta,Ático,212032.0,77.6,2.0,1.0,Obra nueva,2023-01-01,Ático,False,True,False,False,False,,2024-11-14,40-80,2732.37
3916,Sevilla,Santa Cruz,Venta,Piso,260259.0,81.5,3.0,2.0,Reformado,1972-01-01,Bajo,False,False,False,True,False,7.15,2024-11-07,80-120,3193.36
3917,Sevilla,Macarena,Venta,Ático,178501.0,82.4,3.0,2.0,Buen estado,1966-01-01,Ático,True,False,False,False,False,3.79,2024-12-24,80-120,2166.27
3918,Sevilla,Triana,Venta,Ático,240009.0,78.7,2.0,1.0,Buen estado,2009-01-01,Ático,False,False,True,False,True,5.51,2025-02-24,40-80,3049.67
3919,Sevilla,Triana,Venta,Piso,237976.0,72.2,2.0,1.0,A reformar,1973-01-01,1,False,False,False,True,False,8.19,2025-02-02,40-80,3296.07
3920,Sevilla,Nervión,Venta,Piso,316865.0,70.1,2.0,1.0,Buen estado,1991-01-01,6,True,False,False,True,False,5.05,2025-02-26,40-80,4520.19
3921,Sevilla,Nervión,Venta,Piso,,125.1,4.0,2.0,Obra nueva,2022-01-01,5,True,False,False,True,True,4.82,2024-10-16,120-160,
3922,Sevilla,Triana,Venta,Piso,185397.0,64.3,2.0,1.0,Buen estado,1986-01-01,5,False,False,False,True,False,5.34,2025-03-02,40-80,2883.31
3923,Sevilla,Nervión,Venta,Piso,386208.0,102.9,3.0,2.0,Buen estado,1974-01-01,1,True,False,False,False,True,,,80-120,3753.24
3924,Sevilla,Santa Cruz,Venta,Sin_clasificar,,,2.0,1.0,Buen estado,1988-01-01,9,True,False,False,True,True,4.55,2025-01-15,,
3925,Sevilla,Triana,Venta,Piso,278749.0,78.4,2.0,1.0,Buen estado,1967-01-01,Bajo,False,False,False,False,False,7.12,2025-02-28,40-80,3555.47
3926,Sevilla,Triana,Venta,Piso,202916.0,59.4,2.0,1.0,Buen estado,1984-01-01,1,True,True,False,True,True,4.4,2025-02-02,40-80,3416.09
3927,Sevilla,Triana,Venta,Piso,249183.0,84.5,3.0,2.0,A reformar,1969-01-01,6,False,False,False,True,False,4.65,2024-11-27,80-120,2948.91
3928,Sevilla,Los Remedios,Venta,Ático,260471.0,87.9,3.0,2.0,Obra nueva,2021-01-01,Ático,True,True,True,True,False,5.63,2025-03-24,80-120,2963.27
3929,Sevilla,Nervión,Venta,Piso,191502.0,95.5,3.0,2.0,Buen estado,1990-01-01,7,True,True,False,False,False,2.58,2024-10-10,80-120,2005.26
3930,Sevilla,Triana,Venta,Ático,210758.0,99.3,3.0,2.0,Buen estado,1971-01-01,Ático,True,False,False,True,False,4.75,2025-03-26,80-120,2122.44
3931,Sevilla,Nervión,Venta,Sin_clasificar,,,4.0,2.0,Buen estado,1990-01-01,6,True,True,False,False,True,6.79,2025-03-10,,
3932,Sevilla,Triana,Venta,Piso,399459.0,105.9,3.0,2.0,Buen estado,2002-01-01,3,False,True,False,True,True,4.9,2025-02-03,80-120,3772.04
3933,Sevilla,Los Remedios,Venta,Piso,362746.0,119.4,3.0,2.0,Reformado,1990-01-01,9,True,True,False,False,False,2.55,2025-02-01,80-120,3038.07
3934,Sevilla,Macarena,Alquiler,Piso,338224.0,106.2,3.0,2.0,Buen estado,1984-01-01,9,False,False,False,False,True,3.27,2025-01-13,80-120,3184.78
3935,Sevilla,Macarena,Venta,Piso,276602.0,80.9,3.0,2.0,Buen estado,1984-01-01,6,True,False,False,True,True,3.96,2024-12-29,80-120,3419.06
3936,Sevilla,Nervión,Alquiler,Piso,164528.0,49.7,2.0,1.0,Buen estado,1989-01-01,5,True,True,False,False,False,8.2,2025-01-07,40-80,3310.42
3937,Sevilla,Nervión,Venta,Piso,254668.0,100.8,3.0,2.0,Buen estado,1993-01-01,1,True,False,False,True,False,5.3,2025-04-06,80-120,2526.47
3938,Sevilla,Santa Cruz,Alquiler,Ático,180496.0,63.5,2.0,1.0,Obra nueva,2020-01-01,Ático,True,True,True,False,True,4.21,2024-10-13,40-80,2842.46
3939,Sevilla,Nervión,Alquiler,Sin_clasificar,,,1.0,2.0,Buen estado,1986-01-01,8,True,True,False,True,True,5.74,2025-02-25,,
3940,Sevilla,Nervión,Venta,Piso,254324.0,76.1,2.0,1.0,Buen estado,2014-01-01,7,False,False,False,False,False,5.1,2024-12-11,40-80,3341.97
3941,Sevilla,Santa Cruz,Venta,Piso,346470.0,123.1,4.0,2.0,Buen estado,1963-01-01,2,True,False,False,True,True,6.6,2024-11-28,120-160,2814.54
3942,Sevilla,Nervión,Venta,Piso,294979.0,74.3,2.0,1.0,Buen estado,1970-01-01,7,True,False,True,True,False,5.05,2025-03-12,40-80,3970.11
3943,Sevilla,Santa Cruz,Alquiler,Piso,242775.0,87.1,3.0,2.0,Buen estado,1969-01-01,2,True,False,False,False,False,5.58,2025-01-12,80-120,2787.31
3944,Sevilla,Santa Cruz,Venta,Ático,389289.0,95.6,3.0,2.0,A reformar,2012-01-01,Ático,False,False,True,False,False,3.5,2024-11-22,80-120,4072.06
3945,Sevilla,Nervión,Alquiler,Piso,158347.0,52.7,2.0,1.0,Buen estado,1990-01-01,8,False,False,False,False,True,4.06,2025-01-16,40-80,3004.69
3946,Sevilla,Nervión,Venta,Piso,211514.0,75.6,2.0,1.0,Buen estado,1983-01-01,Bajo,True,True,False,True,True,6.25,2025-01-15,40-80,2797.8
3947,Sevilla,Macarena,Venta,Piso,194592.0,63.8,2.0,1.0,Reformado,2014-01-01,9,True,False,False,False,False,2.67,2025-03-07,40-80,3050.03
3948,Sevilla,Macarena,Venta,Piso,362035.0,108.7,3.0,2.0,Buen estado,1980-01-01,9,False,False,False,False,False,4.68,2025-03-11,80-120,3330.59
3949,Sevilla,Nervión,Venta,Piso,279463.0,87.3,3.0,2.0,Obra nueva,2023-01-01,8,False,True,False,False,True,,2024-12-11,80-120,3201.18
3950,Sevilla,Nervión,Venta,Piso,377337.0,84.8,3.0,2.0,Buen estado,1972-01-01,6,False,False,False,False,False,3.71,2025-02-28,80-120,4449.73
3951,Sevilla,Santa Cruz,Venta,Piso,276644.0,81.7,3.0,2.0,Buen estado,1973-01-01,5,False,True,False,True,True,8.2,2025-01-28,80-120,3386.1
3952,Sevilla,Triana,Venta,Piso,,64.6,2.0,1.0,Buen estado,2007-01-01,Bajo,True,True,False,False,False,4.63,2025-02-19,40-80,
3953,Sevilla,Los Remedios,Alquiler,Piso,242722.0,71.7,2.0,1.0,Buen estado,1984-01-01,3,True,True,False,True,False,3.96,2025-03-12,40-80,3385.24
3954,Sevilla,Santa Cruz,Alquiler,Piso,305242.0,83.0,3.0,2.0,Buen estado,2011-01-01,2,False,True,False,False,False,5.52,2024-11-10,80-120,3677.61
3955,Sevilla,Macarena,Venta,Piso,230879.0,78.0,2.0,1.0,Buen estado,2010-01-01,4,False,False,True,True,False,4.96,2024-10-21,40-80,2959.99
3956,Sevilla,Macarena,Alquiler,Piso,163089.0,61.4,2.0,1.0,Buen estado,1974-01-01,1,False,False,False,True,False,6.19,2024-12-26,40-80,2656.17
3957,Sevilla,Nervión,Alquiler,Piso,204201.0,56.4,2.0,1.0,Obra nueva,2022-01-01,1,True,True,False,True,True,3.33,2024-12-03,40-80,3620.59
3958,Sevilla,Los Remedios,Venta,Sin_clasificar,,,4.0,1.0,Obra nueva,2021-01-01,5,True,True,False,False,False,4.67,2024-11-16,,
3959,Sevilla,Santa Cruz,Venta,Piso,151162.0,49.0,2.0,1.0,Buen estado,1981-01-01,6,True,False,False,True,False,7.69,2025-03-22,40-80,3084.94
3960,Sevilla,Los Remedios,Alquiler,Ático,232334.0,86.1,3.0,2.0,Buen estado,1967-01-01,Ático,True,True,False,True,False,4.44,2025-04-05,80-120,2698.42
3961,Sevilla,Nervión,Venta,Ático,,,4.0,,Buen estado,1981-01-01,Ático,True,False,False,True,True,5.51,2024-11-16,,
3962,Sevilla,Triana,Venta,Sin_clasificar,,,1.0,2.0,Obra nueva,2018-01-01,9,True,True,True,True,False,6.12,2025-02-10,,
3963,Sevilla,Macarena,Venta,Piso,231333.0,57.1,2.0,1.0,Buen estado,2002-01-01,4,True,True,True,False,False,2.35,2025-03-01,40-80,4051.37
3964,Sevilla,Santa Cruz,Venta,Piso,294155.0,74.7,2.0,1.0,Buen estado,1968-01-01,8,False,False,False,False,True,5.08,2024-10-17,40-80,3937.82
3965,Sevilla,Los Remedios,Venta,Piso,175700.0,47.2,2.0,1.0,Buen estado,1979-01-01,7,True,True,True,False,False,8.05,2025-03-26,40-80,3722.46
3966,Sevilla,Los Remedios,Venta,Piso,233571.0,74.2,2.0,1.0,Buen estado,2014-01-01,6,True,True,False,True,True,,2025-01-21,40-80,3147.86
3967,Sevilla,Triana,Alquiler,Piso,236388.0,64.6,2.0,1.0,Buen estado,1983-01-01,7,True,False,False,True,False,1.7,2024-11-17,40-80,3659.26
3968,Sevilla,Los Remedios,Alquiler,Piso,207137.0,93.3,3.0,2.0,Buen estado,1997-01-01,4,True,True,False,True,False,5.04,2025-02-11,80-120,2220.12
3969,Sevilla,Los Remedios,Venta,Piso,260159.0,84.6,3.0,2.0,Buen estado,2020-01-01,1,True,False,False,False,False,5.19,2025-03-26,80-120,3075.17
3970,Sevilla,Nervión,Venta,Piso,218060.0,78.2,2.0,1.0,Reformado,1990-01-01,1,False,False,True,False,False,8.09,2024-10-12,40-80,2788.49
3971,Sevilla,Triana,Venta,Piso,211003.0,64.8,2.0,1.0,Buen estado,1988-01-01,1,True,True,True,False,True,5.4,2025-02-13,40-80,3256.22
3972,Sevilla,Los Remedios,Venta,Piso,370191.0,102.7,3.0,2.0,Obra nueva,2023-01-01,2,True,True,False,True,True,8.62,2024-10-20,80-120,3604.59
3973,Sevilla,Nervión,Venta,Piso,160433.0,58.6,2.0,1.0,Obra nueva,2022-01-01,9,True,True,False,True,False,6.16,2024-10-27,40-80,2737.76
3974,Sevilla,Santa Cruz,Venta,Piso,285384.0,92.4,3.0,2.0,Buen estado,2015-01-01,Bajo,True,False,False,False,True,1.46,2024-11-26,80-120,3088.57
3975,Sevilla,Los Remedios,Alquiler,Piso,217230.0,66.4,2.0,1.0,Reformado,2020-01-01,4,True,False,False,False,False,4.41,2024-12-18,40-80,3271.54
3976,Sevilla,Macarena,Venta,Piso,341368.0,89.7,3.0,2.0,Obra nueva,2021-01-01,6,True,True,True,True,True,5.63,2024-10-15,80-120,3805.66
3977,Sevilla,Macarena,Alquiler,Piso,295214.0,93.0,3.0,2.0,Reformado,1965-01-01,3,False,False,False,False,False,4.82,2024-12-28,80-120,3174.34
3978,Sevilla,Triana,Alquiler,Piso,281797.0,108.9,3.0,2.0,Buen estado,1995-01-01,7,False,False,False,True,True,4.25,2025-01-22,80-120,2587.67
3979,Sevilla,Los Remedios,Venta,Estudio,74473.0,34.5,0.0,1.0,Buen estado,1997-01-01,7,False,True,False,True,False,6.38,2025-03-19,0-40,2158.64
3980,Sevilla,Triana,Alquiler,Piso,229270.0,81.3,3.0,2.0,Reformado,1978-01-01,5,True,False,True,False,False,4.54,2024-10-31,80-120,2820.05
3981,Sevilla,Macarena,Venta,Piso,198983.0,62.2,2.0,1.0,Buen estado,1982-01-01,8,False,False,False,True,False,4.45,2025-03-09,40-80,3199.08
3982,Sevilla,Los Remedios,Venta,Piso,373473.0,106.2,3.0,2.0,Buen estado,1983-01-01,4,False,False,False,False,True,6.61,2024-10-18,80-120,3516.69
3983,Sevilla,Santa Cruz,Alquiler,Piso,,130.3,4.0,2.0,Buen estado,1998-01-01,Bajo,True,False,False,False,True,6.58,2025-01-05,120-160,
3984,Sevilla,Los Remedios,Venta,Piso,,58.3,2.0,1.0,Obra nueva,2018-01-01,5,False,False,False,False,False,2.66,2025-02-01,40-80,
3985,Sevilla,Los Remedios,Venta,Piso,260672.0,104.5,3.0,2.0,Buen estado,1967-01-01,5,True,False,False,False,False,6.59,2024-12-11,80-120,2494.47
3986,Sevilla,Santa Cruz,Venta,Sin_clasificar,,,4.0,1.0,Buen estado,1992-01-01,7,True,True,False,False,False,3.38,2025-02-07,,
3987,Sevilla,Triana,Venta,Piso,345156.0,102.7,3.0,2.0,Buen estado,1972-01-01,Bajo,False,False,True,True,False,8.58,,80-120,3360.82
3988,Sevilla,Los Remedios,Alquiler,Piso,240916.0,61.8,2.0,1.0,Buen estado,1985-01-01,Bajo,True,False,False,True,False,4.24,2024-12-11,40-80,3898.32
3989,Sevilla,Santa Cruz,Alquiler,Piso,155092.0,64.7,2.0,1.0,Buen estado,2007-01-01,1,True,True,False,True,True,3.9,2025-02-24,40-80,2397.09
3990,Sevilla,Triana,Venta,Piso,272453.0,79.7,2.0,1.0,Buen estado,1967-01-01,2,True,True,False,True,True,7.11,2024-10-19,40-80,3418.48
3991,Sevilla,Nervión,Venta,Piso,254276.0,91.6,3.0,2.0,Buen estado,1994-01-01,6,True,False,False,False,False,4.55,2025-04-02,80-120,2775.94
3992,Sevilla,Los Remedios,Venta,Piso,322695.0,95.5,3.0,2.0,Buen estado,1964-01-01,7,True,False,False,False,True,4.96,2025-02-22,80-120,3379.01
3993,Sevilla,Santa Cruz,Venta,Piso,,71.6,2.0,1.0,Buen estado,1984-01-01,5,True,True,True,True,False,5.89,2024-11-01,40-80,
3994,Sevilla,Macarena,Venta,Piso,251310.0,61.1,2.0,1.0,Buen estado,1982-01-01,3,True,True,False,False,True,3.28,2024-12-08,40-80,4113.09
3995,Sevilla,Los Remedios,Alquiler,Sin_clasificar,,,3.0,1.0,Buen estado,1993-01-01,3,False,False,True,False,True,5.66,2025-03-12,,
3996,Sevilla,Macarena,Venta,Piso,159109.0,70.6,2.0,1.0,Buen estado,1955-01-01,8,True,True,False,True,True,5.42,2024-10-22,40-80,2253.67
3997,Sevilla,Macarena,Venta,Piso,282637.0,81.9,3.0,2.0,A reformar,1998-01-01,8,False,False,False,True,False,4.06,2025-02-09,80-120,3451.0
3998,Sevilla,Triana,Venta,Piso,263668.0,83.3,3.0,2.0,Buen estado,1981-01-01,1,True,False,True,False,False,3.94,2025-03-11,80-120,3165.28
3999,Sevilla,Santa Cruz,Venta,Piso,118079.0,42.6,2.0,1.0,Obra nueva,2023-01-01,4,True,True,False,True,False,5.92,2024-12-04,40-80,2771.81
4000,Sevilla,Triana,Venta,Piso,297642.0,89.3,3.0,2.0,Reformado,2001-01-01,6,True,False,True,True,False,4.81,,80-120,3333.06
4001,Sevilla,Triana,Venta,Piso,221788.0,76.9,2.0,1.0,Buen estado,1984-01-01,8,True,True,False,False,True,6.64,2024-10-21,40-80,2884.11
4002,Sevilla,Los Remedios,Venta,Piso,,76.6,2.0,1.0,Buen estado,1973-01-01,1,False,False,False,False,False,4.56,2024-11-06,40-80,
4003,Sevilla,Santa Cruz,Venta,Ático,207486.0,59.8,2.0,1.0,A reformar,1995-01-01,Ático,True,False,False,False,False,5.07,2025-03-30,40-80,3469.67
4004,Sevilla,Nervión,Venta,Sin_clasificar,,,6.0,1.0,Buen estado,1981-01-01,7,True,False,False,False,False,1.84,2025-03-31,,
4005,Sevilla,Triana,Venta,Piso,267663.0,109.7,3.0,2.0,Buen estado,1982-01-01,4,True,False,False,False,False,3.54,2024-12-23,80-120,2439.95
4006,Sevilla,Macarena,Alquiler,Piso,298036.0,86.9,3.0,2.0,Buen estado,1980-01-01,8,True,False,False,True,False,4.24,2025-03-31,80-120,3429.64
4007,Sevilla,Nervión,Alquiler,Piso,133851.0,48.3,2.0,1.0,Buen estado,2000-01-01,1,True,True,True,True,False,6.26,2024-12-22,40-80,2771.24
4008,Sevilla,Macarena,Alquiler,Sin_clasificar,,,4.0,,Buen estado,1958-01-01,3,False,True,False,False,False,5.07,2025-03-05,,
4009,Sevilla,Los Remedios,Venta,Piso,275025.0,64.8,2.0,1.0,Obra nueva,2021-01-01,2,True,False,False,True,True,4.27,2025-01-21,40-80,4244.21
4010,Sevilla,Nervión,Venta,Piso,204166.0,54.7,2.0,1.0,Buen estado,1971-01-01,Bajo,True,True,False,True,False,4.56,2025-01-10,40-80,3732.47
4011,Sevilla,Nervión,Alquiler,Piso,283298.0,94.1,3.0,2.0,Buen estado,1979-01-01,8,False,False,False,False,False,3.27,,80-120,3010.61
4012,Sevilla,Triana,Venta,Piso,258319.0,70.0,2.0,1.0,Buen estado,1999-01-01,7,True,True,False,False,False,3.26,2024-10-10,40-80,3690.27
4013,Sevilla,Nervión,Alquiler,Piso,238232.0,75.8,2.0,1.0,Buen estado,1962-01-01,Bajo,False,True,False,True,True,4.83,2025-01-17,40-80,3142.9
4014,Sevilla,Nervión,Venta,Piso,292910.0,76.9,2.0,1.0,Buen estado,1959-01-01,Bajo,True,False,False,True,False,6.77,2025-01-11,40-80,3808.97
4015,Sevilla,Triana,Venta,Ático,201520.0,77.0,2.0,1.0,Buen estado,1985-01-01,Ático,True,True,False,False,True,4.84,2025-03-20,40-80,2617.14
4016,Sevilla,Macarena,Venta,Piso,276301.0,83.2,3.0,2.0,Buen estado,2003-01-01,1,False,True,False,False,True,6.81,2024-10-11,80-120,3320.93
4017,Sevilla,Nervión,Venta,Piso,185775.0,63.3,2.0,1.0,A reformar,1990-01-01,Bajo,True,False,False,False,False,,2024-12-08,40-80,2934.83
4018,Sevilla,Triana,Venta,Piso,265586.0,69.0,2.0,1.0,Buen estado,1990-01-01,5,True,True,False,False,False,2.31,2024-11-18,40-80,3849.07
4019,Sevilla,Nervión,Alquiler,Piso,230683.0,59.0,2.0,1.0,Buen estado,2011-01-01,7,True,False,False,False,False,0.85,2025-04-05,40-80,3909.88
4020,Sevilla,Santa Cruz,Venta,Piso,255022.0,79.2,2.0,1.0,Buen estado,1978-01-01,2,True,True,False,False,False,5.19,2025-01-17,40-80,3219.97
4021,Sevilla,Triana,Venta,Piso,239057.0,76.0,2.0,1.0,Buen estado,1991-01-01,2,False,False,False,True,False,0.5,2025-02-04,40-80,3145.49
4022,Sevilla,Los Remedios,Alquiler,Ático,274035.0,88.0,3.0,2.0,Reformado,1991-01-01,Ático,True,False,False,False,True,3.22,2024-12-30,80-120,3114.03
4023,Sevilla,Los Remedios,Alquiler,Piso,246121.0,67.7,2.0,1.0,Buen estado,1987-01-01,2,False,True,False,False,False,6.63,2024-10-20,40-80,3635.47
4024,Sevilla,Los Remedios,Venta,Piso,313106.0,86.4,3.0,2.0,Buen estado,2003-01-01,4,False,False,True,False,False,3.54,,80-120,3623.91
4025,Sevilla,Nervión,Venta,Piso,340521.0,104.9,3.0,2.0,Buen estado,1959-01-01,8,False,False,False,True,False,3.95,2024-11-08,80-120,3246.15
4026,Sevilla,Santa Cruz,Venta,Piso,346668.0,125.4,4.0,2.0,Buen estado,2011-01-01,3,False,False,False,True,False,4.34,2024-12-20,120-160,2764.5
4027,Sevilla,Los Remedios,Alquiler,Piso,185039.0,67.2,2.0,1.0,Buen estado,1995-01-01,2,False,False,True,False,True,5.7,2025-03-10,40-80,2753.56
4028,Sevilla,Los Remedios,Venta,Piso,,91.1,3.0,2.0,Buen estado,1972-01-01,5,True,False,False,False,True,5.86,2025-04-06,80-120,
4029,Sevilla,Macarena,Venta,Piso,291753.0,94.1,3.0,2.0,Obra nueva,2018-01-01,6,True,True,False,False,False,5.51,2024-11-13,80-120,3100.46
4030,Sevilla,Los Remedios,Venta,Piso,389178.0,113.0,3.0,2.0,Buen estado,1968-01-01,7,True,True,False,False,True,6.27,2025-03-21,80-120,3444.05
4031,Sevilla,Nervión,Alquiler,Piso,211082.0,54.3,2.0,1.0,Buen estado,2001-01-01,2,False,True,False,True,True,6.23,2024-11-28,40-80,3887.33
4032,Sevilla,Los Remedios,Alquiler,Piso,206922.0,59.5,2.0,1.0,Buen estado,2005-01-01,Bajo,True,False,True,False,True,4.4,2024-10-27,40-80,3477.68
4033,Sevilla,Los Remedios,Alquiler,Piso,,59.1,2.0,1.0,Buen estado,1979-01-01,3,True,False,False,True,True,2.33,2025-03-31,40-80,
4034,Sevilla,Triana,Venta,Piso,171817.0,69.6,2.0,1.0,Buen estado,1985-01-01,Bajo,False,False,False,True,False,7.1,2025-01-05,40-80,2468.64
4035,Sevilla,Santa Cruz,Venta,Piso,216801.0,59.8,2.0,1.0,Buen estado,1986-01-01,4,True,False,True,False,True,7.49,2024-12-25,40-80,3625.43
4036,Sevilla,Triana,Venta,Piso,395637.0,103.3,3.0,2.0,Buen estado,2004-01-01,9,True,False,False,True,False,5.62,2024-12-15,80-120,3829.98
4037,Sevilla,Triana,Alquiler,Piso,121060.0,43.1,2.0,1.0,Obra nueva,2020-01-01,3,True,True,False,False,True,5.37,2024-11-02,40-80,2808.82
4038,Sevilla,Los Remedios,Venta,Piso,392409.0,102.3,3.0,2.0,Buen estado,1992-01-01,Bajo,False,True,False,False,False,3.27,2024-12-29,80-120,3835.87
4039,Sevilla,Macarena,Venta,Ático,269107.0,96.4,3.0,2.0,Buen estado,1995-01-01,Ático,True,True,True,False,True,4.01,2025-02-20,80-120,2791.57
4040,Sevilla,Santa Cruz,Venta,Piso,287071.0,81.0,3.0,2.0,Obra nueva,2020-01-01,6,True,True,True,False,False,3.9,2025-03-06,80-120,3544.09
4041,Sevilla,Nervión,Venta,Piso,247356.0,77.7,2.0,1.0,Buen estado,1947-01-01,3,False,False,False,False,True,5.2,2024-11-27,40-80,3183.47
4042,Sevilla,Los Remedios,Alquiler,Piso,302559.0,85.8,3.0,2.0,Buen estado,2015-01-01,8,True,True,True,True,False,,2025-02-03,80-120,3526.33
4043,Sevilla,Macarena,Venta,Piso,244506.0,81.5,3.0,2.0,Buen estado,1981-01-01,Bajo,True,False,True,True,True,2.56,2024-11-25,80-120,3000.07
4044,Sevilla,Nervión,Alquiler,Piso,263491.0,98.9,3.0,2.0,Obra nueva,2023-01-01,1,True,False,True,True,False,2.9,2025-02-24,80-120,2664.22
4045,Sevilla,Los Remedios,Venta,Piso,466684.0,156.7,4.0,2.0,Buen estado,2007-01-01,9,False,False,False,False,False,3.66,2024-11-25,120-160,2978.2
4046,Sevilla,Nervión,Venta,Piso,458769.0,114.6,3.0,2.0,Buen estado,1988-01-01,3,False,True,False,False,True,4.02,2024-11-26,80-120,4003.22
4047,Sevilla,Nervión,Venta,Ático,307121.0,100.4,3.0,2.0,Buen estado,1983-01-01,Ático,True,True,False,True,True,3.59,2024-11-12,80-120,3058.97
4048,Sevilla,Nervión,Venta,Piso,228962.0,72.6,2.0,1.0,Buen estado,1984-01-01,Bajo,True,False,True,False,False,6.18,2024-11-25,40-80,3153.75
4049,Sevilla,Santa Cruz,Alquiler,Piso,301062.0,76.3,2.0,1.0,Obra nueva,2021-01-01,7,True,True,True,False,False,4.88,2025-01-13,40-80,3945.77
4050,Sevilla,Santa Cruz,Alquiler,Piso,185314.0,54.5,2.0,1.0,Buen estado,1968-01-01,7,False,False,False,False,False,4.74,2025-02-07,40-80,3400.26
4051,Sevilla,Nervión,Venta,Piso,172828.0,50.7,2.0,1.0,Buen estado,1951-01-01,8,False,False,False,False,True,5.99,2025-01-03,40-80,3408.84
4052,Sevilla,Nervión,Venta,Piso,231470.0,64.3,2.0,1.0,Buen estado,2002-01-01,9,True,False,False,False,False,4.26,2024-11-02,40-80,3599.84
4053,Sevilla,Los Remedios,Venta,Piso,164266.0,85.0,3.0,2.0,Buen estado,1983-01-01,3,True,False,True,False,False,3.96,2024-12-06,80-120,1932.54
4054,Sevilla,Nervión,Venta,Piso,315944.0,95.8,3.0,2.0,Buen estado,1995-01-01,4,False,True,False,True,False,,2025-02-12,80-120,3297.95
4055,Sevilla,Triana,Venta,Piso,308787.0,98.4,3.0,2.0,Reformado,1980-01-01,Bajo,False,False,False,False,True,,2025-03-30,80-120,3138.08
4056,Sevilla,Macarena,Venta,Sin_clasificar,,,2.0,1.0,Buen estado,1969-01-01,4,True,True,True,True,False,5.28,2025-04-03,,
4057,Sevilla,Los Remedios,Venta,Piso,186177.0,44.1,2.0,1.0,Reformado,1977-01-01,7,True,True,False,False,True,5.41,2024-12-30,40-80,4221.7
4058,Sevilla,Macarena,Venta,Piso,385670.0,117.75,3.0,2.0,Buen estado,1977-01-01,8,False,True,False,True,False,4.04,2024-12-04,80-120,3275.33
4059,Sevilla,Triana,Venta,Piso,341938.0,95.0,3.0,2.0,Buen estado,1969-01-01,4,True,False,False,False,True,7.56,2024-12-10,80-120,3599.35
4060,Sevilla,Nervión,Venta,Piso,209661.0,81.3,3.0,2.0,Obra nueva,2023-01-01,2,True,True,True,True,True,3.81,2024-11-10,80-120,2578.86
4061,Sevilla,Macarena,Venta,Piso,228522.0,76.2,2.0,1.0,Buen estado,1979-01-01,1,True,True,False,False,True,3.35,2025-01-23,40-80,2998.98
4062,Sevilla,Santa Cruz,Venta,Piso,205890.0,54.2,2.0,1.0,Buen estado,1974-01-01,4,False,True,False,True,True,4.13,2025-02-08,40-80,3798.71
4063,Sevilla,Triana,Alquiler,Piso,253303.0,71.3,2.0,1.0,Buen estado,1993-01-01,5,True,False,False,False,False,3.22,2024-10-22,40-80,3552.64
4064,Sevilla,Nervión,Venta,Piso,197437.0,77.0,2.0,1.0,Buen estado,1990-01-01,2,True,False,True,False,True,8.23,2025-03-17,40-80,2564.12
4065,Sevilla,Santa Cruz,Alquiler,Piso,297858.0,107.6,3.0,2.0,Buen estado,1980-01-01,Bajo,False,False,True,True,False,4.82,2025-03-21,80-120,2768.2
4066,Sevilla,Macarena,Alquiler,Piso,266873.0,87.8,3.0,2.0,Buen estado,1980-01-01,7,True,True,False,False,True,7.04,2024-12-17,80-120,3039.56
4067,Sevilla,Triana,Venta,Piso,204410.0,89.9,3.0,2.0,Buen estado,1996-01-01,5,True,True,False,False,False,5.01,2025-02-15,80-120,2273.75
4068,Sevilla,Nervión,Venta,Piso,196739.0,77.1,2.0,1.0,Buen estado,1975-01-01,Bajo,False,False,False,False,False,4.53,2025-01-27,40-80,2551.74
4069,Sevilla,Nervión,Venta,Piso,228974.0,62.7,2.0,1.0,Obra nueva,2019-01-01,8,True,False,False,False,True,4.42,2025-03-27,40-80,3651.9
4070,Sevilla,Los Remedios,Venta,Piso,424406.0,97.6,3.0,2.0,Reformado,1997-01-01,4,True,False,False,False,True,5.59,2025-01-22,80-120,4348.42
4071,Sevilla,Triana,Venta,Piso,233384.0,69.7,2.0,1.0,Buen estado,1974-01-01,7,False,False,False,True,False,3.67,2025-03-23,40-80,3348.41
4072,Sevilla,Santa Cruz,Venta,Piso,262481.0,80.9,3.0,2.0,Buen estado,1985-01-01,9,True,False,True,False,False,2.58,2025-04-05,80-120,3244.51
4073,Sevilla,Santa Cruz,Venta,Piso,296108.0,72.4,2.0,1.0,Obra nueva,2023-01-01,4,True,False,False,True,False,5.68,2025-03-11,40-80,4089.89
4074,Sevilla,Triana,Venta,Piso,200874.0,61.7,2.0,1.0,Buen estado,1962-01-01,Bajo,False,True,False,True,True,3.13,2025-03-08,40-80,3255.66
4075,Sevilla,Santa Cruz,Alquiler,Piso,234892.0,86.8,3.0,2.0,Buen estado,1990-01-01,4,True,False,False,True,True,1.92,,80-120,2706.13
4076,Sevilla,Nervión,Venta,Piso,275566.0,85.9,3.0,2.0,Reformado,2016-01-01,4,True,False,False,True,True,5.65,2024-12-03,80-120,3207.99
4077,Sevilla,Nervión,Venta,Piso,308653.0,97.8,3.0,2.0,Buen estado,1981-01-01,6,False,False,True,True,True,5.51,2024-11-03,80-120,3155.96
4078,Sevilla,Nervión,Venta,Piso,334272.0,96.9,3.0,2.0,Buen estado,1962-01-01,8,True,True,False,False,False,4.83,2025-03-24,80-120,3449.66
4079,Sevilla,Triana,Venta,Piso,271580.0,65.2,2.0,1.0,Buen estado,1975-01-01,4,True,False,False,False,False,4.1,2025-03-01,40-80,4165.34
4080,Sevilla,Los Remedios,Venta,Piso,341950.0,99.5,3.0,2.0,Buen estado,1977-01-01,2,True,False,False,False,True,4.41,2025-04-02,80-120,3436.68
4081,Sevilla,Macarena,Venta,Piso,432317.0,121.5,4.0,2.0,Reformado,1997-01-01,2,False,False,False,True,True,,2024-11-13,120-160,3558.16
4082,Sevilla,Nervión,Alquiler,Piso,330802.0,88.5,3.0,2.0,Obra nueva,2020-01-01,7,True,False,False,True,True,4.41,2024-12-24,80-120,3737.88
4083,Sevilla,Nervión,Alquiler,Piso,291019.0,89.7,3.0,2.0,Buen estado,1982-01-01,6,True,False,False,False,True,2.04,2025-02-04,80-120,3244.36
4084,Sevilla,Santa Cruz,Venta,Piso,157406.0,92.3,3.0,2.0,Buen estado,1994-01-01,8,True,True,False,False,True,7.34,2025-02-20,80-120,1705.37
4085,Sevilla,Nervión,Alquiler,Ático,230784.0,83.9,3.0,2.0,Buen estado,1992-01-01,Ático,False,False,True,False,False,6.19,2025-02-25,80-120,2750.7
4086,Sevilla,Macarena,Venta,Piso,252953.0,89.4,3.0,2.0,A reformar,2009-01-01,4,False,False,False,True,False,5.36,2024-10-26,80-120,2829.45
4087,Sevilla,Macarena,Venta,Piso,343819.0,97.4,3.0,2.0,Buen estado,1946-01-01,3,False,True,False,False,False,5.22,2025-04-05,80-120,3529.97
4088,Sevilla,Los Remedios,Venta,Piso,236850.0,62.1,2.0,1.0,Buen estado,1971-01-01,9,False,False,False,True,False,3.71,2025-03-11,40-80,3814.01
4089,Sevilla,Santa Cruz,Alquiler,Ático,210410.0,87.4,3.0,2.0,Buen estado,1982-01-01,Ático,False,False,False,False,True,3.71,,80-120,2407.44
4090,Sevilla,Santa Cruz,Venta,Piso,179649.0,53.6,2.0,1.0,Buen estado,1989-01-01,6,True,True,False,False,False,5.44,2024-11-27,40-80,3351.66
4091,Sevilla,Santa Cruz,Venta,Piso,270069.0,93.3,3.0,2.0,Buen estado,1956-01-01,7,True,True,False,True,False,7.76,2024-11-17,80-120,2894.63
4092,Sevilla,Nervión,Venta,Piso,197591.0,66.4,2.0,1.0,Obra nueva,2018-01-01,9,True,True,False,True,True,,2024-11-14,40-80,2975.77
4093,Sevilla,Macarena,Venta,Piso,340876.0,90.2,3.0,2.0,Buen estado,1982-01-01,6,True,False,False,False,False,4.72,2024-12-30,80-120,3779.11
4094,Sevilla,Los Remedios,Alquiler,Piso,333449.0,119.9,3.0,2.0,Buen estado,1980-01-01,6,True,True,True,False,False,3.33,2024-12-19,80-120,2781.06
4095,Sevilla,Los Remedios,Venta,Sin_clasificar,,,5.0,2.0,Reformado,2016-01-01,5,True,True,False,False,True,3.89,2024-12-31,,
4096,Sevilla,Los Remedios,Alquiler,Piso,240158.0,84.7,3.0,2.0,A reformar,1970-01-01,2,False,False,False,False,True,6.49,2024-12-13,80-120,2835.4
4097,Sevilla,Macarena,Venta,Piso,271063.0,89.5,3.0,2.0,Buen estado,1975-01-01,8,False,False,False,False,False,4.19,2025-01-31,80-120,3028.64
4098,Sevilla,Los Remedios,Venta,Piso,370902.0,101.9,3.0,2.0,Obra nueva,2019-01-01,4,True,True,True,False,False,3.56,2025-04-01,80-120,3639.86
4099,Sevilla,Triana,Venta,Piso,388198.0,98.8,3.0,2.0,Buen estado,1991-01-01,5,False,False,True,True,False,4.97,2024-11-05,80-120,3929.13
4100,Sevilla,Nervión,Venta,Piso,326784.0,97.6,3.0,2.0,Buen estado,2008-01-01,1,True,False,True,True,False,5.14,,80-120,3348.2
4101,Sevilla,Santa Cruz,Venta,Piso,323637.0,97.5,3.0,2.0,Buen estado,2001-01-01,3,True,False,False,True,False,4.04,2024-11-29,80-120,3319.35
4102,Sevilla,Santa Cruz,Venta,Piso,261760.0,84.9,3.0,2.0,Buen estado,1998-01-01,8,True,False,True,False,False,6.12,,80-120,3083.16
4103,Sevilla,Los Remedios,Alquiler,Piso,367016.0,94.5,3.0,2.0,Obra nueva,2021-01-01,Bajo,False,False,False,True,False,3.72,2024-12-10,80-120,3883.77
4104,Sevilla,Macarena,Venta,Piso,223823.0,75.9,2.0,1.0,Buen estado,1971-01-01,4,True,True,False,False,True,5.07,2024-11-17,40-80,2948.92
4105,Sevilla,Nervión,Venta,Piso,170468.0,70.9,2.0,1.0,Buen estado,1976-01-01,5,True,False,True,True,True,8.0,2024-10-21,40-80,2404.34
4106,Sevilla,Santa Cruz,Venta,Piso,265137.0,78.9,2.0,1.0,Buen estado,1989-01-01,9,False,False,True,False,True,4.35,2024-12-19,40-80,3360.42
4107,Sevilla,Triana,Venta,Piso,205179.0,92.2,3.0,2.0,Buen estado,1959-01-01,6,True,True,True,False,False,4.01,2025-03-21,80-120,2225.37
4108,Sevilla,Triana,Alquiler,Piso,310970.0,108.5,3.0,2.0,Buen estado,1964-01-01,9,True,False,False,True,False,3.21,2025-02-10,80-120,2866.08
4109,Sevilla,Nervión,Alquiler,Piso,157683.0,44.5,2.0,1.0,Buen estado,1998-01-01,4,False,False,True,False,False,3.4,2024-11-06,40-80,3543.44
4110,Sevilla,Nervión,Venta,Piso,294416.0,95.3,3.0,2.0,Buen estado,1986-01-01,4,True,True,False,False,False,4.45,2024-12-29,80-120,3089.36
4111,Sevilla,Triana,Venta,Piso,355419.0,94.4,3.0,2.0,Obra nueva,2023-01-01,7,True,True,False,True,True,5.48,2024-12-24,80-120,3765.03
4112,Sevilla,Santa Cruz,Alquiler,Ático,128926.0,57.3,2.0,1.0,Buen estado,1993-01-01,Ático,True,True,False,False,False,4.74,2025-03-21,40-80,2250.02
4113,Sevilla,Nervión,Venta,Sin_clasificar,,,1.0,1.0,Reformado,1984-01-01,9,False,True,True,True,True,5.88,2025-03-18,,
4114,Sevilla,Santa Cruz,Venta,Piso,175574.0,59.2,2.0,1.0,Buen estado,1987-01-01,2,True,False,False,False,False,5.11,2025-03-15,40-80,2965.78
4115,Sevilla,Los Remedios,Venta,Piso,174668.0,70.0,2.0,1.0,Obra nueva,2018-01-01,3,True,True,True,False,True,4.59,2024-11-01,40-80,2495.26
4116,Sevilla,Los Remedios,Alquiler,Piso,235796.0,98.1,3.0,2.0,Obra nueva,2020-01-01,8,True,False,True,False,True,5.48,2024-12-19,80-120,2403.63
4117,Sevilla,Santa Cruz,Alquiler,Piso,282674.0,83.2,3.0,2.0,Buen estado,2001-01-01,4,True,False,True,False,False,2.28,2024-11-17,80-120,3397.52
4118,Sevilla,Triana,Venta,Piso,272599.0,88.3,3.0,2.0,Buen estado,1975-01-01,7,True,True,False,False,False,5.59,2025-02-06,80-120,3087.19
4119,Sevilla,Los Remedios,Venta,Piso,245413.0,92.3,3.0,2.0,Buen estado,1968-01-01,1,False,False,False,False,True,3.44,2025-03-26,80-120,2658.86
4120,Sevilla,Los Remedios,Venta,Piso,140269.0,63.5,2.0,1.0,Obra nueva,2023-01-01,8,True,False,True,True,False,6.59,2024-11-18,40-80,2208.96
4121,Sevilla,Nervión,Venta,Piso,378179.0,101.7,3.0,2.0,Obra nueva,2022-01-01,5,False,False,False,True,True,8.46,2025-03-22,80-120,3718.57
4122,Sevilla,Santa Cruz,Alquiler,Piso,267476.0,65.6,2.0,1.0,Obra nueva,2020-01-01,1,True,True,False,True,False,,,40-80,4077.38
4123,Sevilla,Macarena,Venta,Piso,146329.0,44.2,2.0,1.0,Buen estado,1967-01-01,6,True,True,False,False,False,6.73,2024-10-16,40-80,3310.61
4124,Sevilla,Los Remedios,Alquiler,Piso,304084.0,88.7,3.0,2.0,Buen estado,1972-01-01,4,False,False,False,True,False,6.31,2024-11-20,80-120,3428.23
4125,Sevilla,Macarena,Venta,Piso,154498.0,45.0,2.0,1.0,Reformado,1955-01-01,3,False,False,True,False,False,2.83,2024-11-03,40-80,3433.29
4126,Sevilla,Macarena,Venta,Piso,321718.0,97.0,3.0,2.0,Buen estado,1952-01-01,9,True,False,False,True,False,6.72,2024-12-02,80-120,3316.68
4127,Sevilla,Triana,Venta,Piso,361926.0,101.9,3.0,2.0,Buen estado,1974-01-01,1,True,False,True,False,True,5.21,,80-120,3551.78
4128,Sevilla,Santa Cruz,Venta,Piso,257809.0,85.6,3.0,2.0,Buen estado,2002-01-01,6,True,False,False,True,True,2.72,2025-01-09,80-120,3011.79
4129,Sevilla,Los Remedios,Venta,Piso,417066.0,130.43,4.0,2.0,Buen estado,1985-01-01,Bajo,True,False,True,True,False,4.18,2025-01-24,120-160,3197.62
4130,Sevilla,Nervión,Venta,Ático,99218.0,36.9,0.0,1.0,Buen estado,1985-01-01,Ático,True,True,False,True,True,6.82,2025-02-07,0-40,2688.83
4131,Sevilla,Triana,Venta,Piso,272230.0,88.9,3.0,2.0,Buen estado,1982-01-01,2,True,False,False,False,True,5.24,2024-11-21,80-120,3062.2
4132,Sevilla,Nervión,Venta,Piso,202685.0,65.6,2.0,1.0,Buen estado,1977-01-01,6,False,True,False,True,False,7.22,2024-12-28,40-80,3089.71
4133,Sevilla,Los Remedios,Alquiler,Piso,283220.0,91.4,3.0,2.0,Buen estado,1977-01-01,7,True,False,False,True,False,4.54,2024-10-23,80-120,3098.69
4134,Sevilla,Santa Cruz,Venta,Piso,238424.0,83.1,3.0,2.0,Buen estado,1977-01-01,5,True,False,False,False,False,5.18,2025-04-07,80-120,2869.12
4135,Sevilla,Los Remedios,Venta,Piso,264264.0,68.2,2.0,1.0,Buen estado,1993-01-01,5,False,True,True,False,False,,2024-12-28,40-80,3874.84
4136,Sevilla,Nervión,Venta,Piso,186437.0,59.7,2.0,1.0,Obra nueva,2022-01-01,8,True,True,True,False,False,6.6,2025-03-17,40-80,3122.9
4137,Sevilla,Triana,Alquiler,Piso,264443.0,84.5,3.0,2.0,Buen estado,1986-01-01,1,True,True,True,True,True,4.99,2025-01-07,80-120,3129.5
4138,Sevilla,Santa Cruz,Venta,Piso,231628.0,77.0,2.0,1.0,Buen estado,1967-01-01,9,False,True,False,False,True,4.73,2024-12-25,40-80,3008.16
4139,Sevilla,Los Remedios,Venta,Piso,189482.0,70.1,2.0,1.0,Obra nueva,2021-01-01,2,True,True,False,True,False,5.1,2025-01-20,40-80,2703.02
4140,Sevilla,Santa Cruz,Venta,Piso,306622.0,114.0,3.0,2.0,Buen estado,1974-01-01,6,True,False,False,True,False,2.83,2024-11-30,80-120,2689.67
4141,Sevilla,Santa Cruz,Venta,Piso,345288.0,118.1,3.0,2.0,Buen estado,1995-01-01,7,False,False,False,False,True,6.59,2025-01-19,80-120,2923.69
4142,Sevilla,Triana,Venta,Piso,284631.0,84.8,3.0,2.0,Buen estado,1982-01-01,2,True,False,False,False,False,6.44,2024-11-07,80-120,3356.5
4143,Sevilla,Santa Cruz,Venta,Piso,331574.0,102.2,3.0,2.0,Obra nueva,2022-01-01,8,True,True,True,True,True,4.08,2024-11-03,80-120,3244.36
4144,Sevilla,Nervión,Alquiler,Ático,178214.0,53.1,2.0,1.0,Buen estado,1970-01-01,Ático,True,False,True,True,False,6.51,2025-01-16,40-80,3356.2
4145,Sevilla,Triana,Venta,Piso,321089.0,86.5,3.0,2.0,Obra nueva,2023-01-01,7,False,True,True,True,False,3.46,2024-10-10,80-120,3712.01
4146,Sevilla,Macarena,Venta,Piso,,102.9,3.0,2.0,A reformar,1977-01-01,Bajo,True,True,True,False,False,4.18,,80-120,
4147,Sevilla,Triana,Venta,Piso,287351.0,85.3,3.0,2.0,Buen estado,1977-01-01,2,True,False,False,True,False,6.63,2025-03-08,80-120,3368.71
4148,Sevilla,Santa Cruz,Venta,Piso,167041.0,53.8,2.0,1.0,Reformado,1979-01-01,3,True,False,True,True,True,4.28,2024-12-18,40-80,3104.85
4149,Sevilla,Santa Cruz,Venta,Piso,386536.0,89.9,3.0,2.0,Buen estado,2000-01-01,9,False,True,False,False,False,6.64,2025-02-02,80-120,4299.62
4150,Sevilla,Triana,Venta,Piso,290369.0,93.8,3.0,2.0,Buen estado,2004-01-01,5,True,False,True,False,False,3.84,2025-02-03,80-120,3095.62
4151,Sevilla,Santa Cruz,Venta,Piso,280020.0,74.0,2.0,1.0,Obra nueva,2019-01-01,3,True,False,False,False,False,2.83,2025-01-03,40-80,3784.05
4152,Sevilla,Los Remedios,Venta,Piso,243712.0,64.2,2.0,1.0,Buen estado,1984-01-01,3,False,True,True,False,False,2.55,2024-11-03,40-80,3796.14
4153,Sevilla,Nervión,Alquiler,Piso,208017.0,56.3,2.0,1.0,Reformado,1970-01-01,1,True,True,False,True,False,4.2,2024-12-30,40-80,3694.8
4154,Sevilla,Los Remedios,Venta,Piso,309926.0,92.2,3.0,2.0,Obra nueva,2020-01-01,7,False,True,False,False,True,4.41,2025-03-31,80-120,3361.45
4155,Sevilla,Triana,Venta,Piso,265042.0,74.8,2.0,1.0,Buen estado,1991-01-01,9,True,False,False,True,False,5.93,2025-03-12,40-80,3543.34
4156,Sevilla,Nervión,Venta,Piso,184113.0,41.4,2.0,1.0,Buen estado,1987-01-01,Bajo,True,False,False,True,True,5.17,2024-12-27,40-80,4447.17
4157,Sevilla,Los Remedios,Alquiler,Piso,378831.0,76.6,2.0,1.0,Buen estado,1968-01-01,1,True,True,False,True,False,7.24,2024-12-27,40-80,4945.57
4158,Sevilla,Triana,Venta,Piso,385839.0,109.0,3.0,2.0,Buen estado,1984-01-01,1,False,True,True,True,True,4.02,2024-11-17,80-120,3539.81
4159,Sevilla,Nervión,Alquiler,Piso,287930.0,77.2,2.0,1.0,Reformado,1981-01-01,3,False,False,True,True,True,6.98,,40-80,3729.66
4160,Sevilla,Santa Cruz,Alquiler,Piso,251834.0,76.3,2.0,1.0,Buen estado,1982-01-01,6,True,True,False,False,False,5.74,2025-02-22,40-80,3300.58
4161,Sevilla,Santa Cruz,Venta,Piso,406435.0,98.5,3.0,2.0,Buen estado,1972-01-01,7,False,False,True,True,False,4.93,2025-03-16,80-120,4126.24
4162,Sevilla,Macarena,Venta,Ático,,,5.0,1.0,Buen estado,2003-01-01,Ático,False,False,False,True,True,3.38,2024-12-25,,
4163,Sevilla,Los Remedios,Venta,Piso,268127.0,73.5,2.0,1.0,Buen estado,1982-01-01,7,True,False,True,False,False,6.11,2025-03-05,40-80,3647.99
4164,Sevilla,Los Remedios,Venta,Piso,305139.0,86.1,3.0,2.0,Buen estado,1981-01-01,6,True,False,False,True,False,7.34,2025-01-26,80-120,3544.01
4165,Sevilla,Los Remedios,Alquiler,Piso,262772.0,78.6,2.0,1.0,Buen estado,1956-01-01,2,False,False,False,False,True,3.86,2025-03-14,40-80,3343.16
4166,Sevilla,Los Remedios,Venta,Piso,290832.0,85.4,3.0,2.0,Buen estado,1945-01-01,3,True,False,False,True,False,6.35,2024-11-08,80-120,3405.53
4167,Sevilla,Los Remedios,Venta,Piso,312104.0,90.7,3.0,2.0,Buen estado,1965-01-01,2,False,True,False,True,False,9.33,2025-03-11,80-120,3441.06
4168,Sevilla,Nervión,Venta,Piso,148840.0,57.5,2.0,1.0,Buen estado,1975-01-01,8,True,True,False,True,True,4.42,2024-12-01,40-80,2588.52
4169,Sevilla,Triana,Venta,Piso,344587.0,76.8,2.0,1.0,Buen estado,1990-01-01,5,True,False,False,True,False,4.48,2025-04-07,40-80,4486.81
4170,Sevilla,Los Remedios,Venta,Piso,144318.0,75.4,2.0,1.0,Buen estado,1991-01-01,2,False,False,False,True,False,3.69,2024-12-24,40-80,1914.03
4171,Sevilla,Triana,Venta,Piso,267876.0,107.2,3.0,2.0,Buen estado,2004-01-01,8,False,True,False,False,True,6.59,2025-01-05,80-120,2498.84
4172,Sevilla,Los Remedios,Venta,Piso,241720.0,64.2,2.0,1.0,Obra nueva,2018-01-01,7,True,False,False,False,False,5.39,2024-12-01,40-80,3765.11
4173,Sevilla,Los Remedios,Venta,Piso,247162.0,84.6,3.0,2.0,Buen estado,1975-01-01,4,True,False,False,True,False,2.82,2025-01-16,80-120,2921.54
4174,Sevilla,Nervión,Alquiler,Piso,302268.0,92.1,3.0,2.0,Buen estado,1987-01-01,5,False,False,False,False,False,5.05,2025-02-25,80-120,3281.95
4175,Sevilla,Los Remedios,Venta,Piso,224180.0,64.6,2.0,1.0,Buen estado,1971-01-01,9,True,True,False,True,True,4.07,2024-11-07,40-80,3470.28
4176,Sevilla,Macarena,Venta,Piso,323270.0,82.5,3.0,2.0,Buen estado,1997-01-01,2,False,False,False,False,True,3.53,2024-11-20,80-120,3918.42
4177,Sevilla,Triana,Venta,Piso,340182.0,105.0,3.0,2.0,Buen estado,1974-01-01,1,True,True,False,False,True,4.27,2025-03-23,80-120,3239.83
4178,Sevilla,Los Remedios,Alquiler,Piso,177386.0,57.5,2.0,1.0,Obra nueva,2020-01-01,4,True,False,True,False,True,2.62,,40-80,3084.97
4179,Sevilla,Macarena,Venta,Piso,,85.4,3.0,2.0,Obra nueva,2020-01-01,8,False,True,False,False,True,5.52,2024-11-30,80-120,
4180,Sevilla,Macarena,Alquiler,Piso,264488.0,80.6,3.0,2.0,Obra nueva,2019-01-01,9,False,True,False,False,True,5.44,2024-11-10,80-120,3281.49
4181,Sevilla,Santa Cruz,Venta,Piso,206250.0,76.7,2.0,1.0,A reformar,2003-01-01,3,False,False,False,True,False,8.19,,40-80,2689.05
4182,Sevilla,Nervión,Venta,Piso,216600.0,68.5,2.0,1.0,Buen estado,1988-01-01,Bajo,True,False,False,True,True,2.61,2025-03-05,40-80,3162.04
4183,Sevilla,Santa Cruz,Venta,Piso,289094.0,93.4,3.0,2.0,Buen estado,1956-01-01,3,False,False,False,False,False,4.74,2025-01-23,80-120,3095.22
4184,Sevilla,Macarena,Venta,Piso,420333.0,120.6,4.0,2.0,Obra nueva,2021-01-01,6,True,True,False,False,False,3.24,2025-01-28,120-160,3485.35
4185,Sevilla,Triana,Venta,Piso,267055.0,78.2,2.0,1.0,Obra nueva,2019-01-01,4,True,True,True,False,True,4.63,2024-11-22,40-80,3415.03
4186,Sevilla,Triana,Venta,Ático,,,1.0,1.0,Buen estado,1969-01-01,Ático,True,False,False,False,False,5.47,2025-04-05,,
4187,Sevilla,Nervión,Venta,Piso,321038.0,76.8,2.0,1.0,Buen estado,1967-01-01,3,True,False,False,False,False,7.72,2025-01-29,40-80,4180.18
4188,Sevilla,Macarena,Venta,Piso,244141.0,70.1,2.0,1.0,Buen estado,1952-01-01,9,True,False,False,False,True,3.06,2024-10-13,40-80,3482.75
4189,Sevilla,Triana,Venta,Piso,177230.0,56.9,2.0,1.0,Buen estado,1980-01-01,2,True,True,False,False,False,5.54,2025-03-20,40-80,3114.76
4190,Sevilla,Los Remedios,Venta,Piso,308065.0,87.1,3.0,2.0,Buen estado,1978-01-01,Bajo,True,False,True,False,True,2.91,,80-120,3536.91
4191,Sevilla,Nervión,Venta,Piso,293754.0,77.6,2.0,1.0,Buen estado,2009-01-01,7,False,True,False,False,False,3.46,2024-12-25,40-80,3785.49
4192,Sevilla,Macarena,Alquiler,Piso,207013.0,54.0,2.0,1.0,Buen estado,2000-01-01,6,True,False,False,False,False,3.67,2024-10-22,40-80,3833.57
4193,Sevilla,Triana,Venta,Piso,353293.0,89.9,3.0,2.0,Obra nueva,2021-01-01,3,True,True,False,True,True,4.29,2024-10-26,80-120,3929.84
4194,Sevilla,Santa Cruz,Venta,Piso,257602.0,82.2,3.0,2.0,Obra nueva,2023-01-01,6,True,True,False,True,True,5.22,2025-03-14,80-120,3133.84
4195,Sevilla,Los Remedios,Venta,Piso,180445.0,65.4,2.0,1.0,Buen estado,1963-01-01,7,False,True,False,False,False,4.28,2025-04-02,40-80,2759.1
4196,Sevilla,Macarena,Venta,Piso,295157.0,112.8,3.0,2.0,Obra nueva,2020-01-01,9,True,True,False,True,False,5.78,2024-10-20,80-120,2616.64
4197,Sevilla,Triana,Venta,Piso,166389.0,50.1,2.0,1.0,Obra nueva,2022-01-01,5,True,True,True,False,False,4.01,2024-10-09,40-80,3321.14
4198,Sevilla,Nervión,Alquiler,Sin_clasificar,,,4.0,,Buen estado,1978-01-01,3,True,False,False,True,False,2.78,2024-12-17,,
4199,Sevilla,Los Remedios,Alquiler,Piso,281426.0,84.8,3.0,2.0,Buen estado,1967-01-01,7,True,False,False,False,False,,2024-11-14,80-120,3318.7
4200,Sevilla,Nervión,Venta,Piso,354797.0,95.8,3.0,2.0,Buen estado,1999-01-01,4,True,True,False,False,False,5.32,2025-02-06,80-120,3703.52
4201,Sevilla,Nervión,Alquiler,Piso,314521.0,95.2,3.0,2.0,Reformado,2000-01-01,4,True,True,True,True,False,5.2,2025-01-13,80-120,3303.79
4202,Sevilla,Triana,Venta,Piso,212593.0,69.1,2.0,1.0,Buen estado,1980-01-01,3,True,False,False,True,True,6.09,2024-11-16,40-80,3076.6
4203,Sevilla,Los Remedios,Venta,Piso,306638.0,94.9,3.0,2.0,Obra nueva,2021-01-01,8,True,True,True,True,False,4.64,2025-02-18,80-120,3231.17
4204,Sevilla,Macarena,Venta,Piso,275675.0,102.8,3.0,2.0,Buen estado,1972-01-01,Bajo,False,True,False,True,True,3.26,2024-12-22,80-120,2681.66
4205,Sevilla,Triana,Venta,Ático,195960.0,49.7,2.0,1.0,Buen estado,1997-01-01,Ático,True,True,True,False,False,5.42,2025-01-28,40-80,3942.86
4206,Sevilla,Macarena,Venta,Sin_clasificar,,,3.0,1.0,Buen estado,1996-01-01,5,True,False,False,True,False,6.31,2025-02-14,,
4207,Sevilla,Triana,Venta,Piso,178821.0,61.3,2.0,1.0,Buen estado,1994-01-01,3,True,True,False,False,False,6.58,2024-10-30,40-80,2917.15
4208,Sevilla,Los Remedios,Venta,Piso,234709.0,67.8,2.0,1.0,Buen estado,2004-01-01,1,True,False,False,False,False,1.76,2024-12-12,40-80,3461.78
4209,Sevilla,Nervión,Venta,Piso,473168.0,113.9,3.0,2.0,Buen estado,1981-01-01,1,False,False,False,False,False,5.82,2024-10-12,80-120,4154.24
4210,Sevilla,Macarena,Alquiler,Piso,179953.0,58.1,2.0,1.0,Buen estado,1997-01-01,Bajo,True,True,False,False,False,,2025-03-15,40-80,3097.3
4211,Sevilla,Macarena,Venta,Piso,194049.0,62.2,2.0,1.0,Buen estado,1969-01-01,5,True,False,False,True,False,6.54,2025-02-02,40-80,3119.76
4212,Sevilla,Triana,Venta,Piso,276700.0,78.6,2.0,1.0,Obra nueva,2019-01-01,6,True,True,True,True,True,5.13,2025-03-06,40-80,3520.36
4213,Sevilla,Nervión,Venta,Piso,182592.0,62.3,2.0,1.0,Buen estado,1970-01-01,4,True,False,False,True,False,3.12,2024-11-23,40-80,2930.85
4214,Sevilla,Nervión,Venta,Piso,241663.0,79.9,2.0,1.0,Buen estado,1968-01-01,Bajo,True,False,False,False,False,2.69,2024-11-25,40-80,3024.57
4215,Sevilla,Santa Cruz,Venta,Piso,256707.0,100.1,3.0,2.0,Buen estado,1974-01-01,5,False,True,False,False,False,,2025-04-05,80-120,2564.51
4216,Sevilla,Triana,Venta,Piso,269931.0,88.0,3.0,2.0,Buen estado,2004-01-01,4,True,False,False,True,False,4.72,2024-11-02,80-120,3067.4
4217,Sevilla,Triana,Venta,Piso,349042.0,94.9,3.0,2.0,Buen estado,1999-01-01,7,True,True,False,False,False,9.36,2024-10-18,80-120,3678.0
4218,Sevilla,Triana,Venta,Piso,272280.0,78.0,2.0,1.0,Obra nueva,2022-01-01,2,True,True,False,False,False,6.15,2024-10-13,40-80,3490.77
4219,Sevilla,Triana,Alquiler,Piso,332059.0,95.0,3.0,2.0,Reformado,1977-01-01,3,False,True,False,True,True,4.06,2025-02-18,80-120,3495.36
4220,Sevilla,Nervión,Venta,Piso,366461.0,116.9,3.0,2.0,Buen estado,2000-01-01,Bajo,False,True,True,False,False,4.94,2024-12-29,80-120,3134.82
4221,Sevilla,Nervión,Alquiler,Piso,552275.0,149.9,4.0,2.0,Buen estado,1978-01-01,2,False,True,True,True,False,5.1,2024-10-21,120-160,3684.29
4222,Sevilla,Los Remedios,Venta,Ático,277034.0,101.9,3.0,2.0,Buen estado,2001-01-01,Ático,True,False,False,True,True,2.09,2025-03-15,80-120,2718.68
4223,Sevilla,Triana,Alquiler,Piso,,82.0,3.0,2.0,Buen estado,1990-01-01,8,True,False,False,False,False,3.26,2024-12-26,80-120,
4224,Sevilla,Nervión,Venta,Piso,170770.0,49.8,2.0,1.0,Buen estado,1968-01-01,2,True,False,True,False,False,6.19,2025-01-10,40-80,3429.12
4225,Sevilla,Nervión,Venta,Piso,313771.0,88.0,3.0,2.0,Buen estado,1993-01-01,3,True,True,False,False,False,3.32,2024-11-18,80-120,3565.58
4226,Sevilla,Nervión,Alquiler,Ático,259579.0,89.2,3.0,2.0,Obra nueva,2021-01-01,Ático,False,True,False,True,False,3.7,2024-12-20,80-120,2910.08
4227,Sevilla,Los Remedios,Venta,Piso,334588.0,91.3,3.0,2.0,Buen estado,1985-01-01,4,False,False,False,True,True,2.57,2024-12-24,80-120,3664.71
4228,Sevilla,Santa Cruz,Venta,Piso,113526.0,41.6,2.0,1.0,Buen estado,1977-01-01,9,False,False,False,False,False,5.21,2025-02-17,40-80,2728.99
4229,Sevilla,Macarena,Venta,Piso,142575.0,57.4,2.0,1.0,Obra nueva,2023-01-01,9,False,True,False,True,True,4.16,2025-01-08,40-80,2483.89
4230,Sevilla,Nervión,Venta,Ático,269934.0,85.5,3.0,2.0,Buen estado,2004-01-01,Ático,False,True,False,True,False,7.1,2024-12-10,80-120,3157.12
4231,Sevilla,Los Remedios,Venta,Piso,265510.0,95.2,3.0,2.0,Buen estado,1987-01-01,2,False,True,False,False,False,4.93,2025-03-17,80-120,2788.97
4232,Sevilla,Macarena,Alquiler,Piso,269969.0,78.4,2.0,1.0,Obra nueva,2018-01-01,5,True,True,False,False,False,6.04,,40-80,3443.48
4233,Sevilla,Nervión,Alquiler,Piso,192990.0,82.3,3.0,2.0,Buen estado,1993-01-01,5,False,False,False,False,False,3.73,2025-03-02,80-120,2344.96
4234,Sevilla,Triana,Venta,Piso,133791.0,57.5,2.0,1.0,Buen estado,1982-01-01,2,False,True,False,False,True,4.97,2025-01-11,40-80,2326.8
4235,Sevilla,Nervión,Alquiler,Piso,211195.0,82.2,3.0,2.0,Buen estado,1976-01-01,6,True,False,False,False,False,4.13,2025-01-23,80-120,2569.28
4236,Sevilla,Los Remedios,Venta,Piso,318234.0,116.3,3.0,2.0,A reformar,2007-01-01,3,True,True,True,True,False,5.55,2024-12-11,80-120,2736.32
4237,Sevilla,Macarena,Alquiler,Estudio,102491.0,35.2,0.0,1.0,Buen estado,1986-01-01,7,True,True,False,True,False,4.28,,0-40,2911.68
4238,Sevilla,Macarena,Venta,Piso,169029.0,62.1,2.0,1.0,Buen estado,1958-01-01,3,True,True,False,True,True,2.65,2025-03-01,40-80,2721.88
4239,Sevilla,Santa Cruz,Venta,Ático,336251.0,91.1,3.0,2.0,Buen estado,2010-01-01,Ático,True,True,False,False,True,4.94,2025-03-05,80-120,3691.01
4240,Sevilla,Santa Cruz,Alquiler,Piso,296351.0,83.6,3.0,2.0,Buen estado,1978-01-01,3,True,False,False,False,False,4.82,,80-120,3544.87
4241,Sevilla,Macarena,Alquiler,Piso,,102.4,3.0,2.0,Buen estado,1972-01-01,7,False,False,False,True,True,5.31,2024-10-29,80-120,
4242,Sevilla,Nervión,Venta,Piso,330341.0,91.7,3.0,2.0,Buen estado,1984-01-01,6,True,False,False,True,True,6.13,2024-11-28,80-120,3602.41
4243,Sevilla,Santa Cruz,Alquiler,Ático,327631.0,110.6,3.0,2.0,Buen estado,1991-01-01,Ático,False,False,False,False,False,4.11,2024-12-21,80-120,2962.31
4244,Sevilla,Macarena,Venta,Ático,266336.0,77.5,2.0,1.0,Buen estado,1977-01-01,Ático,False,True,True,False,False,3.8,2025-03-05,40-80,3436.59
4245,Sevilla,Triana,Venta,Piso,263312.0,75.3,2.0,1.0,Obra nueva,2019-01-01,4,True,True,True,False,True,3.37,2025-03-02,40-80,3496.84
4246,Sevilla,Macarena,Venta,Piso,222575.0,70.5,2.0,1.0,Buen estado,2001-01-01,8,True,True,True,False,False,4.91,2025-03-26,40-80,3157.09
4247,Sevilla,Triana,Venta,Piso,159196.0,53.4,2.0,1.0,Buen estado,1988-01-01,8,True,False,False,True,False,3.32,,40-80,2981.2
4248,Sevilla,Triana,Venta,Piso,334049.0,115.52,3.0,2.0,Buen estado,1983-01-01,7,True,False,False,False,False,5.02,2024-10-31,80-120,2891.7
4249,Sevilla,Triana,Venta,Piso,321097.0,84.8,3.0,2.0,Buen estado,1992-01-01,2,True,False,True,True,False,5.75,2025-01-14,80-120,3786.52
4250,Sevilla,Triana,Venta,Piso,375442.0,100.9,3.0,2.0,Obra nueva,2018-01-01,1,True,True,True,True,True,6.57,,80-120,3720.93
4251,Sevilla,Santa Cruz,Venta,Piso,244135.0,69.4,2.0,1.0,A reformar,1993-01-01,Bajo,False,True,True,False,False,7.16,2025-02-28,40-80,3517.8
4252,Sevilla,Nervión,Venta,Piso,293571.0,81.2,3.0,2.0,Buen estado,1989-01-01,2,True,True,False,False,False,4.01,2024-11-09,80-120,3615.41
4253,Sevilla,Los Remedios,Venta,Piso,213075.0,82.0,3.0,2.0,Obra nueva,2021-01-01,6,True,False,False,False,True,4.51,2024-11-25,80-120,2598.48
4254,Sevilla,Los Remedios,Venta,Piso,240743.0,74.2,2.0,1.0,Obra nueva,2023-01-01,2,False,False,True,True,True,5.19,2025-01-16,40-80,3244.51
4255,Sevilla,Los Remedios,Venta,Piso,310836.0,114.4,3.0,2.0,Reformado,2003-01-01,3,True,False,True,True,False,5.28,2025-03-11,80-120,2717.1
4256,Sevilla,Triana,Venta,Piso,242207.0,69.7,2.0,1.0,Buen estado,1981-01-01,9,True,False,False,False,False,4.76,2025-03-19,40-80,3474.99
4257,Sevilla,Los Remedios,Venta,Sin_clasificar,,,6.0,1.0,Buen estado,1992-01-01,8,True,False,False,False,False,6.39,2025-03-28,,
4258,Sevilla,Triana,Alquiler,Piso,150568.0,64.0,2.0,1.0,Buen estado,1980-01-01,6,True,True,True,False,False,4.09,2024-12-22,40-80,2352.62
4259,Sevilla,Santa Cruz,Venta,Ático,210642.0,63.3,2.0,1.0,Buen estado,1975-01-01,Ático,True,True,True,False,True,5.66,2024-10-15,40-80,3327.68
4260,Sevilla,Macarena,Venta,Piso,358857.0,92.6,3.0,2.0,Buen estado,2005-01-01,3,False,False,False,True,True,4.03,2025-03-11,80-120,3875.35
4261,Sevilla,Triana,Venta,Piso,167886.0,71.5,2.0,1.0,Buen estado,1984-01-01,5,True,True,False,False,True,4.7,2025-03-04,40-80,2348.06
4262,Sevilla,Triana,Venta,Piso,349859.0,104.7,3.0,2.0,Buen estado,1988-01-01,9,False,False,False,True,True,3.5,2024-12-17,80-120,3341.54
4263,Sevilla,Santa Cruz,Venta,Piso,370364.0,102.6,3.0,2.0,Buen estado,1977-01-01,3,False,False,True,True,False,7.28,2024-12-17,80-120,3609.79
4264,Sevilla,Los Remedios,Venta,Piso,187056.0,72.7,2.0,1.0,Buen estado,1971-01-01,7,True,True,False,True,False,5.26,2025-03-26,40-80,2572.98
4265,Sevilla,Nervión,Alquiler,Piso,232244.0,75.1,2.0,1.0,Obra nueva,2020-01-01,Bajo,True,False,False,False,True,7.57,2025-03-02,40-80,3092.46
4266,Sevilla,Santa Cruz,Alquiler,Piso,193857.0,68.7,2.0,1.0,Obra nueva,2018-01-01,6,True,False,False,False,True,4.47,2025-02-12,40-80,2821.79
4267,Sevilla,Santa Cruz,Venta,Piso,237198.0,64.1,2.0,1.0,Buen estado,1980-01-01,8,True,False,False,True,False,3.33,2024-11-01,40-80,3700.44
4268,Sevilla,Triana,Venta,Piso,202528.0,60.6,2.0,1.0,Buen estado,1976-01-01,9,True,False,False,False,True,2.38,2025-03-27,40-80,3342.05
4269,Sevilla,Triana,Alquiler,Piso,163647.0,62.2,2.0,1.0,Buen estado,1982-01-01,2,False,True,False,True,True,3.68,2024-10-18,40-80,2630.98
4270,Sevilla,Nervión,Venta,Piso,303862.0,87.3,3.0,2.0,Buen estado,2006-01-01,6,True,False,False,False,False,4.18,2024-11-08,80-120,3480.66
4271,Sevilla,Macarena,Alquiler,Sin_clasificar,,,1.0,1.0,Obra nueva,2018-01-01,9,False,True,True,True,True,5.32,2025-03-12,,
4272,Sevilla,Triana,Venta,Piso,297748.0,77.5,2.0,1.0,A reformar,1994-01-01,3,False,True,False,False,True,3.64,2024-12-14,40-80,3841.91
4273,Sevilla,Santa Cruz,Alquiler,Piso,183818.0,59.2,2.0,1.0,Buen estado,1995-01-01,4,True,True,False,False,False,,2024-11-17,40-80,3105.03
4274,Sevilla,Triana,Venta,Piso,231476.0,87.4,3.0,2.0,Buen estado,1990-01-01,7,False,True,False,False,False,2.35,2025-03-02,80-120,2648.47
4275,Sevilla,Triana,Venta,Piso,,76.1,2.0,1.0,Buen estado,1995-01-01,3,False,True,True,False,True,5.91,2025-02-25,40-80,
4276,Sevilla,Macarena,Venta,Piso,,105.5,3.0,2.0,Buen estado,1972-01-01,1,True,False,False,True,False,5.45,2025-02-12,80-120,
4277,Sevilla,Triana,Venta,Ático,241123.0,76.1,2.0,1.0,Obra nueva,2022-01-01,Ático,True,False,True,True,False,2.92,2024-12-27,40-80,3168.5
4278,Sevilla,Triana,Alquiler,Piso,178223.0,58.5,2.0,1.0,Buen estado,2017-01-01,Bajo,True,True,True,True,True,6.27,2024-11-19,40-80,3046.55
4279,Sevilla,Santa Cruz,Venta,Piso,222187.0,80.5,3.0,2.0,Buen estado,1977-01-01,1,True,True,False,True,False,6.16,2024-11-11,80-120,2760.09
4280,Sevilla,Santa Cruz,Venta,Piso,342663.0,84.6,3.0,2.0,Buen estado,1988-01-01,7,True,False,True,False,False,4.77,2025-04-05,80-120,4050.39
4281,Sevilla,Triana,Alquiler,Piso,306406.0,121.9,4.0,2.0,A reformar,1949-01-01,7,True,True,True,False,False,7.69,2025-02-16,120-160,2513.58
4282,Sevilla,Los Remedios,Venta,Piso,253728.0,76.6,2.0,1.0,Buen estado,1961-01-01,9,False,False,True,False,False,3.99,2024-10-27,40-80,3312.38
4283,Sevilla,Nervión,Venta,Ático,,80.2,3.0,2.0,Buen estado,2005-01-01,Ático,True,False,True,True,True,,2025-02-13,80-120,
4284,Sevilla,Los Remedios,Venta,Piso,,89.4,3.0,2.0,A reformar,1988-01-01,1,False,False,False,False,False,4.26,2025-03-05,80-120,
4285,Sevilla,Los Remedios,Venta,Piso,508754.0,152.93,4.0,2.0,Buen estado,1992-01-01,4,True,False,True,False,False,4.93,2024-10-21,120-160,3326.71
4286,Sevilla,Triana,Alquiler,Piso,152976.0,47.9,2.0,1.0,Buen estado,1967-01-01,5,True,True,False,False,True,8.45,2024-10-22,40-80,3193.65
4287,Sevilla,Macarena,Venta,Piso,175994.0,87.4,3.0,2.0,Buen estado,1964-01-01,6,True,False,False,False,False,3.15,2024-10-26,80-120,2013.66
4288,Sevilla,Macarena,Venta,Piso,266647.0,80.1,3.0,2.0,Buen estado,1980-01-01,5,True,False,False,True,False,5.97,2024-11-22,80-120,3328.93
4289,Sevilla,Macarena,Alquiler,Ático,192097.0,65.1,2.0,1.0,Buen estado,1978-01-01,Ático,True,False,False,True,False,4.6,2025-01-10,40-80,2950.8
4290,Sevilla,Los Remedios,Venta,Piso,179986.0,59.0,2.0,1.0,Reformado,1975-01-01,7,False,False,False,True,True,2.83,2025-03-07,40-80,3050.61
4291,Sevilla,Santa Cruz,Venta,Piso,334536.0,93.5,3.0,2.0,Buen estado,2010-01-01,5,False,False,True,False,False,4.45,2025-01-26,80-120,3577.93
4292,Sevilla,Macarena,Venta,Piso,210338.0,62.9,2.0,1.0,A reformar,1993-01-01,9,True,True,True,False,True,5.66,2024-12-04,40-80,3344.01
4293,Sevilla,Triana,Venta,Sin_clasificar,,,1.0,3.0,A reformar,1977-01-01,5,False,False,True,True,False,6.6,2025-01-27,,
4294,Sevilla,Macarena,Venta,Piso,284567.0,105.3,3.0,2.0,Buen estado,1958-01-01,5,True,True,False,True,False,7.03,2025-01-10,80-120,2702.44
4295,Sevilla,Santa Cruz,Venta,Piso,121202.0,48.1,2.0,1.0,A reformar,1962-01-01,7,True,True,False,False,True,4.71,2025-03-21,40-80,2519.79
4296,Sevilla,Triana,Venta,Ático,251326.0,84.8,3.0,2.0,Buen estado,1965-01-01,Ático,False,True,False,True,False,4.67,2025-01-09,80-120,2963.75
4297,Sevilla,Macarena,Venta,Piso,282344.0,117.2,3.0,2.0,Reformado,1974-01-01,7,True,False,False,True,True,4.0,2024-10-14,80-120,2409.08
4298,Sevilla,Triana,Venta,Piso,206178.0,77.0,2.0,1.0,Buen estado,1978-01-01,4,False,True,False,False,False,3.8,2024-11-06,40-80,2677.64
4299,Sevilla,Nervión,Venta,Piso,344233.0,81.0,3.0,2.0,Buen estado,1991-01-01,6,True,False,False,True,True,,2024-11-24,80-120,4249.79
4300,Sevilla,Los Remedios,Venta,Piso,,87.6,3.0,2.0,Buen estado,1972-01-01,1,False,False,False,False,False,,2024-10-10,80-120,
4301,Sevilla,Triana,Alquiler,Piso,261520.0,75.0,2.0,1.0,Buen estado,1999-01-01,8,True,True,False,True,True,,2025-03-11,40-80,3486.93
4302,Sevilla,Triana,Venta,Piso,262560.0,71.3,2.0,1.0,Obra nueva,2018-01-01,7,True,True,False,False,False,8.92,2024-11-12,40-80,3682.47
4303,Sevilla,Santa Cruz,Venta,Piso,267980.0,86.9,3.0,2.0,Buen estado,1988-01-01,8,True,False,False,True,False,6.44,2024-11-06,80-120,3083.77
4304,Sevilla,Triana,Venta,Piso,301569.0,79.9,2.0,1.0,Buen estado,1981-01-01,3,True,True,False,False,False,5.63,2024-11-14,40-80,3774.33
4305,Sevilla,Santa Cruz,Venta,Piso,174682.0,49.2,2.0,1.0,Buen estado,1994-01-01,Bajo,True,False,False,True,False,3.97,2025-02-23,40-80,3550.45
4306,Sevilla,Los Remedios,Venta,Piso,307272.0,82.1,3.0,2.0,Buen estado,1971-01-01,5,True,True,True,True,False,4.81,2025-03-13,80-120,3742.66
4307,Sevilla,Santa Cruz,Venta,Piso,233371.0,62.3,2.0,1.0,Buen estado,1997-01-01,Bajo,True,False,False,False,False,2.71,2025-02-27,40-80,3745.92
4308,Sevilla,Los Remedios,Venta,Piso,426891.0,103.6,3.0,2.0,Buen estado,2017-01-01,1,False,True,True,True,True,6.53,2025-04-07,80-120,4120.57
4309,Sevilla,Triana,Alquiler,Piso,169362.0,74.2,2.0,1.0,Buen estado,1988-01-01,5,True,False,False,False,False,2.38,2024-11-27,40-80,2282.51
4310,Sevilla,Los Remedios,Alquiler,Estudio,161300.0,38.7,0.0,1.0,Reformado,1984-01-01,2,False,False,False,False,True,,2025-03-22,0-40,4167.96
4311,Sevilla,Santa Cruz,Venta,Piso,268771.0,102.5,3.0,2.0,Buen estado,1975-01-01,6,False,True,False,False,True,5.11,2024-12-22,80-120,2622.16
4312,Sevilla,Triana,Venta,Piso,301361.0,83.9,3.0,2.0,Buen estado,1984-01-01,7,True,False,False,True,True,7.18,2025-02-28,80-120,3591.91
4313,Sevilla,Triana,Venta,Piso,316104.0,90.5,3.0,2.0,Buen estado,2007-01-01,2,False,True,False,True,True,3.03,2025-02-24,80-120,3492.86
4314,Sevilla,Triana,Alquiler,Piso,215907.0,75.6,2.0,1.0,Buen estado,2014-01-01,9,False,False,True,False,False,5.3,2024-12-21,40-80,2855.91
4315,Sevilla,Los Remedios,Venta,Piso,206199.0,58.8,2.0,1.0,Buen estado,1980-01-01,2,False,False,False,True,False,8.37,2025-02-16,40-80,3506.79
4316,Sevilla,Triana,Alquiler,Piso,198925.0,55.7,2.0,1.0,Buen estado,1987-01-01,6,True,False,False,False,False,4.06,2025-02-02,40-80,3571.36
4317,Sevilla,Los Remedios,Alquiler,Piso,231568.0,66.1,2.0,1.0,Buen estado,1984-01-01,2,False,False,False,False,False,7.21,2024-10-30,40-80,3503.3
4318,Sevilla,Santa Cruz,Venta,Piso,336222.0,98.2,3.0,2.0,Buen estado,1989-01-01,6,False,True,False,False,True,2.37,2024-12-04,80-120,3423.85
4319,Sevilla,Los Remedios,Venta,Piso,286093.0,96.3,3.0,2.0,Buen estado,1989-01-01,Bajo,True,True,False,True,False,4.83,2025-03-30,80-120,2970.85
4320,Sevilla,Nervión,Venta,Piso,158410.0,70.6,2.0,1.0,Buen estado,1979-01-01,2,True,True,True,False,False,5.36,2024-11-02,40-80,2243.77
4321,Sevilla,Nervión,Alquiler,Piso,332364.0,89.9,3.0,2.0,Reformado,1987-01-01,7,False,False,False,True,True,5.18,2024-12-12,80-120,3697.04
4322,Sevilla,Nervión,Alquiler,Piso,250489.0,79.2,2.0,1.0,Buen estado,1984-01-01,5,False,True,False,False,True,5.27,2025-01-01,40-80,3162.74
4323,Sevilla,Santa Cruz,Venta,Piso,266036.0,88.4,3.0,2.0,Buen estado,1980-01-01,5,False,False,True,False,False,3.18,2025-03-09,80-120,3009.46
4324,Sevilla,Santa Cruz,Venta,Piso,149271.0,58.9,2.0,1.0,Buen estado,1978-01-01,4,True,True,False,True,False,5.12,2024-11-25,40-80,2534.31
4325,Sevilla,Santa Cruz,Alquiler,Piso,277891.0,77.5,2.0,1.0,Buen estado,1976-01-01,6,False,True,False,False,True,5.58,2025-03-03,40-80,3585.69
4326,Sevilla,Triana,Venta,Estudio,88439.0,30.3,0.0,1.0,Buen estado,1980-01-01,9,True,False,False,True,False,4.36,2025-02-25,0-40,2918.78
4327,Sevilla,Macarena,Venta,Piso,267785.0,108.5,3.0,2.0,Buen estado,1958-01-01,5,True,False,False,True,True,2.31,2025-01-24,80-120,2468.06
4328,Sevilla,Macarena,Venta,Piso,331850.0,108.3,3.0,2.0,Buen estado,1994-01-01,7,False,False,False,True,False,3.28,2024-10-20,80-120,3064.17
4329,Sevilla,Triana,Venta,Piso,320370.0,99.7,3.0,2.0,Buen estado,1987-01-01,3,True,False,True,False,True,7.39,2025-01-24,80-120,3213.34
4330,Sevilla,Santa Cruz,Venta,Piso,328073.0,88.2,3.0,2.0,Buen estado,1992-01-01,2,True,False,False,False,True,6.69,2025-01-08,80-120,3719.65
4331,Sevilla,Nervión,Venta,Piso,133810.0,47.5,2.0,1.0,Buen estado,1973-01-01,6,True,False,False,False,False,4.62,2025-03-15,40-80,2817.05
4332,Sevilla,Santa Cruz,Venta,Sin_clasificar,,,3.0,3.0,Buen estado,2008-01-01,4,True,False,True,False,True,6.66,2024-12-25,,
4333,Sevilla,Macarena,Alquiler,Piso,300066.0,78.0,2.0,1.0,Reformado,1981-01-01,5,False,True,False,False,False,1.64,2024-10-11,40-80,3847.0
4334,Sevilla,Santa Cruz,Venta,Piso,312332.0,94.5,3.0,2.0,Obra nueva,2020-01-01,2,True,True,False,True,True,3.78,2024-12-02,80-120,3305.1
4335,Sevilla,Los Remedios,Venta,Piso,306166.0,87.8,3.0,2.0,Buen estado,1988-01-01,7,True,True,False,False,False,,2024-11-10,80-120,3487.08
4336,Sevilla,Los Remedios,Venta,Piso,219460.0,87.9,3.0,2.0,Buen estado,1996-01-01,6,True,True,False,False,False,3.96,2025-03-11,80-120,2496.7
4337,Sevilla,Triana,Venta,Piso,357871.0,91.2,3.0,2.0,Buen estado,1980-01-01,9,True,True,False,False,False,,2024-10-16,80-120,3924.02
4338,Sevilla,Macarena,Venta,Piso,339369.0,94.3,3.0,2.0,Obra nueva,2018-01-01,2,True,True,False,True,False,5.54,2024-12-19,80-120,3598.82
4339,Sevilla,Nervión,Venta,Piso,359369.0,95.4,3.0,2.0,A reformar,1988-01-01,3,False,False,False,False,False,3.46,2024-12-04,80-120,3766.97
4340,Sevilla,Nervión,Venta,Piso,237750.0,101.1,3.0,2.0,Buen estado,2006-01-01,5,True,False,False,False,False,5.1,2024-11-24,80-120,2351.63
4341,Sevilla,Nervión,Alquiler,Piso,341402.0,100.4,3.0,2.0,Buen estado,1983-01-01,2,True,False,True,False,False,2.69,2025-02-20,80-120,3400.42
4342,Sevilla,Macarena,Venta,Piso,360395.0,100.3,3.0,2.0,Reformado,1976-01-01,2,False,True,False,True,False,,2025-03-12,80-120,3593.17
4343,Sevilla,Macarena,Venta,Piso,272755.0,88.7,3.0,2.0,Buen estado,1991-01-01,9,False,False,True,False,False,4.81,2024-11-01,80-120,3075.03
4344,Sevilla,Macarena,Venta,Piso,437931.0,101.0,3.0,2.0,A reformar,2009-01-01,9,False,False,True,False,False,4.17,2024-11-13,80-120,4335.95
4345,Sevilla,Nervión,Venta,Piso,210992.0,68.1,2.0,1.0,Buen estado,1989-01-01,2,False,True,False,False,False,3.18,2024-11-08,40-80,3098.27
4346,Sevilla,Los Remedios,Venta,Sin_clasificar,,,3.0,1.0,Reformado,1991-01-01,6,True,False,False,False,True,5.25,2025-03-12,,
4347,Sevilla,Nervión,Venta,Piso,270666.0,89.7,3.0,2.0,Buen estado,2016-01-01,3,True,False,False,False,False,7.08,2024-11-10,80-120,3017.46
4348,Sevilla,Los Remedios,Alquiler,Piso,238427.0,90.1,3.0,2.0,Buen estado,2007-01-01,3,False,False,False,True,False,2.85,,80-120,2646.25
4349,Sevilla,Nervión,Venta,Piso,,63.3,2.0,1.0,Obra nueva,2020-01-01,Bajo,True,True,True,True,True,4.92,2024-11-25,40-80,
4350,Sevilla,Nervión,Venta,Piso,267302.0,70.8,2.0,1.0,Buen estado,1979-01-01,1,True,False,False,False,False,3.82,2025-03-05,40-80,3775.45
4351,Sevilla,Nervión,Venta,Piso,175651.0,68.1,2.0,1.0,Buen estado,1995-01-01,7,False,True,False,False,True,5.51,2025-03-12,40-80,2579.31
4352,Sevilla,Macarena,Venta,Piso,273094.0,90.5,3.0,2.0,Buen estado,1968-01-01,Bajo,True,True,False,True,True,5.63,2024-11-25,80-120,3017.61
4353,Sevilla,Santa Cruz,Venta,Piso,,82.9,3.0,2.0,Buen estado,1990-01-01,2,True,False,False,True,False,,2025-01-04,80-120,
4354,Sevilla,Macarena,Alquiler,Piso,288279.0,90.4,3.0,2.0,Obra nueva,2018-01-01,8,True,True,False,True,True,6.35,2025-01-11,80-120,3188.93
4355,Sevilla,Los Remedios,Alquiler,Piso,873513.0,197.61,5.0,3.0,Obra nueva,2022-01-01,9,True,True,False,False,True,6.87,2024-11-14,160-200,4420.39
4356,Sevilla,Nervión,Venta,Piso,252294.0,61.9,2.0,1.0,Buen estado,1960-01-01,3,True,True,False,True,False,5.23,2024-11-12,40-80,4075.83
4357,Sevilla,Nervión,Venta,Piso,338190.0,100.7,3.0,2.0,Buen estado,1973-01-01,7,True,False,False,False,True,5.21,2025-02-22,80-120,3358.39
4358,Sevilla,Triana,Venta,Piso,135573.0,42.1,2.0,1.0,Buen estado,1980-01-01,4,True,False,False,True,True,4.16,2024-12-10,40-80,3220.26
4359,Sevilla,Macarena,Venta,Piso,148295.0,48.8,2.0,1.0,Buen estado,1978-01-01,5,False,True,False,True,True,5.4,2024-11-28,40-80,3038.83
4360,Sevilla,Santa Cruz,Venta,Piso,220683.0,73.2,2.0,1.0,Buen estado,1996-01-01,7,True,False,False,True,True,3.77,2025-02-13,40-80,3014.8
4361,Sevilla,Macarena,Alquiler,Piso,314176.0,105.7,3.0,2.0,Buen estado,2001-01-01,5,True,True,False,True,False,3.69,2024-11-23,80-120,2972.34
4362,Sevilla,Macarena,Venta,Piso,352634.0,91.4,3.0,2.0,Buen estado,1991-01-01,Bajo,True,False,True,False,True,6.76,2025-03-05,80-120,3858.14
4363,Sevilla,Nervión,Venta,Piso,301697.0,96.3,3.0,2.0,Buen estado,1967-01-01,7,True,False,False,False,True,4.15,2025-02-26,80-120,3132.89
4364,Sevilla,Triana,Venta,Piso,228459.0,81.0,3.0,2.0,Obra nueva,2018-01-01,2,True,True,True,False,False,5.7,2024-11-11,80-120,2820.48
4365,Sevilla,Nervión,Venta,Piso,222970.0,71.6,2.0,1.0,Buen estado,1988-01-01,8,True,False,True,False,True,3.73,,40-80,3114.11
4366,Sevilla,Macarena,Venta,Piso,203407.0,83.6,3.0,2.0,Buen estado,1987-01-01,6,True,True,False,True,False,5.47,2024-11-30,80-120,2433.1
4367,Sevilla,Los Remedios,Venta,Estudio,105947.0,32.1,0.0,1.0,Buen estado,1982-01-01,1,False,False,False,False,True,5.41,2025-02-24,0-40,3300.53
4368,Sevilla,Los Remedios,Venta,Ático,223396.0,79.9,2.0,1.0,Buen estado,1997-01-01,Ático,True,True,False,False,True,6.95,2025-02-18,40-80,2795.94
4369,Sevilla,Los Remedios,Venta,Piso,,106.4,3.0,2.0,Buen estado,1972-01-01,7,True,False,False,False,False,5.44,2024-10-30,80-120,
4370,Sevilla,Triana,Venta,Piso,160406.0,71.8,2.0,1.0,Buen estado,1981-01-01,Bajo,True,True,False,True,False,4.73,2024-10-19,40-80,2234.07
4371,Sevilla,Triana,Alquiler,Piso,211286.0,70.5,2.0,1.0,Obra nueva,2019-01-01,9,True,True,False,False,True,6.2,2025-02-23,40-80,2996.96
4372,Sevilla,Santa Cruz,Alquiler,Piso,182333.0,46.6,2.0,1.0,Buen estado,1974-01-01,1,False,True,False,False,False,3.23,2024-12-01,40-80,3912.73
4373,Sevilla,Nervión,Venta,Piso,164973.0,56.1,2.0,1.0,Buen estado,1993-01-01,8,True,False,False,True,True,5.54,2025-01-14,40-80,2940.7
4374,Sevilla,Macarena,Venta,Piso,242697.0,86.5,3.0,2.0,Buen estado,1964-01-01,8,False,False,False,False,True,4.33,2024-12-14,80-120,2805.75
4375,Sevilla,Triana,Venta,Piso,214526.0,62.1,2.0,1.0,Obra nueva,2021-01-01,6,True,True,False,False,True,7.95,2025-01-04,40-80,3454.52
4376,Sevilla,Santa Cruz,Venta,Piso,313946.0,88.0,3.0,2.0,Reformado,1967-01-01,8,True,True,True,False,False,6.13,2024-11-13,80-120,3567.57
4377,Sevilla,Triana,Venta,Piso,279351.0,90.6,3.0,2.0,Buen estado,1986-01-01,Bajo,False,True,True,True,True,5.39,2025-01-16,80-120,3083.34
4378,Sevilla,Los Remedios,Venta,Sin_clasificar,,,4.0,1.0,Buen estado,1976-01-01,6,True,False,False,False,False,5.47,2025-01-30,,
4379,Sevilla,Nervión,Alquiler,Piso,160374.0,57.8,2.0,1.0,Obra nueva,2021-01-01,2,True,False,False,False,False,5.15,2024-12-19,40-80,2774.64
4380,Sevilla,Los Remedios,Alquiler,Piso,277518.0,83.0,3.0,2.0,Obra nueva,2019-01-01,7,True,True,False,True,False,5.75,2025-01-10,80-120,3343.59
4381,Sevilla,Macarena,Venta,Piso,,64.3,2.0,1.0,Buen estado,1997-01-01,6,True,False,False,True,False,6.01,2024-12-14,40-80,
4382,Sevilla,Santa Cruz,Venta,Piso,,87.7,3.0,2.0,Buen estado,1978-01-01,2,True,True,True,True,False,7.47,2024-12-19,80-120,
4383,Sevilla,Santa Cruz,Venta,Piso,136552.0,67.4,2.0,1.0,Buen estado,1989-01-01,4,True,False,False,False,False,7.36,2025-01-21,40-80,2025.99
4384,Sevilla,Nervión,Venta,Piso,218934.0,76.5,2.0,1.0,Buen estado,2020-01-01,9,True,True,False,True,True,5.09,2025-01-24,40-80,2861.88
4385,Sevilla,Los Remedios,Venta,Piso,298913.0,90.0,3.0,2.0,Reformado,1982-01-01,2,True,True,True,True,False,4.29,2025-03-30,80-120,3321.26
4386,Sevilla,Triana,Alquiler,Piso,319953.0,90.1,3.0,2.0,Obra nueva,2021-01-01,7,False,False,False,False,True,4.75,2024-11-23,80-120,3551.09
4387,Sevilla,Santa Cruz,Alquiler,Estudio,107014.0,37.4,0.0,1.0,Obra nueva,2022-01-01,7,True,True,False,False,True,1.79,2025-03-07,0-40,2861.34
4388,Sevilla,Nervión,Venta,Piso,,87.5,3.0,2.0,Reformado,1975-01-01,1,True,True,False,False,False,2.1,2024-11-11,80-120,
4389,Sevilla,Santa Cruz,Venta,Piso,282060.0,91.7,3.0,2.0,Obra nueva,2020-01-01,Bajo,False,True,False,False,False,6.62,2024-11-25,80-120,3075.9
4390,Sevilla,Nervión,Alquiler,Piso,204392.0,65.6,2.0,1.0,Buen estado,1985-01-01,8,False,True,False,True,False,,2025-04-03,40-80,3115.73
4391,Sevilla,Triana,Venta,Estudio,130612.0,38.8,0.0,1.0,Buen estado,2020-01-01,9,False,True,False,True,False,3.45,2025-02-04,0-40,3366.29
4392,Sevilla,Nervión,Venta,Ático,225671.0,64.4,2.0,1.0,Buen estado,1972-01-01,Ático,True,True,False,False,True,5.87,2024-10-22,40-80,3504.21
4393,Sevilla,Macarena,Venta,Piso,141563.0,68.1,2.0,1.0,Buen estado,1955-01-01,2,True,False,False,False,False,5.9,2024-11-01,40-80,2078.75
4394,Sevilla,Los Remedios,Venta,Piso,284679.0,104.6,3.0,2.0,Reformado,1994-01-01,2,True,False,True,True,False,4.77,2024-12-10,80-120,2721.6
4395,Sevilla,Nervión,Venta,Piso,233600.0,66.3,2.0,1.0,Buen estado,1995-01-01,Bajo,False,True,False,False,True,4.58,2025-03-03,40-80,3523.38
4396,Sevilla,Los Remedios,Venta,Piso,236806.0,71.9,2.0,1.0,Buen estado,1981-01-01,6,False,True,False,False,True,3.54,2025-01-30,40-80,3293.55
4397,Sevilla,Triana,Venta,Piso,199406.0,82.7,3.0,2.0,Buen estado,1960-01-01,2,True,False,True,False,True,5.72,2025-02-19,80-120,2411.2
4398,Sevilla,Macarena,Venta,Piso,181600.0,57.2,2.0,1.0,A reformar,1986-01-01,2,True,False,False,False,False,4.28,2024-10-15,40-80,3174.83
4399,Sevilla,Triana,Alquiler,Piso,224617.0,70.7,2.0,1.0,Buen estado,1994-01-01,8,True,False,True,False,False,6.15,2024-12-16,40-80,3177.04
4400,Sevilla,Nervión,Venta,Piso,301520.0,95.2,3.0,2.0,A reformar,1997-01-01,8,True,False,False,True,True,3.73,2024-11-30,80-120,3167.23
4401,Sevilla,Nervión,Alquiler,Sin_clasificar,,,3.0,1.0,Obra nueva,2023-01-01,9,True,True,False,True,True,3.86,2025-01-14,,
4402,Sevilla,Triana,Alquiler,Piso,173157.0,81.7,3.0,2.0,Reformado,1999-01-01,8,True,False,False,True,False,4.4,2025-03-12,80-120,2119.42
4403,Sevilla,Macarena,Venta,Piso,,71.5,2.0,1.0,Buen estado,1993-01-01,3,True,True,False,False,False,0.55,2025-01-14,40-80,
4404,Sevilla,Triana,Alquiler,Piso,174580.0,67.4,2.0,1.0,Buen estado,1985-01-01,4,True,False,False,False,False,7.51,2025-01-28,40-80,2590.21
4405,Sevilla,Santa Cruz,Venta,Piso,359072.0,84.2,3.0,2.0,Buen estado,2008-01-01,6,True,False,False,True,False,5.77,2024-12-19,80-120,4264.51
4406,Sevilla,Santa Cruz,Alquiler,Piso,,85.9,3.0,2.0,Reformado,1964-01-01,2,False,True,False,True,False,6.96,2024-12-14,80-120,
4407,Sevilla,Santa Cruz,Venta,Piso,171045.0,63.0,2.0,1.0,Reformado,1994-01-01,3,True,False,False,False,True,5.54,2025-01-12,40-80,2715.0
4408,Sevilla,Triana,Alquiler,Piso,161502.0,70.8,2.0,1.0,Reformado,1985-01-01,1,True,True,False,True,False,6.3,2024-11-05,40-80,2281.1
4409,Sevilla,Los Remedios,Venta,Piso,321859.0,97.2,3.0,2.0,Buen estado,1976-01-01,8,True,False,False,False,True,5.03,2025-04-03,80-120,3311.31
4410,Sevilla,Triana,Venta,Piso,201379.0,64.6,2.0,1.0,A reformar,2000-01-01,8,True,True,False,False,True,3.89,2025-03-05,40-80,3117.32
4411,Sevilla,Triana,Venta,Piso,183065.0,50.4,2.0,1.0,Buen estado,1985-01-01,Bajo,False,True,False,True,True,4.59,2024-12-17,40-80,3632.24
4412,Sevilla,Nervión,Venta,Piso,197680.0,61.8,2.0,1.0,Reformado,2004-01-01,5,True,False,True,False,False,5.34,2024-10-28,40-80,3198.71
4413,Sevilla,Nervión,Alquiler,Piso,,77.5,2.0,1.0,Buen estado,1967-01-01,1,True,False,True,False,False,7.25,,40-80,
4414,Sevilla,Santa Cruz,Venta,Piso,,81.6,3.0,2.0,Buen estado,1986-01-01,5,False,True,False,False,True,5.86,2025-02-15,80-120,
4415,Sevilla,Triana,Venta,Piso,318401.0,81.9,3.0,2.0,Buen estado,2004-01-01,6,True,True,False,True,False,3.79,2025-02-18,80-120,3887.68
4416,Sevilla,Los Remedios,Venta,Piso,150025.0,48.8,2.0,1.0,Buen estado,1958-01-01,7,False,False,False,False,False,5.78,2025-02-26,40-80,3074.28
4417,Sevilla,Los Remedios,Venta,Piso,285832.0,96.1,3.0,2.0,Buen estado,1998-01-01,2,False,True,False,True,True,4.73,2025-02-04,80-120,2974.32
4418,Sevilla,Triana,Venta,Ático,339992.0,114.8,3.0,2.0,Buen estado,1994-01-01,Ático,True,False,False,True,False,7.37,2025-04-07,80-120,2961.6
4419,Sevilla,Nervión,Venta,Piso,335064.0,106.9,3.0,2.0,Buen estado,1984-01-01,5,False,True,True,False,False,2.95,,80-120,3134.37
4420,Sevilla,Macarena,Venta,Piso,305863.0,106.4,3.0,2.0,A reformar,1987-01-01,1,True,False,False,True,False,6.6,2024-10-30,80-120,2874.65
4421,Sevilla,Santa Cruz,Venta,Piso,240151.0,88.1,3.0,2.0,Buen estado,2002-01-01,5,True,False,False,False,False,5.31,2025-03-06,80-120,2725.89
4422,Sevilla,Santa Cruz,Venta,Piso,194636.0,61.3,2.0,1.0,Buen estado,1981-01-01,7,True,False,True,False,True,5.42,2024-10-19,40-80,3175.14
4423,Sevilla,Los Remedios,Alquiler,Sin_clasificar,,,3.0,3.0,A reformar,1967-01-01,3,True,False,False,False,False,3.58,2025-01-12,,
4424,Sevilla,Nervión,Venta,Piso,247461.0,72.3,2.0,1.0,Buen estado,1987-01-01,5,True,False,False,True,False,6.72,2025-01-25,40-80,3422.7
4425,Sevilla,Los Remedios,Venta,Piso,247115.0,70.9,2.0,1.0,Buen estado,1996-01-01,5,True,True,True,False,True,3.22,2024-12-09,40-80,3485.4
4426,Sevilla,Nervión,Venta,Piso,273704.0,91.2,3.0,2.0,Obra nueva,2019-01-01,4,True,True,False,True,False,7.89,2024-11-18,80-120,3001.14
4427,Sevilla,Macarena,Venta,Piso,,95.0,3.0,2.0,Buen estado,1998-01-01,7,False,False,False,False,True,5.16,2025-01-02,80-120,
4428,Sevilla,Santa Cruz,Venta,Piso,315835.0,93.5,3.0,2.0,Buen estado,1995-01-01,4,False,True,True,True,False,4.88,2025-01-25,80-120,3377.91
4429,Sevilla,Macarena,Venta,Piso,,46.5,2.0,1.0,Buen estado,1960-01-01,3,False,True,False,True,True,1.94,2024-10-10,40-80,
4430,Sevilla,Nervión,Alquiler,Piso,355800.0,115.8,3.0,2.0,Buen estado,1989-01-01,7,False,False,True,False,False,0.5,2024-11-23,80-120,3072.54
4431,Sevilla,Macarena,Alquiler,Ático,,,2.0,1.0,Buen estado,2006-01-01,Ático,False,False,False,False,False,6.78,2024-12-04,,
4432,Sevilla,Los Remedios,Venta,Piso,316541.0,96.5,3.0,2.0,Obra nueva,2023-01-01,Bajo,True,True,True,True,False,3.94,2024-11-20,80-120,3280.22
4433,Sevilla,Los Remedios,Venta,Piso,286102.0,86.7,3.0,2.0,Reformado,1980-01-01,6,True,False,True,True,False,6.84,2024-11-05,80-120,3299.91
4434,Sevilla,Nervión,Venta,Piso,198993.0,63.6,2.0,1.0,Obra nueva,2018-01-01,8,True,True,False,True,True,5.63,2025-03-02,40-80,3128.82
4435,Sevilla,Macarena,Venta,Piso,237453.0,73.5,2.0,1.0,Buen estado,1983-01-01,7,True,False,False,False,False,5.2,2024-12-05,40-80,3230.65
4436,Sevilla,Santa Cruz,Alquiler,Piso,362725.0,86.6,3.0,2.0,A reformar,1994-01-01,7,True,False,False,False,True,7.31,2025-02-06,80-120,4188.51
4437,Sevilla,Macarena,Alquiler,Piso,298426.0,91.7,3.0,2.0,Buen estado,2002-01-01,8,True,False,False,True,True,4.03,2024-12-22,80-120,3254.37
4438,Sevilla,Nervión,Venta,Piso,202040.0,77.1,2.0,1.0,Buen estado,2001-01-01,8,True,False,False,False,False,7.48,2025-01-16,40-80,2620.49
4439,Sevilla,Nervión,Venta,Piso,333710.0,102.7,3.0,2.0,Buen estado,1972-01-01,1,True,True,False,False,False,0.5,2024-11-15,80-120,3249.37
4440,Sevilla,Triana,Venta,Piso,384124.0,135.9,4.0,2.0,Reformado,1979-01-01,2,True,True,False,False,False,4.38,2024-11-27,120-160,2826.52
4441,Sevilla,Los Remedios,Venta,Piso,162620.0,48.9,2.0,1.0,Reformado,1963-01-01,Bajo,True,False,False,False,False,5.29,2025-01-06,40-80,3325.56
4442,Sevilla,Macarena,Alquiler,Piso,309968.0,98.2,3.0,2.0,Buen estado,2006-01-01,7,False,True,False,False,True,3.9,2024-11-02,80-120,3156.5
4443,Sevilla,Santa Cruz,Alquiler,Piso,248624.0,86.5,3.0,2.0,Reformado,1994-01-01,1,True,False,False,True,True,4.67,,80-120,2874.27
4444,Sevilla,Santa Cruz,Venta,Piso,207346.0,75.0,2.0,1.0,Buen estado,1998-01-01,9,True,True,False,False,False,6.73,2025-01-28,40-80,2764.61
4445,Sevilla,Los Remedios,Alquiler,Piso,207772.0,83.7,3.0,2.0,Buen estado,1974-01-01,4,False,False,False,False,False,6.12,2024-10-19,80-120,2482.34
4446,Sevilla,Santa Cruz,Venta,Piso,275642.0,93.1,3.0,2.0,Buen estado,1984-01-01,3,True,True,False,True,True,4.42,2024-11-27,80-120,2960.71
4447,Sevilla,Los Remedios,Alquiler,Estudio,134292.0,36.4,0.0,1.0,Buen estado,2004-01-01,5,False,True,True,True,True,3.91,2024-11-16,0-40,3689.34
4448,Sevilla,Nervión,Alquiler,Ático,,,5.0,1.0,Reformado,1998-01-01,Ático,True,True,False,False,False,8.48,2025-01-14,,
4449,Sevilla,Los Remedios,Venta,Piso,329485.0,93.2,3.0,2.0,Buen estado,1979-01-01,2,False,False,True,False,True,5.32,2024-11-10,80-120,3535.25
4450,Sevilla,Triana,Venta,Piso,214890.0,71.8,2.0,1.0,Buen estado,2004-01-01,9,False,False,False,True,True,7.51,2025-04-07,40-80,2992.9
4451,Sevilla,Triana,Venta,Ático,232657.0,71.8,2.0,1.0,Buen estado,1989-01-01,Ático,True,True,False,False,True,4.37,2024-12-10,40-80,3240.35
4452,Sevilla,Macarena,Venta,Ático,117295.0,60.1,2.0,1.0,Buen estado,1983-01-01,Ático,True,True,False,True,False,6.88,2025-03-08,40-80,1951.66
4453,Sevilla,Triana,Venta,Piso,246526.0,79.5,2.0,1.0,Buen estado,1979-01-01,1,False,False,False,True,True,6.58,2024-10-20,40-80,3100.96
4454,Sevilla,Triana,Venta,Piso,320129.0,96.5,3.0,2.0,Buen estado,1982-01-01,Bajo,False,True,False,True,False,6.15,2024-10-16,80-120,3317.4
4455,Sevilla,Santa Cruz,Venta,Piso,,47.8,2.0,1.0,Buen estado,1990-01-01,3,True,False,False,False,True,5.17,2025-03-29,40-80,
4456,Sevilla,Los Remedios,Alquiler,Piso,357129.0,93.4,3.0,2.0,Buen estado,1986-01-01,8,True,True,False,True,False,2.59,2024-11-30,80-120,3823.65
4457,Sevilla,Nervión,Venta,Piso,200274.0,81.7,3.0,2.0,Obra nueva,2020-01-01,7,True,True,False,False,True,5.49,2024-10-31,80-120,2451.33
4458,Sevilla,Santa Cruz,Venta,Piso,208790.0,66.5,2.0,1.0,Buen estado,1965-01-01,9,False,True,False,False,False,5.75,,40-80,3139.7
4459,Sevilla,Los Remedios,Venta,Ático,416952.0,134.3,4.0,2.0,Obra nueva,2021-01-01,Ático,True,False,False,False,True,5.14,2025-01-16,120-160,3104.63
4460,Sevilla,Los Remedios,Venta,Piso,264558.0,90.3,3.0,2.0,Buen estado,1997-01-01,3,True,False,False,True,False,7.31,2024-11-01,80-120,2929.77
4461,Sevilla,Macarena,Venta,Piso,237311.0,77.3,2.0,1.0,Buen estado,2012-01-01,5,True,True,True,False,False,5.8,2024-11-15,40-80,3070.0
4462,Sevilla,Santa Cruz,Venta,Piso,253010.0,76.1,2.0,1.0,Buen estado,2011-01-01,9,False,True,True,True,False,5.88,2024-11-20,40-80,3324.7
4463,Sevilla,Macarena,Venta,Piso,384332.0,124.6,4.0,2.0,Buen estado,2016-01-01,Bajo,False,False,False,True,True,4.03,2025-04-03,120-160,3084.53
4464,Sevilla,Nervión,Venta,Piso,166438.0,55.7,2.0,1.0,Buen estado,1990-01-01,4,False,False,False,True,True,4.08,2025-03-28,40-80,2988.11
4465,Sevilla,Macarena,Alquiler,Piso,152975.0,53.2,2.0,1.0,Buen estado,1949-01-01,8,True,True,False,True,True,5.97,2025-01-03,40-80,2875.47
4466,Sevilla,Los Remedios,Venta,Piso,335357.0,96.0,3.0,2.0,Reformado,1984-01-01,6,True,False,False,True,False,4.89,2025-03-24,80-120,3493.3
4467,Sevilla,Nervión,Alquiler,Piso,215520.0,76.5,2.0,1.0,Buen estado,1970-01-01,3,True,True,False,True,True,4.65,2024-12-08,40-80,2817.25
4468,Sevilla,Los Remedios,Alquiler,Estudio,109606.0,30.0,0.0,1.0,Reformado,1978-01-01,6,False,False,True,True,False,4.9,2025-03-11,0-40,3653.53
4469,Sevilla,Nervión,Alquiler,Piso,235072.0,69.3,2.0,1.0,Buen estado,1966-01-01,Bajo,True,False,False,True,False,8.02,2025-03-08,40-80,3392.09
4470,Sevilla,Triana,Venta,Piso,287019.0,84.2,3.0,2.0,Buen estado,1976-01-01,8,True,True,False,True,False,7.73,2025-01-30,80-120,3408.78
4471,Sevilla,Santa Cruz,Venta,Piso,296110.0,82.3,3.0,2.0,Reformado,1988-01-01,8,False,False,False,False,False,,2024-10-20,80-120,3597.93
4472,Sevilla,Nervión,Venta,Piso,249043.0,89.5,3.0,2.0,Buen estado,1973-01-01,4,False,True,False,False,True,6.83,2024-10-25,80-120,2782.6
4473,Sevilla,Los Remedios,Venta,Ático,,,2.0,1.0,Obra nueva,2022-01-01,Ático,False,True,True,False,True,5.29,2024-10-21,,
4474,Sevilla,Santa Cruz,Alquiler,Piso,234444.0,93.8,3.0,2.0,Buen estado,1970-01-01,3,True,False,False,False,True,,2025-03-20,80-120,2499.4
4475,Sevilla,Macarena,Venta,Piso,179077.0,59.1,2.0,1.0,Obra nueva,2021-01-01,2,True,True,False,True,False,6.84,2025-02-22,40-80,3030.07
4476,Sevilla,Triana,Venta,Piso,356426.0,95.6,3.0,2.0,Buen estado,2005-01-01,2,True,True,False,False,False,4.12,2025-03-30,80-120,3728.31
4477,Sevilla,Macarena,Venta,Piso,260046.0,91.2,3.0,2.0,A reformar,2015-01-01,9,True,False,False,False,True,4.1,2024-12-25,80-120,2851.38
4478,Sevilla,Macarena,Alquiler,Piso,,79.6,2.0,1.0,Obra nueva,2018-01-01,5,True,False,True,False,False,5.89,2024-12-04,40-80,
4479,Sevilla,Triana,Alquiler,Piso,175637.0,68.7,2.0,1.0,Buen estado,1988-01-01,5,True,False,False,True,False,6.7,2025-04-01,40-80,2556.58
4480,Sevilla,Santa Cruz,Alquiler,Piso,228479.0,75.9,2.0,1.0,Obra nueva,2018-01-01,9,True,True,True,False,True,3.35,2025-01-27,40-80,3010.26
4481,Sevilla,Macarena,Alquiler,Piso,268374.0,97.8,3.0,2.0,Buen estado,1985-01-01,4,True,False,True,False,False,4.41,2024-11-13,80-120,2744.11
4482,Sevilla,Triana,Venta,Ático,150257.0,62.9,2.0,1.0,Obra nueva,2019-01-01,Ático,False,True,False,True,True,6.68,2025-01-25,40-80,2388.82
4483,Sevilla,Santa Cruz,Venta,Ático,272176.0,67.7,2.0,1.0,Obra nueva,2020-01-01,Ático,True,False,True,True,False,6.65,2024-10-16,40-80,4020.32
4484,Sevilla,Triana,Venta,Piso,343020.0,97.7,3.0,2.0,Buen estado,1959-01-01,1,True,False,False,False,False,4.14,2025-02-16,80-120,3510.95
4485,Sevilla,Macarena,Venta,Sin_clasificar,,,5.0,2.0,Buen estado,1978-01-01,8,True,True,False,True,False,5.95,2025-02-24,,
4486,Sevilla,Nervión,Venta,Ático,296061.0,99.8,3.0,2.0,Buen estado,1998-01-01,Ático,False,False,False,False,True,5.38,2025-03-28,80-120,2966.54
4487,Sevilla,Los Remedios,Venta,Ático,247854.0,59.9,2.0,1.0,Buen estado,1962-01-01,Ático,True,True,False,False,False,3.73,2024-11-19,40-80,4137.8
4488,Sevilla,Macarena,Alquiler,Piso,169173.0,60.6,2.0,1.0,Buen estado,1972-01-01,6,True,False,False,False,False,4.9,2025-01-27,40-80,2791.63
4489,Sevilla,Macarena,Venta,Piso,217581.0,75.6,2.0,1.0,Buen estado,1976-01-01,9,True,True,False,True,False,7.6,2025-04-06,40-80,2878.06
4490,Sevilla,Nervión,Venta,Piso,265131.0,88.5,3.0,2.0,Reformado,1998-01-01,5,False,True,False,False,True,6.2,2024-11-21,80-120,2995.83
4491,Sevilla,Nervión,Venta,Piso,276485.0,68.8,2.0,1.0,Buen estado,1991-01-01,8,True,True,False,True,True,5.94,2025-03-13,40-80,4018.68
4492,Sevilla,Triana,Venta,Piso,194488.0,70.1,2.0,1.0,Buen estado,2014-01-01,5,False,False,False,False,False,3.56,,40-80,2774.44
4493,Sevilla,Santa Cruz,Venta,Sin_clasificar,,,3.0,1.0,Buen estado,1985-01-01,7,False,False,False,True,False,4.21,2025-02-05,,
4494,Sevilla,Nervión,Venta,Piso,295630.0,93.7,3.0,2.0,Obra nueva,2021-01-01,4,False,True,False,True,False,4.42,2024-10-15,80-120,3155.07
4495,Sevilla,Santa Cruz,Alquiler,Piso,282977.0,88.8,3.0,2.0,Buen estado,1972-01-01,8,True,True,False,True,False,4.95,2024-10-15,80-120,3186.68
4496,Sevilla,Los Remedios,Venta,Piso,276603.0,77.8,2.0,1.0,Obra nueva,2020-01-01,1,False,True,False,False,False,5.47,2025-01-29,40-80,3555.31
4497,Sevilla,Triana,Alquiler,Piso,135386.0,64.6,2.0,1.0,Buen estado,1981-01-01,8,False,False,True,True,False,4.3,2025-03-07,40-80,2095.76
4498,Sevilla,Nervión,Venta,Piso,,87.9,3.0,2.0,Buen estado,1972-01-01,5,True,False,True,False,False,5.79,2025-01-18,80-120,
4499,Sevilla,Los Remedios,Alquiler,Ático,281045.0,78.0,2.0,1.0,Buen estado,1986-01-01,Ático,False,True,False,True,True,7.8,2024-11-07,40-80,3603.14
4500,Sevilla,Los Remedios,Venta,Piso,329205.0,75.3,2.0,1.0,Reformado,2020-01-01,5,True,True,False,False,True,3.96,2024-10-20,40-80,4371.91
4501,Sevilla,Triana,Alquiler,Ático,214508.0,55.2,2.0,1.0,Buen estado,1987-01-01,Ático,False,False,False,True,False,4.11,2024-11-24,40-80,3886.01
4502,Sevilla,Santa Cruz,Alquiler,Piso,183349.0,55.0,2.0,1.0,Reformado,1989-01-01,5,True,False,False,True,True,5.94,2025-03-21,40-80,3333.62
4503,Sevilla,Macarena,Alquiler,Piso,330357.0,116.3,3.0,2.0,Buen estado,2003-01-01,2,True,True,False,False,False,5.04,2025-03-08,80-120,2840.56
4504,Sevilla,Nervión,Venta,Piso,188568.0,88.5,3.0,2.0,Reformado,1981-01-01,5,False,False,False,True,False,4.59,2025-03-20,80-120,2130.71
4505,Sevilla,Triana,Venta,Piso,,77.7,2.0,1.0,Obra nueva,2018-01-01,7,True,True,False,False,False,6.32,2024-12-18,40-80,
4506,Sevilla,Nervión,Venta,Ático,323235.0,85.8,3.0,2.0,Buen estado,1993-01-01,Ático,True,False,False,False,False,6.92,2025-03-11,80-120,3767.31
4507,Sevilla,Los Remedios,Venta,Piso,269390.0,80.9,3.0,2.0,Buen estado,1984-01-01,3,False,False,True,True,True,5.81,2025-01-21,80-120,3329.91
4508,Sevilla,Santa Cruz,Venta,Piso,230453.0,64.0,2.0,1.0,Buen estado,1992-01-01,6,True,True,True,False,True,6.81,2024-11-21,40-80,3600.83
4509,Sevilla,Triana,Venta,Piso,207165.0,67.1,2.0,1.0,Buen estado,1995-01-01,Bajo,True,False,True,False,False,6.62,,40-80,3087.41
4510,Sevilla,Los Remedios,Alquiler,Piso,242041.0,78.5,2.0,1.0,Buen estado,1985-01-01,6,False,False,True,False,False,7.99,2024-11-13,40-80,3083.32
4511,Sevilla,Los Remedios,Alquiler,Piso,224910.0,86.4,3.0,2.0,Buen estado,1967-01-01,7,True,False,False,False,False,4.94,2025-03-20,80-120,2603.12
4512,Sevilla,Los Remedios,Alquiler,Piso,425831.0,103.6,3.0,2.0,Buen estado,1976-01-01,1,True,True,False,False,False,5.03,2025-03-22,80-120,4110.34
4513,Sevilla,Los Remedios,Venta,Piso,346677.0,81.4,3.0,2.0,A reformar,1975-01-01,5,True,True,False,True,True,2.83,2025-01-21,80-120,4258.93
4514,Sevilla,Macarena,Venta,Piso,170668.0,71.8,2.0,1.0,Buen estado,1981-01-01,7,False,False,True,False,False,5.79,2024-12-01,40-80,2376.99
4515,Sevilla,Los Remedios,Venta,Piso,256608.0,85.4,3.0,2.0,Buen estado,2020-01-01,4,False,False,False,True,False,7.52,2025-01-01,80-120,3004.78
4516,Sevilla,Triana,Venta,Piso,255483.0,102.7,3.0,2.0,Reformado,1971-01-01,8,False,False,False,False,False,4.16,2025-03-27,80-120,2487.66
4517,Sevilla,Macarena,Venta,Piso,271361.0,62.1,2.0,1.0,Buen estado,1971-01-01,4,False,True,False,False,True,6.75,2025-02-15,40-80,4369.74
4518,Sevilla,Nervión,Alquiler,Ático,241324.0,74.9,2.0,1.0,Reformado,1985-01-01,Ático,False,True,True,True,False,4.83,2025-01-07,40-80,3221.95
4519,Sevilla,Santa Cruz,Alquiler,Piso,167247.0,62.1,2.0,1.0,Reformado,1994-01-01,7,True,True,False,False,False,6.88,2024-12-03,40-80,2693.19
4520,Sevilla,Macarena,Alquiler,Piso,180000.0,62.9,2.0,1.0,Buen estado,2002-01-01,3,True,False,False,False,False,6.07,2024-11-17,40-80,2861.69
4521,Sevilla,Triana,Alquiler,Piso,314278.0,101.5,3.0,2.0,Buen estado,2015-01-01,8,True,False,True,False,False,4.78,2025-02-06,80-120,3096.33
4522,Sevilla,Triana,Alquiler,Piso,209619.0,62.8,2.0,1.0,Buen estado,1975-01-01,2,True,False,False,True,False,5.08,2025-03-24,40-80,3337.88
4523,Sevilla,Macarena,Alquiler,Ático,239311.0,79.8,2.0,1.0,Buen estado,2020-01-01,Ático,False,False,False,False,True,4.9,2024-12-12,40-80,2998.88
4524,Sevilla,Los Remedios,Venta,Piso,249128.0,80.6,3.0,2.0,Buen estado,1989-01-01,9,False,True,False,False,False,6.48,2025-04-03,80-120,3090.92
4525,Sevilla,Los Remedios,Alquiler,Piso,305381.0,92.0,3.0,2.0,Buen estado,1992-01-01,4,False,True,False,False,True,4.66,2024-12-29,80-120,3319.36
4526,Sevilla,Triana,Venta,Piso,202994.0,68.8,2.0,1.0,Buen estado,1983-01-01,8,True,True,False,True,False,4.72,2024-12-16,40-80,2950.49
4527,Sevilla,Macarena,Venta,Piso,222250.0,66.7,2.0,1.0,Buen estado,1979-01-01,7,True,True,False,True,False,6.85,2024-11-28,40-80,3332.08
4528,Sevilla,Los Remedios,Venta,Piso,191331.0,54.7,2.0,1.0,Buen estado,2007-01-01,3,True,False,False,False,False,7.73,2025-03-03,40-80,3497.82
4529,Sevilla,Triana,Venta,Piso,189893.0,62.8,2.0,1.0,Reformado,1983-01-01,7,True,True,True,True,False,3.21,2024-11-14,40-80,3023.77
4530,Sevilla,Santa Cruz,Venta,Ático,296377.0,108.2,3.0,2.0,Reformado,1979-01-01,Ático,True,True,False,True,False,4.96,2025-03-18,80-120,2739.16
4531,Sevilla,Triana,Venta,Piso,341167.0,96.3,3.0,2.0,Buen estado,2006-01-01,2,True,True,False,True,False,,,80-120,3542.75
4532,Sevilla,Santa Cruz,Alquiler,Piso,354181.0,107.3,3.0,2.0,Buen estado,1990-01-01,2,True,True,False,True,True,,2025-04-03,80-120,3300.85
4533,Sevilla,Triana,Venta,Piso,110229.0,45.3,2.0,1.0,Buen estado,1982-01-01,8,False,False,True,True,False,5.0,2024-11-02,40-80,2433.31
4534,Sevilla,Los Remedios,Venta,Piso,227762.0,78.2,2.0,1.0,Buen estado,1994-01-01,7,True,True,False,True,False,2.69,2025-03-10,40-80,2912.56
4535,Sevilla,Los Remedios,Alquiler,Piso,295466.0,89.6,3.0,2.0,Buen estado,2001-01-01,3,False,True,True,False,False,4.05,2025-02-11,80-120,3297.61
4536,Sevilla,Santa Cruz,Alquiler,Piso,222032.0,64.7,2.0,1.0,Buen estado,1969-01-01,1,True,True,False,False,True,,2024-11-06,40-80,3431.72
4537,Sevilla,Nervión,Venta,Piso,267538.0,92.2,3.0,2.0,Buen estado,1986-01-01,2,True,False,False,False,False,5.57,2025-01-19,80-120,2901.71
4538,Sevilla,Los Remedios,Venta,Piso,260654.0,75.6,2.0,1.0,Buen estado,2007-01-01,8,False,False,False,False,False,6.01,,40-80,3447.8
4539,Sevilla,Macarena,Alquiler,Piso,219658.0,67.2,2.0,1.0,Buen estado,1984-01-01,Bajo,False,True,False,False,True,5.24,2025-02-20,40-80,3268.72
4540,Sevilla,Los Remedios,Venta,Ático,152129.0,60.4,2.0,1.0,Buen estado,1991-01-01,Ático,False,True,True,True,True,8.42,2025-01-06,40-80,2518.69
4541,Sevilla,Los Remedios,Venta,Piso,217983.0,77.0,2.0,1.0,Buen estado,1983-01-01,6,True,False,True,True,False,4.56,2024-10-19,40-80,2830.95
4542,Sevilla,Santa Cruz,Alquiler,Piso,270748.0,93.1,3.0,2.0,Buen estado,1998-01-01,5,False,True,False,True,False,6.48,2024-11-02,80-120,2908.14
4543,Sevilla,Triana,Venta,Piso,,96.1,3.0,2.0,Buen estado,1980-01-01,5,True,True,False,False,False,4.58,2024-12-28,80-120,
4544,Sevilla,Nervión,Venta,Piso,221499.0,62.9,2.0,1.0,Reformado,1979-01-01,6,True,False,True,False,True,5.89,2024-11-12,40-80,3521.45
4545,Sevilla,Macarena,Venta,Piso,249593.0,92.3,3.0,2.0,Buen estado,2002-01-01,3,True,False,False,True,True,3.06,2024-12-11,80-120,2704.15
4546,Sevilla,Macarena,Venta,Ático,260070.0,79.0,2.0,1.0,Obra nueva,2018-01-01,Ático,True,True,False,True,True,3.5,2024-12-29,40-80,3292.03
4547,Sevilla,Macarena,Venta,Piso,202242.0,64.0,2.0,1.0,Obra nueva,2023-01-01,2,True,False,True,True,True,5.72,2025-01-25,40-80,3160.03
4548,Sevilla,Los Remedios,Alquiler,Piso,322415.0,95.0,3.0,2.0,Buen estado,1989-01-01,8,True,True,False,True,False,7.96,2024-12-13,80-120,3393.84
4549,Sevilla,Santa Cruz,Venta,Piso,339607.0,100.6,3.0,2.0,Buen estado,1972-01-01,6,True,False,False,True,False,4.03,2024-11-18,80-120,3375.82
4550,Sevilla,Triana,Venta,Piso,251134.0,79.8,2.0,1.0,Buen estado,1977-01-01,3,True,False,False,True,False,3.97,2024-10-30,40-80,3147.04
4551,Sevilla,Santa Cruz,Alquiler,Piso,,72.4,2.0,1.0,Obra nueva,2019-01-01,9,True,True,False,False,True,6.75,2025-03-11,40-80,
4552,Sevilla,Los Remedios,Alquiler,Piso,243485.0,83.8,3.0,2.0,Buen estado,1971-01-01,Bajo,True,False,True,False,False,,,80-120,2905.55
4553,Sevilla,Los Remedios,Venta,Piso,478201.0,109.9,3.0,2.0,Buen estado,1973-01-01,9,True,True,True,False,False,3.67,2025-02-24,80-120,4351.24
4554,Sevilla,Nervión,Alquiler,Piso,261608.0,67.4,2.0,1.0,Buen estado,1992-01-01,6,True,True,True,True,True,4.56,2025-01-29,40-80,3881.42
4555,Sevilla,Nervión,Venta,Piso,295163.0,89.2,3.0,2.0,Buen estado,2000-01-01,3,True,True,False,True,True,2.92,2024-12-19,80-120,3309.0
4556,Sevilla,Nervión,Alquiler,Piso,382191.0,98.6,3.0,2.0,Buen estado,2003-01-01,Bajo,True,True,True,False,False,8.26,2024-12-26,80-120,3876.18
4557,Sevilla,Santa Cruz,Venta,Ático,364588.0,104.5,3.0,2.0,Buen estado,2015-01-01,Ático,False,False,False,True,False,4.07,2024-11-16,80-120,3488.88
4558,Sevilla,Triana,Venta,Piso,154848.0,58.0,2.0,1.0,Buen estado,1988-01-01,4,False,False,False,False,False,8.8,2025-01-10,40-80,2669.79
4559,Sevilla,Triana,Alquiler,Piso,242327.0,97.5,3.0,2.0,Buen estado,1981-01-01,3,False,True,True,False,False,5.51,2024-11-05,80-120,2485.41
4560,Sevilla,Nervión,Venta,Piso,187897.0,44.4,2.0,1.0,Obra nueva,2021-01-01,6,True,True,True,True,False,6.76,2025-02-05,40-80,4231.91
4561,Sevilla,Nervión,Venta,Piso,245853.0,77.3,2.0,1.0,Obra nueva,2020-01-01,9,True,False,False,False,True,4.47,2024-10-15,40-80,3180.5
4562,Sevilla,Los Remedios,Venta,Estudio,112828.0,30.0,0.0,1.0,Buen estado,1986-01-01,3,True,False,False,True,False,2.6,2025-03-23,0-40,3760.93
4563,Sevilla,Los Remedios,Venta,Piso,,81.8,3.0,2.0,Buen estado,1991-01-01,1,True,False,False,True,False,3.52,2024-10-18,80-120,
4564,Sevilla,Nervión,Venta,Ático,342606.0,78.4,2.0,1.0,Buen estado,1974-01-01,Ático,True,True,False,True,True,4.9,,40-80,4369.97
4565,Sevilla,Triana,Venta,Piso,273336.0,86.2,3.0,2.0,Buen estado,1987-01-01,1,False,False,False,False,False,5.06,2025-03-30,80-120,3170.95
4566,Sevilla,Macarena,Venta,Piso,306903.0,80.0,3.0,2.0,Obra nueva,2020-01-01,1,True,False,False,False,True,3.26,2025-02-01,80-120,3836.29
4567,Sevilla,Nervión,Alquiler,Ático,260285.0,75.6,2.0,1.0,Obra nueva,2019-01-01,Ático,True,False,True,False,True,7.42,2025-03-15,40-80,3442.92
4568,Sevilla,Triana,Alquiler,Piso,402348.0,110.5,3.0,2.0,Buen estado,1961-01-01,9,True,False,False,True,False,6.59,2024-11-17,80-120,3641.16
4569,Sevilla,Nervión,Venta,Piso,284933.0,77.5,2.0,1.0,Buen estado,1984-01-01,1,False,True,False,False,False,4.61,2024-12-30,40-80,3676.55
4570,Sevilla,Macarena,Venta,Piso,233239.0,59.3,2.0,1.0,Obra nueva,2018-01-01,Bajo,True,False,True,True,True,5.12,2025-01-08,40-80,3933.2
4571,Sevilla,Nervión,Venta,Piso,180136.0,70.8,2.0,1.0,Buen estado,1970-01-01,7,True,False,False,False,False,5.0,2025-03-22,40-80,2544.29
4572,Sevilla,Los Remedios,Venta,Piso,228040.0,72.8,2.0,1.0,Buen estado,1972-01-01,1,True,False,False,False,False,4.77,2025-01-12,40-80,3132.42
4573,Sevilla,Nervión,Venta,Piso,158585.0,49.3,2.0,1.0,Buen estado,1962-01-01,2,False,True,False,False,False,4.71,2024-10-10,40-80,3216.73
4574,Sevilla,Nervión,Alquiler,Piso,348169.0,113.4,3.0,2.0,Obra nueva,2019-01-01,8,True,True,True,False,False,,2025-02-12,80-120,3070.27
4575,Sevilla,Santa Cruz,Venta,Ático,351866.0,105.0,3.0,2.0,Obra nueva,2020-01-01,Ático,True,True,True,False,True,4.56,2025-01-05,80-120,3351.1
4576,Sevilla,Triana,Venta,Piso,257400.0,87.3,3.0,2.0,Buen estado,1957-01-01,6,True,False,False,False,True,,2024-10-21,80-120,2948.45
4577,Sevilla,Nervión,Venta,Piso,315821.0,81.9,3.0,2.0,Buen estado,1990-01-01,3,False,True,False,False,False,5.99,2024-12-17,80-120,3856.18
4578,Sevilla,Macarena,Venta,Ático,230709.0,77.3,2.0,1.0,Buen estado,2007-01-01,Ático,True,False,False,True,True,5.32,2024-10-26,40-80,2984.59
4579,Sevilla,Santa Cruz,Alquiler,Piso,399469.0,98.2,3.0,2.0,Obra nueva,2022-01-01,8,True,True,False,True,True,4.31,2024-11-02,80-120,4067.91
4580,Sevilla,Triana,Venta,Sin_clasificar,,,2.0,1.0,Buen estado,1985-01-01,2,True,True,False,False,False,5.12,2025-01-31,,
4581,Sevilla,Nervión,Venta,Piso,281916.0,89.7,3.0,2.0,Buen estado,1989-01-01,3,False,True,False,True,True,7.04,2024-12-10,80-120,3142.88
4582,Sevilla,Los Remedios,Venta,Piso,248197.0,86.9,3.0,2.0,Buen estado,1980-01-01,2,True,True,False,True,False,7.0,2024-10-09,80-120,2856.12
4583,Sevilla,Triana,Venta,Piso,190232.0,71.7,2.0,1.0,Buen estado,1998-01-01,3,True,False,False,False,False,1.84,2024-11-22,40-80,2653.17
4584,Sevilla,Triana,Alquiler,Piso,330125.0,111.4,3.0,2.0,Buen estado,1986-01-01,1,True,False,False,True,False,2.7,2025-03-30,80-120,2963.42
4585,Sevilla,Macarena,Venta,Piso,224936.0,68.6,2.0,1.0,Buen estado,1975-01-01,3,True,True,False,False,True,,2025-01-23,40-80,3278.95
4586,Sevilla,Triana,Venta,Piso,285276.0,100.6,3.0,2.0,Buen estado,1989-01-01,1,False,True,False,False,False,3.52,2025-03-24,80-120,2835.75
4587,Sevilla,Macarena,Alquiler,Piso,188426.0,65.4,2.0,1.0,Buen estado,1987-01-01,7,False,False,True,True,False,3.71,2025-02-16,40-80,2881.13
4588,Sevilla,Santa Cruz,Alquiler,Piso,286582.0,78.5,2.0,1.0,Buen estado,1979-01-01,2,True,True,False,False,False,5.0,2024-10-20,40-80,3650.73
4589,Sevilla,Triana,Venta,Piso,226516.0,79.9,2.0,1.0,Buen estado,1986-01-01,1,False,True,True,False,False,6.0,2024-10-21,40-80,2834.99
4590,Sevilla,Macarena,Alquiler,Piso,288234.0,88.6,3.0,2.0,Buen estado,1988-01-01,4,False,True,False,True,False,4.88,2025-03-01,80-120,3253.21
4591,Sevilla,Los Remedios,Alquiler,Piso,232608.0,73.7,2.0,1.0,Buen estado,2020-01-01,8,True,False,False,True,True,8.47,2025-03-13,40-80,3156.15
4592,Sevilla,Los Remedios,Venta,Piso,287777.0,83.7,3.0,2.0,Buen estado,1981-01-01,5,False,False,False,False,True,3.92,2024-10-29,80-120,3438.2
4593,Sevilla,Triana,Alquiler,Piso,177359.0,49.1,2.0,1.0,Buen estado,2010-01-01,4,False,True,False,False,True,6.29,2025-03-22,40-80,3612.2
4594,Sevilla,Los Remedios,Venta,Piso,169528.0,57.7,2.0,1.0,Buen estado,1963-01-01,7,False,False,False,True,False,7.24,2024-11-14,40-80,2938.09
4595,Sevilla,Santa Cruz,Venta,Estudio,134160.0,30.0,0.0,1.0,Obra nueva,2022-01-01,2,False,True,True,True,True,6.72,2025-02-02,0-40,4472.0
4596,Sevilla,Macarena,Venta,Ático,360398.0,130.1,4.0,2.0,Buen estado,1968-01-01,Ático,False,False,False,False,False,6.42,2024-11-07,120-160,2770.16
4597,Sevilla,Santa Cruz,Venta,Piso,386117.0,99.7,3.0,2.0,Obra nueva,2019-01-01,9,False,True,False,True,True,5.36,2025-01-07,80-120,3872.79
4598,Sevilla,Macarena,Venta,Piso,193932.0,76.4,2.0,1.0,Obra nueva,2021-01-01,7,True,True,True,True,True,,2025-02-25,40-80,2538.38
4599,Sevilla,Nervión,Alquiler,Piso,441500.0,111.8,3.0,2.0,Buen estado,1999-01-01,7,True,True,False,False,False,4.82,2024-11-03,80-120,3949.02
4600,Sevilla,Nervión,Venta,Piso,277046.0,118.4,3.0,2.0,Buen estado,1997-01-01,4,False,False,True,False,True,,2024-10-20,80-120,2339.92
4601,Sevilla,Nervión,Alquiler,Piso,251336.0,72.2,2.0,1.0,Buen estado,2010-01-01,4,False,True,False,True,False,4.08,2025-03-28,40-80,3481.11
4602,Sevilla,Macarena,Alquiler,Piso,173566.0,64.2,2.0,1.0,Obra nueva,2021-01-01,2,False,True,False,False,True,5.86,2025-02-12,40-80,2703.52
4603,Sevilla,Macarena,Venta,Ático,266412.0,94.6,3.0,2.0,Buen estado,1968-01-01,Ático,True,False,False,True,False,5.73,2024-11-06,80-120,2816.19
4604,Sevilla,Triana,Alquiler,Piso,198956.0,60.0,2.0,1.0,Buen estado,1982-01-01,4,True,True,False,False,False,3.46,2024-11-22,40-80,3315.93
4605,Sevilla,Triana,Venta,Piso,244647.0,65.5,2.0,1.0,Buen estado,1973-01-01,9,True,False,False,False,True,4.65,2025-01-18,40-80,3735.07
4606,Sevilla,Santa Cruz,Alquiler,Piso,297306.0,86.0,3.0,2.0,Reformado,1984-01-01,4,True,False,False,False,False,4.98,2025-02-08,80-120,3457.05
4607,Sevilla,Triana,Alquiler,Piso,194852.0,60.0,2.0,1.0,Buen estado,1974-01-01,9,False,False,False,True,True,4.36,2025-01-16,40-80,3247.53
4608,Sevilla,Santa Cruz,Venta,Piso,298948.0,75.5,2.0,1.0,Buen estado,1987-01-01,6,False,False,False,True,False,6.81,2025-02-27,40-80,3959.58
4609,Sevilla,Santa Cruz,Alquiler,Piso,462766.0,112.2,3.0,2.0,Buen estado,2000-01-01,8,True,False,False,True,False,6.61,2024-12-04,80-120,4124.47
4610,Sevilla,Macarena,Venta,Piso,222142.0,66.2,2.0,1.0,Buen estado,2003-01-01,3,True,False,False,True,True,5.23,2025-04-03,40-80,3355.62
4611,Sevilla,Triana,Alquiler,Piso,208186.0,65.7,2.0,1.0,Buen estado,1978-01-01,2,False,False,False,True,False,6.83,2025-04-07,40-80,3168.74
4612,Sevilla,Santa Cruz,Venta,Piso,215039.0,64.6,2.0,1.0,Buen estado,1981-01-01,Bajo,False,False,False,True,False,4.59,2025-01-15,40-80,3328.78
4613,Sevilla,Los Remedios,Venta,Piso,268799.0,74.1,2.0,1.0,Buen estado,1989-01-01,4,False,False,False,True,True,4.18,2024-10-21,40-80,3627.52
4614,Sevilla,Macarena,Alquiler,Piso,330222.0,92.6,3.0,2.0,Buen estado,1988-01-01,1,True,True,False,True,False,5.79,,80-120,3566.11
4615,Sevilla,Macarena,Venta,Piso,238909.0,69.9,2.0,1.0,Buen estado,1982-01-01,1,True,True,False,False,False,5.47,2025-02-18,40-80,3417.87
4616,Sevilla,Nervión,Venta,Piso,306025.0,97.6,3.0,2.0,Buen estado,1979-01-01,9,True,True,False,True,False,2.96,2025-01-19,80-120,3135.5
4617,Sevilla,Triana,Alquiler,Piso,203101.0,65.5,2.0,1.0,Buen estado,1957-01-01,8,True,True,False,False,False,4.43,2025-03-14,40-80,3100.78
4618,Sevilla,Santa Cruz,Venta,Piso,264079.0,86.4,3.0,2.0,Buen estado,1961-01-01,4,True,True,False,True,False,2.13,2025-03-06,80-120,3056.47
4619,Sevilla,Santa Cruz,Venta,Piso,305045.0,92.1,3.0,2.0,Buen estado,1977-01-01,2,False,False,False,False,False,6.66,2024-11-05,80-120,3312.11
4620,Sevilla,Macarena,Venta,Estudio,114022.0,30.0,0.0,1.0,Reformado,1989-01-01,5,True,False,False,True,False,6.7,2025-01-23,0-40,3800.73
4621,Sevilla,Los Remedios,Venta,Ático,262435.0,76.4,2.0,1.0,Buen estado,1979-01-01,Ático,True,False,False,False,False,3.77,2024-11-04,40-80,3435.01
4622,Sevilla,Triana,Venta,Ático,285727.0,75.9,2.0,1.0,Buen estado,1997-01-01,Ático,True,True,False,False,False,2.18,2025-04-07,40-80,3764.52
4623,Sevilla,Los Remedios,Venta,Piso,360018.0,89.3,3.0,2.0,A reformar,1964-01-01,3,False,False,False,False,False,5.18,2024-11-02,80-120,4031.56
4624,Sevilla,Nervión,Venta,Piso,209527.0,76.4,2.0,1.0,Buen estado,1992-01-01,5,True,False,False,False,False,3.71,2025-01-31,40-80,2742.5
4625,Sevilla,Nervión,Alquiler,Piso,169805.0,67.7,2.0,1.0,Buen estado,1965-01-01,9,True,False,True,True,False,5.02,2024-12-26,40-80,2508.2
4626,Sevilla,Santa Cruz,Venta,Piso,189619.0,62.2,2.0,1.0,Buen estado,1975-01-01,1,True,False,False,False,False,4.79,2024-10-31,40-80,3048.54
4627,Sevilla,Santa Cruz,Alquiler,Piso,256539.0,75.8,2.0,1.0,Reformado,1961-01-01,9,True,True,True,True,True,5.3,2025-03-23,40-80,3384.42
4628,Sevilla,Santa Cruz,Alquiler,Piso,296105.0,100.0,3.0,2.0,Buen estado,1980-01-01,2,False,True,False,True,True,4.74,2025-04-05,80-120,2961.05
4629,Sevilla,Triana,Venta,Piso,216713.0,87.7,3.0,2.0,Obra nueva,2021-01-01,1,True,True,True,False,False,6.59,2025-01-26,80-120,2471.07
4630,Sevilla,Macarena,Venta,Piso,362375.0,92.1,3.0,2.0,Buen estado,1983-01-01,1,True,True,False,True,False,,2025-01-16,80-120,3934.58
4631,Sevilla,Nervión,Alquiler,Piso,223707.0,73.7,2.0,1.0,Buen estado,1987-01-01,1,True,True,False,False,True,6.22,2024-12-09,40-80,3035.37
4632,Sevilla,Triana,Venta,Piso,307220.0,95.4,3.0,2.0,Buen estado,1977-01-01,9,True,False,False,True,False,5.32,2024-10-18,80-120,3220.34
4633,Sevilla,Triana,Venta,Piso,267486.0,93.7,3.0,2.0,Buen estado,1983-01-01,7,True,False,True,False,False,5.7,2025-03-30,80-120,2854.71
4634,Sevilla,Nervión,Venta,Piso,220426.0,77.2,2.0,1.0,Buen estado,1954-01-01,5,True,False,False,False,False,5.61,2025-02-14,40-80,2855.26
4635,Sevilla,Nervión,Venta,Piso,370405.0,109.2,3.0,2.0,A reformar,1994-01-01,3,False,True,False,True,False,4.14,,80-120,3391.99
4636,Sevilla,Santa Cruz,Alquiler,Piso,348429.0,95.4,3.0,2.0,Obra nueva,2019-01-01,7,True,False,True,False,True,6.36,2024-12-19,80-120,3652.3
4637,Sevilla,Nervión,Venta,Piso,281559.0,78.7,2.0,1.0,Reformado,1976-01-01,5,True,True,False,False,True,6.5,2024-11-05,40-80,3577.62
4638,Sevilla,Macarena,Alquiler,Piso,289773.0,70.8,2.0,1.0,Buen estado,1981-01-01,2,True,True,False,False,False,3.19,2024-12-30,40-80,4092.84
4639,Sevilla,Santa Cruz,Alquiler,Piso,240471.0,83.6,3.0,2.0,Obra nueva,2020-01-01,7,True,True,False,True,False,5.33,2025-01-24,80-120,2876.45
4640,Sevilla,Nervión,Alquiler,Piso,293343.0,95.6,3.0,2.0,Obra nueva,2019-01-01,3,True,True,False,True,False,5.65,2025-01-20,80-120,3068.44
4641,Sevilla,Triana,Venta,Piso,234667.0,74.7,2.0,1.0,Buen estado,1988-01-01,9,True,True,False,True,False,4.64,2024-12-14,40-80,3141.46
4642,Sevilla,Los Remedios,Venta,Piso,353520.0,106.3,3.0,2.0,Obra nueva,2022-01-01,4,True,True,False,False,True,2.76,2024-12-29,80-120,3325.68
4643,Sevilla,Nervión,Venta,Piso,318895.0,94.8,3.0,2.0,Obra nueva,2022-01-01,3,False,True,False,False,False,3.28,2024-10-11,80-120,3363.87
4644,Sevilla,Macarena,Venta,Piso,178422.0,64.7,2.0,1.0,Obra nueva,2022-01-01,Bajo,True,True,False,False,False,5.19,2025-03-24,40-80,2757.68
4645,Sevilla,Santa Cruz,Venta,Piso,337189.0,105.2,3.0,2.0,Buen estado,1984-01-01,9,False,True,True,True,False,2.79,2025-02-23,80-120,3205.22
4646,Sevilla,Macarena,Venta,Piso,,134.9,4.0,2.0,Obra nueva,2022-01-01,9,True,False,True,True,True,6.35,2025-03-12,120-160,
4647,Sevilla,Nervión,Alquiler,Piso,233977.0,70.9,2.0,1.0,Buen estado,1984-01-01,3,True,False,True,False,True,4.99,2025-01-01,40-80,3300.1
4648,Sevilla,Triana,Venta,Piso,284368.0,111.5,3.0,2.0,Buen estado,1989-01-01,3,False,True,False,False,False,6.23,2024-12-03,80-120,2550.39
4649,Sevilla,Santa Cruz,Venta,Piso,404676.0,112.9,3.0,2.0,Buen estado,1973-01-01,7,True,False,False,True,False,3.0,2025-04-04,80-120,3584.38
4650,Sevilla,Nervión,Venta,Piso,293402.0,92.3,3.0,2.0,Obra nueva,2018-01-01,2,True,True,True,True,True,4.2,,80-120,3178.79
4651,Sevilla,Nervión,Venta,Piso,304084.0,84.4,3.0,2.0,Obra nueva,2020-01-01,1,True,True,False,True,True,4.6,2025-04-03,80-120,3602.89
4652,Sevilla,Santa Cruz,Venta,Piso,290189.0,100.7,3.0,2.0,Obra nueva,2018-01-01,6,True,True,False,True,True,4.92,2025-03-30,80-120,2881.72
4653,Sevilla,Nervión,Venta,Piso,396885.0,118.8,3.0,2.0,Buen estado,1967-01-01,Bajo,False,True,False,False,False,3.76,2024-11-02,80-120,3340.78
4654,Sevilla,Santa Cruz,Venta,Piso,166657.0,54.7,2.0,1.0,Buen estado,1977-01-01,2,False,True,False,False,True,,2024-12-23,40-80,3046.75
4655,Sevilla,Santa Cruz,Alquiler,Ático,272887.0,83.7,3.0,2.0,Buen estado,1982-01-01,Ático,True,True,False,False,True,,2024-10-16,80-120,3260.3
4656,Sevilla,Nervión,Venta,Piso,370566.0,112.0,3.0,2.0,Obra nueva,2020-01-01,Bajo,True,True,False,True,False,3.27,,80-120,3308.62
4657,Sevilla,Santa Cruz,Venta,Piso,262613.0,80.5,3.0,2.0,Obra nueva,2018-01-01,1,True,True,True,True,False,6.87,2025-03-29,80-120,3262.27
4658,Sevilla,Santa Cruz,Venta,Piso,216746.0,83.5,3.0,2.0,Buen estado,2005-01-01,4,True,False,False,False,False,5.75,2024-10-11,80-120,2595.76
4659,Sevilla,Santa Cruz,Alquiler,Piso,235021.0,103.2,3.0,2.0,Buen estado,1954-01-01,5,True,True,False,False,False,5.03,2024-11-27,80-120,2277.34
4660,Sevilla,Santa Cruz,Venta,Piso,380206.0,97.1,3.0,2.0,Reformado,1983-01-01,7,True,True,False,True,False,2.83,2024-10-18,80-120,3915.61
4661,Sevilla,Los Remedios,Venta,Piso,249321.0,75.4,2.0,1.0,Buen estado,1968-01-01,5,True,False,False,True,True,5.21,2024-11-01,40-80,3306.64
4662,Sevilla,Santa Cruz,Venta,Piso,243409.0,71.2,2.0,1.0,Buen estado,1986-01-01,1,True,False,False,True,False,2.72,2025-03-28,40-80,3418.67
4663,Sevilla,Triana,Venta,Piso,219288.0,79.6,2.0,1.0,Buen estado,1982-01-01,9,True,False,False,False,False,5.88,2024-12-16,40-80,2754.87
4664,Sevilla,Nervión,Alquiler,Ático,151586.0,55.4,2.0,1.0,Buen estado,1982-01-01,Ático,True,False,True,False,False,4.81,2024-11-22,40-80,2736.21
4665,Sevilla,Nervión,Venta,Ático,290018.0,77.8,2.0,1.0,Buen estado,1988-01-01,Ático,True,True,False,False,True,4.08,2025-01-25,40-80,3727.74
4666,Sevilla,Santa Cruz,Venta,Piso,291012.0,117.8,3.0,2.0,Buen estado,1970-01-01,3,True,False,False,False,True,5.34,2025-02-23,80-120,2470.39
4667,Sevilla,Macarena,Venta,Piso,205325.0,69.0,2.0,1.0,Obra nueva,2023-01-01,8,True,True,False,True,False,6.48,2024-11-27,40-80,2975.72
4668,Sevilla,Santa Cruz,Venta,Piso,345006.0,116.3,3.0,2.0,Obra nueva,2020-01-01,2,True,True,False,True,False,5.47,2024-12-19,80-120,2966.52
4669,Sevilla,Nervión,Venta,Piso,365754.0,102.2,3.0,2.0,Buen estado,1996-01-01,8,False,False,False,True,False,5.64,2024-11-26,80-120,3578.81
4670,Sevilla,Los Remedios,Venta,Piso,318270.0,96.2,3.0,2.0,Buen estado,2001-01-01,8,True,False,True,False,False,4.06,2025-02-23,80-120,3308.42
4671,Sevilla,Santa Cruz,Venta,Piso,266021.0,92.9,3.0,2.0,Buen estado,2002-01-01,5,True,True,True,False,True,4.63,2024-11-04,80-120,2863.52
4672,Sevilla,Santa Cruz,Venta,Piso,215401.0,61.6,2.0,1.0,Buen estado,1959-01-01,Bajo,True,True,False,True,False,6.24,2025-02-15,40-80,3496.77
4673,Sevilla,Macarena,Alquiler,Sin_clasificar,,,,1.0,Buen estado,1976-01-01,4,False,False,True,False,True,5.72,,,
4674,Sevilla,Santa Cruz,Venta,Piso,256905.0,87.4,3.0,2.0,Reformado,1969-01-01,8,True,True,False,True,False,2.88,2025-01-01,80-120,2939.42
4675,Sevilla,Los Remedios,Venta,Piso,170326.0,49.6,2.0,1.0,Buen estado,1996-01-01,Bajo,False,False,False,True,False,2.28,,40-80,3433.99
4676,Sevilla,Los Remedios,Venta,Piso,270466.0,77.0,2.0,1.0,Buen estado,1975-01-01,8,False,False,False,True,False,4.61,2025-03-17,40-80,3512.55
4677,Sevilla,Los Remedios,Venta,Ático,218622.0,56.1,2.0,1.0,Reformado,1954-01-01,Ático,True,False,False,True,False,3.12,2024-10-11,40-80,3897.01
4678,Sevilla,Nervión,Venta,Piso,258395.0,86.8,3.0,2.0,Buen estado,1961-01-01,6,False,False,True,True,False,2.15,2024-12-20,80-120,2976.9
4679,Sevilla,Los Remedios,Venta,Piso,249911.0,76.5,2.0,1.0,Obra nueva,2021-01-01,6,True,False,False,True,False,2.78,2025-01-01,40-80,3266.81
4680,Sevilla,Triana,Venta,Piso,190615.0,66.2,2.0,1.0,Buen estado,2006-01-01,3,True,False,False,False,True,5.16,2024-10-10,40-80,2879.38
4681,Sevilla,Triana,Alquiler,Piso,255795.0,73.2,2.0,1.0,Buen estado,2014-01-01,2,False,False,False,True,False,2.03,2025-02-26,40-80,3494.47
4682,Sevilla,Santa Cruz,Alquiler,Piso,244431.0,85.6,3.0,2.0,Buen estado,2000-01-01,4,True,False,False,True,False,5.06,2025-03-14,80-120,2855.5
4683,Sevilla,Macarena,Venta,Piso,570827.0,91.9,3.0,2.0,Buen estado,1951-01-01,7,True,False,True,True,False,3.83,2025-03-08,80-120,6211.39
4684,Sevilla,Santa Cruz,Venta,Piso,248744.0,82.1,3.0,2.0,Buen estado,1969-01-01,1,False,True,False,False,False,7.1,2025-02-03,80-120,3029.77
4685,Sevilla,Triana,Alquiler,Piso,436578.0,117.0,3.0,2.0,Buen estado,1984-01-01,Bajo,False,False,True,True,True,5.16,2024-10-30,80-120,3731.44
4686,Sevilla,Los Remedios,Venta,Piso,343466.0,109.3,3.0,2.0,Buen estado,1971-01-01,3,False,False,False,False,False,6.74,2025-02-20,80-120,3142.42
4687,Sevilla,Los Remedios,Alquiler,Piso,242238.0,89.5,3.0,2.0,Reformado,1980-01-01,7,True,True,True,True,False,5.13,2024-11-04,80-120,2706.57
4688,Sevilla,Los Remedios,Venta,Piso,207168.0,61.8,2.0,1.0,Buen estado,1971-01-01,5,False,True,False,True,False,4.41,2024-10-09,40-80,3352.23
4689,Sevilla,Los Remedios,Venta,Sin_clasificar,,,6.0,2.0,Buen estado,1950-01-01,Bajo,False,False,False,True,False,4.11,2025-04-02,,
4690,Sevilla,Triana,Venta,Ático,225145.0,88.2,3.0,2.0,Buen estado,1967-01-01,Ático,False,False,False,False,True,5.09,2024-11-24,80-120,2552.66
4691,Sevilla,Nervión,Venta,Sin_clasificar,,,2.0,1.0,A reformar,1977-01-01,9,True,False,False,False,False,4.43,2025-03-21,,
4692,Sevilla,Macarena,Venta,Piso,138593.0,44.3,2.0,1.0,Reformado,1986-01-01,4,True,True,False,False,True,6.11,2024-12-30,40-80,3128.51
4693,Sevilla,Triana,Venta,Piso,292046.0,80.7,3.0,2.0,Buen estado,1980-01-01,9,True,True,True,False,False,4.91,2024-12-06,80-120,3618.91
4694,Sevilla,Macarena,Venta,Piso,317456.0,79.5,2.0,1.0,Obra nueva,2023-01-01,4,True,True,False,False,True,4.93,2024-11-23,40-80,3993.16
4695,Sevilla,Santa Cruz,Venta,Piso,258355.0,98.6,3.0,2.0,Obra nueva,2022-01-01,2,True,True,False,True,False,5.39,,80-120,2620.23
4696,Sevilla,Macarena,Venta,Piso,284104.0,69.9,2.0,1.0,Obra nueva,2020-01-01,Bajo,True,True,True,False,True,4.73,2025-04-01,40-80,4064.43
4697,Sevilla,Nervión,Venta,Piso,239166.0,62.6,2.0,1.0,A reformar,1978-01-01,6,True,False,True,True,True,3.1,2024-11-22,40-80,3820.54
4698,Sevilla,Macarena,Alquiler,Sin_clasificar,,,2.0,1.0,A reformar,1983-01-01,1,True,False,False,False,True,5.51,2025-03-19,,
4699,Sevilla,Macarena,Alquiler,Sin_clasificar,,,2.0,2.0,Buen estado,1963-01-01,9,True,False,True,True,True,5.77,2024-12-10,,
4700,Sevilla,Macarena,Alquiler,Piso,,75.6,2.0,1.0,Buen estado,1984-01-01,3,False,False,False,True,True,5.45,2024-12-30,40-80,
4701,Bilbao,Deusto,Venta,Piso,,97.3,3.0,2.0,Buen estado,1995-01-01,1,True,False,True,True,False,6.59,2024-11-14,80-120,
4702,Bilbao,Casco Viejo,Venta,Piso,,76.7,2.0,1.0,Buen estado,1980-01-01,9,True,False,True,False,False,5.5,2025-03-24,40-80,
4703,Bilbao,Indautxu,Venta,Piso,284115.0,89.6,3.0,2.0,Reformado,1988-01-01,5,True,False,False,False,True,5.8,2024-11-15,80-120,3170.93
4704,Bilbao,Casco Viejo,Venta,Piso,561861.0,145.4,4.0,2.0,Obra nueva,2018-01-01,3,True,True,False,False,False,2.78,2025-01-16,120-160,3864.24
4705,Bilbao,Deusto,Venta,Piso,382872.0,96.0,3.0,2.0,Buen estado,1988-01-01,6,True,True,False,True,True,6.3,2024-12-03,80-120,3988.25
4706,Bilbao,Deusto,Venta,Piso,477589.0,97.2,3.0,2.0,Buen estado,1959-01-01,4,False,False,False,False,False,7.82,2025-01-20,80-120,4913.47
4707,Bilbao,Casco Viejo,Alquiler,Piso,385138.0,84.5,3.0,2.0,Buen estado,1966-01-01,8,False,False,False,False,True,3.6,2024-10-27,80-120,4557.85
4708,Bilbao,Indautxu,Venta,Piso,229711.0,51.5,2.0,1.0,Buen estado,1987-01-01,1,False,False,True,False,True,5.86,2025-02-08,40-80,4460.41
4709,Bilbao,Abando,Venta,Piso,314877.0,100.9,3.0,2.0,Buen estado,1996-01-01,7,True,True,True,True,True,4.28,2024-12-25,80-120,3120.68
4710,Bilbao,Deusto,Alquiler,Piso,233140.0,67.7,2.0,1.0,Reformado,1969-01-01,2,True,True,True,True,False,3.83,2025-03-30,40-80,3443.72
4711,Bilbao,Casco Viejo,Alquiler,Piso,206213.0,62.0,2.0,1.0,Reformado,1968-01-01,7,True,False,False,True,False,4.13,,40-80,3326.02
4712,Bilbao,Deusto,Venta,Piso,339698.0,87.6,3.0,2.0,Reformado,2003-01-01,8,False,True,False,False,True,5.46,2025-03-12,80-120,3877.83
4713,Bilbao,Casco Viejo,Alquiler,Piso,490318.0,115.4,3.0,2.0,Buen estado,1995-01-01,5,False,True,False,True,False,4.86,2025-03-14,80-120,4248.86
4714,Bilbao,Deusto,Venta,Piso,421778.0,81.3,3.0,2.0,Reformado,1982-01-01,8,True,True,True,True,False,3.89,2025-01-02,80-120,5187.92
4715,Bilbao,Indautxu,Venta,Piso,274854.0,77.8,2.0,1.0,Buen estado,1967-01-01,7,False,True,True,False,False,2.75,2024-12-12,40-80,3532.83
4716,Bilbao,Abando,Alquiler,Piso,343152.0,85.2,3.0,2.0,Buen estado,1976-01-01,7,True,False,False,False,False,2.7,2025-01-24,80-120,4027.61
4717,Bilbao,Casco Viejo,Venta,Piso,353335.0,88.9,3.0,2.0,Buen estado,1954-01-01,7,True,False,False,True,False,3.97,,80-120,3974.52
4718,Bilbao,Casco Viejo,Venta,Piso,452741.0,107.5,3.0,2.0,Buen estado,1984-01-01,3,True,False,False,False,False,6.88,2024-12-24,80-120,4211.54
4719,Bilbao,Abando,Venta,Piso,220853.0,59.1,2.0,1.0,Obra nueva,2023-01-01,3,True,True,False,True,False,4.04,2024-10-24,40-80,3736.94
4720,Bilbao,Abando,Alquiler,Piso,,99.9,3.0,2.0,Buen estado,2001-01-01,4,False,False,False,False,False,4.19,2024-10-17,80-120,
4721,Bilbao,Casco Viejo,Venta,Sin_clasificar,,,3.0,1.0,Buen estado,1958-01-01,3,True,True,False,False,False,5.49,2024-12-22,,
4722,Bilbao,Deusto,Venta,Piso,277871.0,79.9,2.0,1.0,A reformar,1983-01-01,5,True,True,False,False,False,4.02,2025-03-25,40-80,3477.73
4723,Bilbao,Casco Viejo,Venta,Piso,343169.0,85.8,3.0,2.0,Buen estado,1991-01-01,3,True,False,True,False,False,5.93,2025-03-31,80-120,3999.64
4724,Bilbao,Indautxu,Alquiler,Ático,251668.0,72.4,2.0,1.0,Buen estado,1971-01-01,Ático,True,False,False,False,False,7.96,2025-03-29,40-80,3476.08
4725,Bilbao,Abando,Alquiler,Piso,233373.0,72.5,2.0,1.0,Buen estado,1975-01-01,9,False,True,False,False,False,5.5,2024-10-29,40-80,3218.94
4726,Bilbao,Abando,Venta,Ático,213173.0,53.4,2.0,1.0,Buen estado,2007-01-01,Ático,True,True,False,True,False,6.21,2025-01-09,40-80,3992.0
4727,Bilbao,Casco Viejo,Venta,Piso,270136.0,73.9,2.0,1.0,Obra nueva,2022-01-01,9,False,True,False,True,False,3.82,2025-03-09,40-80,3655.43
4728,Bilbao,Casco Viejo,Alquiler,Piso,385515.0,104.8,3.0,2.0,Buen estado,1989-01-01,1,False,True,False,True,False,5.17,2025-04-01,80-120,3678.58
4729,Bilbao,Deusto,Venta,Piso,333057.0,86.0,3.0,2.0,Buen estado,1988-01-01,4,True,True,False,True,False,6.09,2025-01-19,80-120,3872.76
4730,Bilbao,Casco Viejo,Venta,Piso,484472.0,108.7,3.0,2.0,Buen estado,1994-01-01,6,True,False,False,False,False,6.02,,80-120,4456.96
4731,Bilbao,Casco Viejo,Venta,Piso,351848.0,96.1,3.0,2.0,Buen estado,2020-01-01,7,False,False,False,False,True,4.05,2025-03-07,80-120,3661.27
4732,Bilbao,Casco Viejo,Venta,Piso,453157.0,106.8,3.0,2.0,Obra nueva,2021-01-01,8,True,False,True,False,False,3.08,2024-11-15,80-120,4243.04
4733,Bilbao,Abando,Alquiler,Piso,223184.0,55.8,2.0,1.0,Buen estado,1990-01-01,5,True,True,False,False,True,6.57,2025-03-11,40-80,3999.71
4734,Bilbao,Deusto,Venta,Piso,400079.0,96.0,3.0,2.0,Buen estado,1992-01-01,2,True,False,False,True,True,5.77,2025-04-06,80-120,4167.49
4735,Bilbao,Indautxu,Venta,Piso,,115.0,3.0,2.0,Buen estado,2007-01-01,2,False,True,False,True,False,2.73,2025-02-13,80-120,
4736,Bilbao,Casco Viejo,Alquiler,Piso,362919.0,73.4,2.0,1.0,Buen estado,1996-01-01,7,True,False,False,False,False,5.75,2025-04-01,40-80,4944.4
4737,Bilbao,Indautxu,Venta,Piso,390103.0,104.2,3.0,2.0,Reformado,1964-01-01,1,False,True,False,True,False,5.64,2024-12-12,80-120,3743.79
4738,Bilbao,Abando,Venta,Piso,747060.0,140.0,4.0,2.0,Buen estado,1964-01-01,6,True,False,False,False,False,3.58,2025-01-13,120-160,5336.14
4739,Bilbao,Abando,Venta,Piso,360349.0,83.3,3.0,2.0,Reformado,1982-01-01,3,False,False,False,False,False,8.02,2025-02-27,80-120,4325.92
4740,Bilbao,Abando,Venta,Estudio,137124.0,30.0,0.0,1.0,Buen estado,2018-01-01,2,False,True,False,False,False,8.85,2024-12-14,0-40,4570.8
4741,Bilbao,Casco Viejo,Venta,Piso,831438.0,190.4,5.0,3.0,Buen estado,1977-01-01,3,False,True,False,True,True,5.61,2024-12-31,160-200,4366.8
4742,Bilbao,Deusto,Venta,Ático,352454.0,82.9,3.0,2.0,Reformado,1995-01-01,Ático,False,True,False,True,True,6.94,2024-11-20,80-120,4251.56
4743,Bilbao,Indautxu,Alquiler,Piso,251169.0,60.5,2.0,1.0,Buen estado,1984-01-01,5,True,False,False,True,False,7.63,2024-10-30,40-80,4151.55
4744,Bilbao,Casco Viejo,Venta,Piso,360682.0,86.6,3.0,2.0,Reformado,1982-01-01,7,False,False,False,True,True,4.21,2024-12-25,80-120,4164.92
4745,Bilbao,Abando,Venta,Piso,420611.0,105.1,3.0,2.0,Reformado,2007-01-01,1,False,False,True,False,False,7.33,2025-02-15,80-120,4002.01
4746,Bilbao,Indautxu,Venta,Piso,335352.0,72.2,2.0,1.0,Buen estado,1975-01-01,4,False,False,False,True,False,7.4,2025-01-24,40-80,4644.76
4747,Bilbao,Deusto,Venta,Sin_clasificar,,,3.0,1.0,Buen estado,2001-01-01,9,True,True,False,True,True,6.54,2025-02-20,,
4748,Bilbao,Deusto,Venta,Piso,287421.0,76.2,2.0,1.0,Buen estado,1958-01-01,9,False,False,True,True,False,5.09,2024-12-31,40-80,3771.93
4749,Bilbao,Deusto,Alquiler,Piso,409544.0,96.0,3.0,2.0,Buen estado,1995-01-01,9,False,False,False,True,False,5.18,2025-02-19,80-120,4266.08
4750,Bilbao,Deusto,Alquiler,Piso,281825.0,66.7,2.0,1.0,A reformar,1986-01-01,2,True,False,False,False,False,,2025-02-27,40-80,4225.26
4751,Bilbao,Casco Viejo,Venta,Piso,484062.0,106.5,3.0,2.0,Obra nueva,2018-01-01,6,True,True,False,False,True,6.94,2025-02-03,80-120,4545.18
4752,Bilbao,Deusto,Alquiler,Piso,498332.0,121.7,4.0,2.0,Buen estado,1986-01-01,1,False,False,True,False,False,6.63,2025-03-08,120-160,4094.76
4753,Bilbao,Indautxu,Venta,Piso,348831.0,87.5,3.0,2.0,Buen estado,1988-01-01,8,True,False,False,False,False,4.24,2024-10-19,80-120,3986.64
4754,Bilbao,Abando,Alquiler,Piso,271275.0,81.4,3.0,2.0,Buen estado,1985-01-01,4,False,False,True,True,True,4.1,2025-01-15,80-120,3332.62
4755,Bilbao,Indautxu,Venta,Piso,379634.0,93.3,3.0,2.0,A reformar,2007-01-01,2,False,True,True,False,False,5.5,2024-12-27,80-120,4068.96
4756,Bilbao,Indautxu,Venta,Piso,366864.0,93.1,3.0,2.0,Buen estado,1959-01-01,7,True,True,False,True,False,2.4,2024-12-09,80-120,3940.54
4757,Bilbao,Abando,Alquiler,Piso,199548.0,66.5,2.0,1.0,Buen estado,1976-01-01,1,True,True,False,False,True,1.34,2025-02-17,40-80,3000.72
4758,Bilbao,Deusto,Venta,Piso,459768.0,105.7,3.0,2.0,Buen estado,1961-01-01,1,False,False,False,False,False,6.32,2024-12-23,80-120,4349.74
4759,Bilbao,Casco Viejo,Venta,Ático,229773.0,83.7,3.0,2.0,Buen estado,1986-01-01,Ático,True,False,False,True,True,4.19,2025-01-08,80-120,2745.2
4760,Bilbao,Deusto,Venta,Sin_clasificar,,,1.0,2.0,Buen estado,1981-01-01,3,True,False,False,False,True,2.67,2024-10-18,,
4761,Bilbao,Indautxu,Venta,Piso,487970.0,103.0,3.0,2.0,Buen estado,1975-01-01,7,False,True,True,True,False,,2025-02-22,80-120,4737.57
4762,Bilbao,Abando,Venta,Piso,489382.0,100.2,3.0,2.0,Buen estado,1989-01-01,6,True,False,False,False,False,4.55,2025-01-09,80-120,4884.05
4763,Bilbao,Deusto,Venta,Piso,409531.0,98.2,3.0,2.0,Buen estado,1974-01-01,6,False,True,True,True,False,5.53,2024-12-08,80-120,4170.38
4764,Bilbao,Deusto,Venta,Piso,225228.0,53.0,2.0,1.0,Buen estado,1998-01-01,8,False,False,False,True,False,3.5,2024-11-25,40-80,4249.58
4765,Bilbao,Abando,Venta,Piso,699877.0,169.32,5.0,3.0,Reformado,2005-01-01,9,False,False,False,True,False,3.27,2024-12-16,160-200,4133.46
4766,Bilbao,Deusto,Venta,Piso,223002.0,62.4,2.0,1.0,Buen estado,1979-01-01,9,False,False,False,True,False,6.96,2024-11-04,40-80,3573.75
4767,Bilbao,Abando,Venta,Piso,244229.0,55.6,2.0,1.0,Buen estado,1982-01-01,6,False,False,False,False,True,4.82,2025-03-22,40-80,4392.61
4768,Bilbao,Casco Viejo,Venta,Piso,567236.0,163.4,5.0,3.0,Buen estado,1987-01-01,8,True,False,True,False,False,3.7,2025-03-20,160-200,3471.46
4769,Bilbao,Indautxu,Venta,Piso,,74.9,2.0,1.0,Obra nueva,2018-01-01,6,True,False,False,True,False,4.68,2025-02-23,40-80,
4770,Bilbao,Indautxu,Venta,Ático,378623.0,86.5,3.0,2.0,Buen estado,1981-01-01,Ático,True,False,False,False,False,7.16,2024-10-30,80-120,4377.14
4771,Bilbao,Casco Viejo,Venta,Piso,349959.0,110.1,3.0,2.0,Buen estado,2006-01-01,6,False,False,False,False,False,6.32,2025-03-16,80-120,3178.56
4772,Bilbao,Casco Viejo,Alquiler,Piso,231015.0,69.5,2.0,1.0,Buen estado,2006-01-01,4,True,False,False,False,False,3.77,2025-02-13,40-80,3323.96
4773,Bilbao,Abando,Alquiler,Piso,,75.5,2.0,1.0,Buen estado,1985-01-01,2,True,False,False,False,False,3.04,2025-03-27,40-80,
4774,Bilbao,Deusto,Venta,Piso,235818.0,58.7,2.0,1.0,Buen estado,1964-01-01,7,True,False,True,True,True,5.16,2024-10-21,40-80,4017.34
4775,Bilbao,Indautxu,Venta,Ático,310943.0,78.9,2.0,1.0,A reformar,1954-01-01,Ático,True,True,False,False,True,4.67,2025-02-04,40-80,3940.98
4776,Bilbao,Deusto,Venta,Piso,340944.0,78.8,2.0,1.0,Obra nueva,2020-01-01,3,True,True,True,True,False,5.35,,40-80,4326.7
4777,Bilbao,Casco Viejo,Alquiler,Piso,280298.0,77.8,2.0,1.0,Buen estado,1968-01-01,4,True,False,False,True,True,2.64,2025-01-02,40-80,3602.8
4778,Bilbao,Indautxu,Alquiler,Piso,203457.0,59.0,2.0,1.0,Buen estado,1968-01-01,8,False,False,False,True,False,3.19,2025-03-22,40-80,3448.42
4779,Bilbao,Abando,Alquiler,Piso,292434.0,72.6,2.0,1.0,Buen estado,2004-01-01,8,True,False,True,False,False,5.78,2025-01-19,40-80,4028.02
4780,Bilbao,Abando,Alquiler,Piso,275699.0,76.2,2.0,1.0,Buen estado,1988-01-01,2,True,False,False,True,False,3.55,2024-11-24,40-80,3618.1
4781,Bilbao,Deusto,Venta,Piso,167609.0,40.3,2.0,1.0,Obra nueva,2021-01-01,4,False,False,False,True,False,6.57,2025-02-01,40-80,4159.03
4782,Bilbao,Casco Viejo,Venta,Piso,288129.0,68.0,2.0,1.0,Buen estado,1973-01-01,9,False,False,False,True,False,2.24,2024-10-14,40-80,4237.19
4783,Bilbao,Deusto,Alquiler,Piso,330638.0,90.0,3.0,2.0,A reformar,2020-01-01,9,True,False,False,False,True,3.76,2025-02-15,80-120,3673.76
4784,Bilbao,Deusto,Venta,Piso,222001.0,58.7,2.0,1.0,Buen estado,2009-01-01,Bajo,False,False,False,False,False,4.83,2024-11-02,40-80,3781.96
4785,Bilbao,Casco Viejo,Venta,Piso,298931.0,80.1,3.0,2.0,Buen estado,1979-01-01,2,False,True,False,False,False,6.08,2024-12-04,80-120,3731.97
4786,Bilbao,Casco Viejo,Venta,Piso,300484.0,83.0,3.0,2.0,Buen estado,1954-01-01,6,True,False,False,False,False,3.92,,80-120,3620.29
4787,Bilbao,Casco Viejo,Venta,Piso,326843.0,82.9,3.0,2.0,Buen estado,1967-01-01,3,True,False,False,True,False,4.05,2024-10-27,80-120,3942.62
4788,Bilbao,Indautxu,Venta,Piso,428464.0,96.9,3.0,2.0,Buen estado,1996-01-01,2,True,False,False,False,False,9.5,2024-11-13,80-120,4421.71
4789,Bilbao,Abando,Alquiler,Piso,637466.0,152.2,4.0,2.0,Obra nueva,2019-01-01,8,False,True,True,True,True,5.4,2025-01-14,120-160,4188.34
4790,Bilbao,Abando,Alquiler,Ático,317065.0,80.4,3.0,2.0,Buen estado,1988-01-01,Ático,False,True,False,False,True,6.48,2025-01-31,80-120,3943.59
4791,Bilbao,Abando,Alquiler,Piso,247848.0,58.7,2.0,1.0,Buen estado,1996-01-01,Bajo,False,True,False,False,False,4.25,2024-12-01,40-80,4222.28
4792,Bilbao,Deusto,Venta,Piso,312920.0,66.3,2.0,1.0,Buen estado,1997-01-01,8,True,False,True,False,True,6.33,2025-03-08,40-80,4719.76
4793,Bilbao,Deusto,Alquiler,Piso,230478.0,46.8,2.0,1.0,A reformar,2005-01-01,9,True,True,False,False,True,3.67,2024-12-22,40-80,4924.74
4794,Bilbao,Deusto,Venta,Piso,372578.0,103.1,3.0,2.0,Buen estado,1985-01-01,7,True,True,False,True,False,3.32,2025-03-02,80-120,3613.75
4795,Bilbao,Abando,Alquiler,Piso,354167.0,73.8,2.0,1.0,Buen estado,1973-01-01,8,True,False,False,False,True,4.46,2024-12-09,40-80,4799.01
4796,Bilbao,Deusto,Alquiler,Piso,270339.0,68.3,2.0,1.0,Buen estado,2001-01-01,3,False,False,False,False,False,6.82,2025-03-21,40-80,3958.11
4797,Bilbao,Abando,Alquiler,Ático,394195.0,95.3,3.0,2.0,Buen estado,1981-01-01,Ático,True,True,False,False,True,3.28,2025-01-17,80-120,4136.36
4798,Bilbao,Casco Viejo,Venta,Piso,234874.0,59.1,2.0,1.0,Reformado,1969-01-01,8,True,False,False,False,False,5.86,2025-01-20,40-80,3974.18
4799,Bilbao,Casco Viejo,Alquiler,Piso,295919.0,59.7,2.0,1.0,Buen estado,2014-01-01,2,True,True,False,False,True,,2025-03-09,40-80,4956.77
4800,Bilbao,Indautxu,Venta,Ático,338765.0,89.3,3.0,2.0,Buen estado,1999-01-01,Ático,False,False,True,False,True,2.82,2024-11-25,80-120,3793.56
4801,Bilbao,Indautxu,Venta,Piso,211983.0,75.0,2.0,1.0,Buen estado,2001-01-01,Bajo,False,False,False,False,True,3.64,2024-11-06,40-80,2826.44
4802,Bilbao,Indautxu,Venta,Sin_clasificar,,,1.0,1.0,Buen estado,1980-01-01,8,True,False,True,False,False,,2025-02-17,,
4803,Bilbao,Deusto,Venta,Piso,320685.0,83.0,3.0,2.0,Buen estado,1968-01-01,6,True,True,False,True,False,2.0,2025-02-10,80-120,3863.67
4804,Bilbao,Casco Viejo,Venta,Piso,267061.0,67.7,2.0,1.0,Buen estado,1990-01-01,6,True,False,True,False,False,2.39,2024-12-19,40-80,3944.77
4805,Bilbao,Deusto,Alquiler,Piso,348518.0,109.0,3.0,2.0,A reformar,1985-01-01,4,False,True,True,True,True,5.08,2025-03-05,80-120,3197.41
4806,Bilbao,Deusto,Alquiler,Piso,227677.0,68.7,2.0,1.0,Buen estado,2002-01-01,3,True,True,True,False,False,6.21,2025-01-08,40-80,3314.08
4807,Bilbao,Indautxu,Venta,Ático,449959.0,112.2,3.0,2.0,Reformado,1989-01-01,Ático,False,False,False,False,False,3.77,2025-01-01,80-120,4010.33
4808,Bilbao,Indautxu,Alquiler,Piso,197458.0,53.4,2.0,1.0,Buen estado,1986-01-01,8,True,False,False,True,False,6.98,,40-80,3697.72
4809,Bilbao,Deusto,Venta,Piso,469220.0,102.2,3.0,2.0,Obra nueva,2020-01-01,8,True,False,False,True,False,5.2,2025-01-15,80-120,4591.19
4810,Bilbao,Indautxu,Venta,Ático,262578.0,62.8,2.0,1.0,Buen estado,1991-01-01,Ático,True,True,False,False,False,,2024-11-08,40-80,4181.18
4811,Bilbao,Casco Viejo,Venta,Piso,387429.0,97.1,3.0,2.0,Buen estado,1975-01-01,6,True,False,False,False,False,4.45,2025-01-08,80-120,3990.0
4812,Bilbao,Deusto,Venta,Piso,265144.0,74.5,2.0,1.0,Buen estado,1978-01-01,4,False,True,True,True,True,3.87,2024-11-06,40-80,3558.98
4813,Bilbao,Casco Viejo,Venta,Piso,285136.0,75.3,2.0,1.0,Buen estado,1992-01-01,Bajo,True,True,True,False,True,7.03,2024-10-21,40-80,3786.67
4814,Bilbao,Indautxu,Venta,Piso,255506.0,78.9,2.0,1.0,Buen estado,1977-01-01,1,True,True,False,False,False,3.64,2025-01-18,40-80,3238.35
4815,Bilbao,Indautxu,Alquiler,Piso,264590.0,68.9,2.0,1.0,Obra nueva,2022-01-01,7,True,False,True,False,False,3.16,2025-03-24,40-80,3840.2
4816,Bilbao,Indautxu,Venta,Piso,444187.0,92.6,3.0,2.0,Buen estado,1958-01-01,4,True,False,False,True,False,6.14,2025-02-24,80-120,4796.84
4817,Bilbao,Indautxu,Venta,Piso,301762.0,81.0,3.0,2.0,Buen estado,1984-01-01,6,False,False,True,False,False,5.93,2025-01-22,80-120,3725.46
4818,Bilbao,Abando,Venta,Ático,357653.0,85.8,3.0,2.0,Buen estado,1984-01-01,Ático,False,True,False,True,True,6.64,2025-04-04,80-120,4168.45
4819,Bilbao,Abando,Alquiler,Piso,307672.0,84.8,3.0,2.0,Reformado,1988-01-01,Bajo,False,True,False,True,False,7.36,,80-120,3628.21
4820,Bilbao,Abando,Alquiler,Piso,221054.0,59.6,2.0,1.0,Buen estado,1978-01-01,Bajo,False,True,False,False,False,6.77,2024-10-27,40-80,3708.96
4821,Bilbao,Deusto,Alquiler,Piso,423687.0,98.8,3.0,2.0,Buen estado,2000-01-01,8,True,True,False,True,False,5.7,2025-01-19,80-120,4288.33
4822,Bilbao,Casco Viejo,Alquiler,Piso,262245.0,61.3,2.0,1.0,Reformado,1976-01-01,5,False,True,True,False,False,3.31,2024-12-14,40-80,4278.06
4823,Bilbao,Deusto,Venta,Piso,374760.0,99.6,3.0,2.0,Buen estado,1961-01-01,2,True,True,False,False,False,7.07,2025-01-17,80-120,3762.65
4824,Bilbao,Abando,Venta,Piso,221869.0,58.8,2.0,1.0,Reformado,2001-01-01,6,False,True,False,False,True,4.92,2025-03-20,40-80,3773.28
4825,Bilbao,Indautxu,Venta,Piso,357836.0,89.6,3.0,2.0,Buen estado,1964-01-01,3,False,False,False,False,False,3.65,2025-01-18,80-120,3993.71
4826,Bilbao,Deusto,Venta,Piso,291264.0,78.3,2.0,1.0,Buen estado,1990-01-01,2,False,True,True,False,False,7.72,2025-02-21,40-80,3719.85
4827,Bilbao,Deusto,Venta,Piso,402243.0,82.4,3.0,2.0,Reformado,2001-01-01,2,True,False,False,True,False,4.41,2025-02-14,80-120,4881.59
4828,Bilbao,Deusto,Alquiler,Piso,492889.0,112.6,3.0,2.0,Buen estado,1961-01-01,5,True,False,True,True,True,5.51,2024-12-30,80-120,4377.34
4829,Bilbao,Indautxu,Venta,Piso,463382.0,105.5,3.0,2.0,Buen estado,1985-01-01,7,True,True,True,True,False,5.42,2025-01-04,80-120,4392.25
4830,Bilbao,Deusto,Venta,Piso,332103.0,77.5,2.0,1.0,Buen estado,1994-01-01,2,True,False,False,False,False,6.34,,40-80,4285.2
4831,Bilbao,Deusto,Venta,Ático,381366.0,76.8,2.0,1.0,Buen estado,1985-01-01,Ático,True,True,True,True,False,3.35,2025-02-17,40-80,4965.7
4832,Bilbao,Deusto,Venta,Piso,434313.0,93.9,3.0,2.0,Buen estado,1986-01-01,9,False,True,False,True,False,5.31,2024-10-14,80-120,4625.27
4833,Bilbao,Casco Viejo,Alquiler,Piso,331237.0,81.0,3.0,2.0,Obra nueva,2022-01-01,9,True,False,False,True,True,5.83,2024-11-03,80-120,4089.35
4834,Bilbao,Abando,Venta,Piso,558673.0,112.1,3.0,2.0,Buen estado,1978-01-01,9,False,True,False,True,True,4.8,2025-03-31,80-120,4983.7
4835,Bilbao,Deusto,Venta,Piso,384449.0,115.6,3.0,2.0,Buen estado,1964-01-01,2,True,False,False,True,False,6.04,2025-01-03,80-120,3325.68
4836,Bilbao,Indautxu,Venta,Piso,388417.0,94.0,3.0,2.0,Buen estado,1971-01-01,8,False,False,False,False,False,4.76,,80-120,4132.1
4837,Bilbao,Indautxu,Venta,Sin_clasificar,,,1.0,1.0,Buen estado,1964-01-01,7,False,True,True,True,False,5.48,2024-12-17,,
4838,Bilbao,Casco Viejo,Venta,Piso,248671.0,70.2,2.0,1.0,Obra nueva,2022-01-01,Bajo,False,True,True,True,True,8.45,2025-02-09,40-80,3542.32
4839,Bilbao,Abando,Venta,Ático,219131.0,70.8,2.0,1.0,Buen estado,1993-01-01,Ático,False,False,False,False,False,4.17,2024-12-01,40-80,3095.07
4840,Bilbao,Deusto,Venta,Ático,322725.0,81.4,3.0,2.0,Buen estado,1997-01-01,Ático,False,False,True,True,False,7.16,2025-02-12,80-120,3964.68
4841,Bilbao,Abando,Venta,Piso,258152.0,69.5,2.0,1.0,Buen estado,1985-01-01,2,True,False,False,True,False,5.29,2024-10-09,40-80,3714.42
4842,Bilbao,Deusto,Alquiler,Piso,256556.0,60.5,2.0,1.0,Buen estado,1973-01-01,6,True,False,False,True,False,7.28,2025-04-04,40-80,4240.6
4843,Bilbao,Indautxu,Venta,Piso,256749.0,82.0,3.0,2.0,Buen estado,1955-01-01,9,True,False,False,True,True,3.38,2025-02-04,80-120,3131.09
4844,Bilbao,Casco Viejo,Venta,Piso,303101.0,87.8,3.0,2.0,Buen estado,1958-01-01,1,True,False,False,False,True,3.43,2025-01-02,80-120,3452.18
4845,Bilbao,Deusto,Venta,Sin_clasificar,,,3.0,1.0,Obra nueva,2022-01-01,4,True,False,True,False,False,8.92,2024-12-09,,
4846,Bilbao,Abando,Alquiler,Piso,279301.0,67.2,2.0,1.0,Buen estado,2002-01-01,7,False,False,True,False,False,5.94,2024-11-12,40-80,4156.26
4847,Bilbao,Indautxu,Venta,Piso,434631.0,111.4,3.0,2.0,A reformar,1988-01-01,5,False,True,False,False,False,3.72,2025-01-19,80-120,3901.54
4848,Bilbao,Deusto,Venta,Ático,368647.0,95.7,3.0,2.0,Buen estado,1984-01-01,Ático,True,False,False,False,True,4.3,2025-02-10,80-120,3852.11
4849,Bilbao,Deusto,Venta,Piso,318035.0,92.8,3.0,2.0,Reformado,1985-01-01,5,True,True,False,False,False,5.73,2025-02-05,80-120,3427.1
4850,Bilbao,Indautxu,Venta,Piso,300370.0,88.9,3.0,2.0,Buen estado,1968-01-01,2,True,False,True,True,True,3.04,2025-02-23,80-120,3378.74
4851,Bilbao,Deusto,Alquiler,Ático,429523.0,92.7,3.0,2.0,Buen estado,2000-01-01,Ático,True,False,False,False,True,5.25,2025-03-07,80-120,4633.47
4852,Bilbao,Deusto,Venta,Piso,406780.0,87.9,3.0,2.0,Obra nueva,2020-01-01,8,True,True,False,True,True,4.71,2024-11-03,80-120,4627.76
4853,Bilbao,Casco Viejo,Venta,Piso,205745.0,59.3,2.0,1.0,Reformado,1979-01-01,8,True,False,True,True,False,4.92,2024-12-15,40-80,3469.56
4854,Bilbao,Abando,Alquiler,Ático,282732.0,74.2,2.0,1.0,Buen estado,2008-01-01,Ático,True,False,False,False,True,9.69,2025-03-21,40-80,3810.4
4855,Bilbao,Deusto,Venta,Piso,421044.0,91.3,3.0,2.0,Buen estado,2004-01-01,4,True,False,True,True,True,2.6,2025-01-19,80-120,4611.65
4856,Bilbao,Casco Viejo,Venta,Ático,236341.0,86.9,3.0,2.0,Obra nueva,2021-01-01,Ático,True,True,True,True,False,5.97,2025-03-09,80-120,2719.69
4857,Bilbao,Casco Viejo,Alquiler,Piso,159301.0,55.0,2.0,1.0,Buen estado,2015-01-01,4,True,False,False,True,False,6.19,2024-11-09,40-80,2896.38
4858,Bilbao,Deusto,Alquiler,Piso,210050.0,42.9,2.0,1.0,A reformar,1996-01-01,8,True,False,False,False,True,3.14,2024-12-03,40-80,4896.27
4859,Bilbao,Casco Viejo,Alquiler,Piso,468897.0,108.1,3.0,2.0,Obra nueva,2018-01-01,1,True,True,False,False,False,2.69,2025-02-04,80-120,4337.62
4860,Bilbao,Abando,Venta,Piso,186399.0,49.8,2.0,1.0,Buen estado,2001-01-01,1,True,False,False,False,False,4.62,,40-80,3742.95
4861,Bilbao,Deusto,Venta,Piso,,90.8,3.0,2.0,Obra nueva,2018-01-01,7,False,False,True,True,False,3.0,2024-10-18,80-120,
4862,Bilbao,Casco Viejo,Venta,Piso,286110.0,78.6,2.0,1.0,Buen estado,1973-01-01,Bajo,False,True,False,True,False,5.21,2025-02-11,40-80,3640.08
4863,Bilbao,Casco Viejo,Alquiler,Piso,455849.0,96.8,3.0,2.0,Buen estado,2001-01-01,5,True,False,True,True,True,,2025-04-01,80-120,4709.18
4864,Bilbao,Abando,Venta,Piso,258518.0,69.9,2.0,1.0,Buen estado,1983-01-01,5,False,False,False,False,False,3.47,2025-03-06,40-80,3698.4
4865,Bilbao,Indautxu,Venta,Sin_clasificar,,,5.0,1.0,Reformado,1996-01-01,6,False,False,False,False,False,4.16,2025-01-30,,
4866,Bilbao,Casco Viejo,Venta,Piso,190549.0,51.1,2.0,1.0,Buen estado,2009-01-01,6,False,False,False,True,False,3.77,2025-02-10,40-80,3728.94
4867,Bilbao,Indautxu,Venta,Piso,226122.0,67.8,2.0,1.0,Buen estado,1952-01-01,8,False,False,True,False,False,4.31,2025-03-10,40-80,3335.13
4868,Bilbao,Casco Viejo,Venta,Piso,280516.0,73.2,2.0,1.0,Buen estado,1983-01-01,8,True,True,False,True,False,7.03,2025-02-23,40-80,3832.19
4869,Bilbao,Indautxu,Venta,Piso,290193.0,62.9,2.0,1.0,Buen estado,1984-01-01,5,True,False,False,True,False,7.99,2024-11-05,40-80,4613.56
4870,Bilbao,Indautxu,Venta,Piso,246639.0,74.2,2.0,1.0,Buen estado,2006-01-01,9,True,True,True,False,False,3.27,2025-02-05,40-80,3323.98
4871,Bilbao,Deusto,Venta,Piso,235956.0,52.5,2.0,1.0,A reformar,1981-01-01,3,False,False,False,True,False,5.44,2025-01-27,40-80,4494.4
4872,Bilbao,Casco Viejo,Alquiler,Piso,412305.0,94.3,3.0,2.0,Buen estado,1983-01-01,9,False,False,False,True,True,5.77,2025-01-22,80-120,4372.27
4873,Bilbao,Casco Viejo,Alquiler,Piso,186926.0,47.9,2.0,1.0,A reformar,1998-01-01,4,False,True,False,True,False,5.23,2025-02-19,40-80,3902.42
4874,Bilbao,Abando,Venta,Ático,289998.0,83.9,3.0,2.0,A reformar,1978-01-01,Ático,True,False,False,False,False,5.15,2024-10-11,80-120,3456.47
4875,Bilbao,Abando,Alquiler,Piso,,54.3,2.0,1.0,Buen estado,2003-01-01,5,True,False,False,True,True,3.97,2025-03-18,40-80,
4876,Bilbao,Casco Viejo,Alquiler,Piso,253847.0,74.2,2.0,1.0,Buen estado,1968-01-01,Bajo,True,True,False,True,False,3.28,2025-02-17,40-80,3421.12
4877,Bilbao,Indautxu,Alquiler,Ático,347064.0,84.6,3.0,2.0,Reformado,1983-01-01,Ático,True,False,False,True,False,5.3,2025-01-23,80-120,4102.41
4878,Bilbao,Indautxu,Alquiler,Piso,178700.0,54.7,2.0,1.0,Buen estado,1996-01-01,4,True,False,False,False,False,6.9,2024-10-26,40-80,3266.91
4879,Bilbao,Indautxu,Alquiler,Piso,332650.0,84.3,3.0,2.0,Buen estado,1969-01-01,6,True,False,False,True,True,4.48,2025-03-07,80-120,3946.03
4880,Bilbao,Abando,Venta,Piso,400279.0,103.9,3.0,2.0,Buen estado,1988-01-01,3,False,False,False,False,False,3.47,2024-11-20,80-120,3852.54
4881,Bilbao,Abando,Venta,Piso,301158.0,78.2,2.0,1.0,Buen estado,1980-01-01,2,True,True,False,True,True,7.77,2025-01-13,40-80,3851.13
4882,Bilbao,Abando,Alquiler,Piso,395682.0,113.2,3.0,2.0,Obra nueva,2022-01-01,9,True,True,True,True,True,4.02,2024-11-15,80-120,3495.42
4883,Bilbao,Deusto,Alquiler,Piso,374294.0,94.2,3.0,2.0,Buen estado,2004-01-01,5,True,False,False,True,False,,2025-02-01,80-120,3973.4
4884,Bilbao,Deusto,Venta,Piso,466921.0,116.6,3.0,2.0,Reformado,1992-01-01,3,True,False,False,True,True,2.64,2024-11-24,80-120,4004.47
4885,Bilbao,Deusto,Venta,Piso,385350.0,87.4,3.0,2.0,Buen estado,1998-01-01,1,True,False,False,True,True,7.32,2024-11-06,80-120,4409.04
4886,Bilbao,Abando,Alquiler,Piso,327701.0,76.7,2.0,1.0,Buen estado,1971-01-01,5,True,False,False,False,False,8.49,2024-10-30,40-80,4272.5
4887,Bilbao,Indautxu,Venta,Piso,280633.0,78.5,2.0,1.0,Buen estado,1992-01-01,Bajo,False,False,False,False,False,6.57,2025-04-02,40-80,3574.94
4888,Bilbao,Deusto,Venta,Piso,248423.0,66.8,2.0,1.0,Obra nueva,2023-01-01,8,True,False,False,True,False,4.6,2024-11-03,40-80,3718.91
4889,Bilbao,Indautxu,Venta,Piso,273560.0,70.7,2.0,1.0,Buen estado,1986-01-01,4,True,False,False,True,True,4.83,2024-11-03,40-80,3869.31
4890,Bilbao,Deusto,Alquiler,Ático,230973.0,57.3,2.0,1.0,Buen estado,1967-01-01,Ático,False,True,False,False,False,7.1,2024-11-12,40-80,4030.94
4891,Bilbao,Indautxu,Venta,Piso,277084.0,59.8,2.0,1.0,Buen estado,1965-01-01,3,True,False,False,False,False,,2024-11-28,40-80,4633.51
4892,Bilbao,Indautxu,Venta,Piso,429096.0,109.1,3.0,2.0,Reformado,2004-01-01,1,False,True,False,True,False,2.7,2024-11-25,80-120,3933.05
4893,Bilbao,Casco Viejo,Venta,Piso,324337.0,95.1,3.0,2.0,Buen estado,1999-01-01,3,True,False,False,False,True,7.06,2024-10-09,80-120,3410.48
4894,Bilbao,Casco Viejo,Alquiler,Piso,519244.0,104.6,3.0,2.0,Buen estado,1991-01-01,7,True,False,False,True,True,6.24,2024-10-20,80-120,4964.09
4895,Bilbao,Abando,Alquiler,Piso,328640.0,83.2,3.0,2.0,Buen estado,1973-01-01,1,True,False,True,False,False,4.22,2025-02-25,80-120,3950.0
4896,Bilbao,Indautxu,Alquiler,Piso,616276.0,70.1,2.0,1.0,Obra nueva,2020-01-01,Bajo,True,True,False,False,False,5.64,2025-02-09,40-80,8791.38
4897,Bilbao,Casco Viejo,Venta,Sin_clasificar,,,3.0,1.0,Buen estado,1973-01-01,6,False,False,False,False,False,7.11,2024-11-25,,
4898,Bilbao,Abando,Venta,Piso,320728.0,88.7,3.0,2.0,Buen estado,1990-01-01,8,True,True,True,True,True,4.51,2025-01-18,80-120,3615.87
4899,Bilbao,Abando,Venta,Sin_clasificar,,,3.0,2.0,Buen estado,1990-01-01,9,False,False,True,False,False,7.9,2024-12-04,,
4900,Bilbao,Abando,Venta,Piso,570535.0,136.0,4.0,2.0,Buen estado,1971-01-01,4,False,False,True,False,False,2.89,2025-03-25,120-160,4195.11
4901,Bilbao,Deusto,Alquiler,Piso,339432.0,77.4,2.0,1.0,Buen estado,1973-01-01,4,False,False,False,False,True,2.97,2024-11-05,40-80,4385.43
4902,Bilbao,Abando,Venta,Piso,455826.0,114.9,3.0,2.0,Reformado,1973-01-01,3,False,False,False,True,True,2.1,2025-03-13,80-120,3967.15
4903,Bilbao,Abando,Venta,Piso,362637.0,83.4,3.0,2.0,Obra nueva,2022-01-01,Bajo,False,True,True,True,True,4.07,2025-03-02,80-120,4348.17
4904,Bilbao,Casco Viejo,Venta,Ático,127028.0,41.8,2.0,1.0,Buen estado,1983-01-01,Ático,False,True,False,False,True,5.69,2024-11-07,40-80,3038.95
4905,Bilbao,Casco Viejo,Venta,Piso,443781.0,102.8,3.0,2.0,Buen estado,1965-01-01,5,True,False,False,True,False,5.17,2025-03-01,80-120,4316.94
4906,Bilbao,Abando,Venta,Piso,417352.0,79.0,2.0,1.0,Buen estado,1969-01-01,6,False,False,False,False,False,,2025-02-04,40-80,5282.94
4907,Bilbao,Abando,Venta,Piso,378573.0,89.8,3.0,2.0,A reformar,1964-01-01,3,True,True,True,False,False,6.66,2024-10-26,80-120,4215.73
4908,Bilbao,Indautxu,Venta,Piso,246291.0,59.7,2.0,1.0,Buen estado,1968-01-01,5,True,True,False,False,False,6.36,2024-11-21,40-80,4125.48
4909,Bilbao,Casco Viejo,Alquiler,Sin_clasificar,,,3.0,2.0,Buen estado,1969-01-01,9,False,False,False,False,False,5.48,2024-10-15,,
4910,Bilbao,Casco Viejo,Venta,Piso,206280.0,50.2,2.0,1.0,Buen estado,1982-01-01,9,True,True,False,True,False,7.09,2024-12-07,40-80,4109.16
4911,Bilbao,Indautxu,Alquiler,Piso,,73.8,2.0,1.0,Buen estado,1993-01-01,8,True,True,True,True,False,,2024-12-24,40-80,
4912,Bilbao,Indautxu,Venta,Piso,394743.0,91.0,3.0,2.0,Buen estado,1989-01-01,6,True,False,False,False,True,,2025-01-09,80-120,4337.84
4913,Bilbao,Casco Viejo,Venta,Piso,,70.4,2.0,1.0,Reformado,1971-01-01,7,False,False,False,False,False,4.67,2024-12-27,40-80,
4914,Bilbao,Deusto,Alquiler,Piso,373742.0,103.1,3.0,2.0,Buen estado,1988-01-01,5,True,True,False,False,False,7.81,,80-120,3625.04
4915,Bilbao,Abando,Alquiler,Piso,314090.0,86.9,3.0,2.0,Buen estado,1985-01-01,1,False,False,True,False,True,3.46,2024-11-16,80-120,3614.38
4916,Bilbao,Indautxu,Venta,Ático,225029.0,65.4,2.0,1.0,Buen estado,1971-01-01,Ático,False,True,False,False,True,4.68,2025-03-07,40-80,3440.81
4917,Bilbao,Casco Viejo,Venta,Piso,455165.0,102.2,3.0,2.0,Buen estado,1983-01-01,9,False,False,False,True,False,4.33,2025-02-02,80-120,4453.67
4918,Bilbao,Abando,Venta,Piso,250972.0,89.4,3.0,2.0,Reformado,1975-01-01,Bajo,False,False,False,True,False,4.29,2024-11-27,80-120,2807.29
4919,Bilbao,Abando,Venta,Piso,307863.0,77.5,2.0,1.0,Reformado,1992-01-01,9,False,False,False,True,False,4.51,2024-12-25,40-80,3972.43
4920,Bilbao,Abando,Venta,Piso,402418.0,96.6,3.0,2.0,Buen estado,1970-01-01,Bajo,False,True,False,False,False,1.94,2025-01-01,80-120,4165.82
4921,Bilbao,Abando,Alquiler,Ático,325009.0,72.8,2.0,1.0,Obra nueva,2023-01-01,Ático,True,True,False,False,True,4.92,2025-02-28,40-80,4464.41
4922,Bilbao,Deusto,Venta,Piso,272880.0,61.0,2.0,1.0,Buen estado,2020-01-01,1,True,False,True,False,True,5.01,2025-02-28,40-80,4473.44
4923,Bilbao,Casco Viejo,Alquiler,Ático,323455.0,77.8,2.0,1.0,Buen estado,1974-01-01,Ático,False,True,True,False,True,4.08,2025-01-28,40-80,4157.52
4924,Bilbao,Abando,Venta,Ático,119442.0,31.5,0.0,1.0,Buen estado,1995-01-01,Ático,False,True,False,True,False,5.28,2025-03-08,0-40,3791.81
4925,Bilbao,Casco Viejo,Venta,Piso,331280.0,81.2,3.0,2.0,Buen estado,1972-01-01,1,False,False,True,True,True,4.94,2025-03-21,80-120,4079.8
4926,Bilbao,Casco Viejo,Alquiler,Piso,423616.0,94.1,3.0,2.0,Buen estado,1999-01-01,4,False,True,False,False,False,4.46,2025-03-06,80-120,4501.76
4927,Bilbao,Casco Viejo,Alquiler,Piso,231923.0,66.4,2.0,1.0,Buen estado,1975-01-01,7,True,False,False,False,False,4.84,2024-12-15,40-80,3492.82
4928,Bilbao,Deusto,Venta,Piso,346803.0,72.3,2.0,1.0,Buen estado,1968-01-01,8,True,False,False,False,True,5.18,2024-10-20,40-80,4796.72
4929,Bilbao,Deusto,Alquiler,Piso,280085.0,73.9,2.0,1.0,Obra nueva,2019-01-01,1,False,False,True,False,True,3.25,2025-02-24,40-80,3790.05
4930,Bilbao,Abando,Alquiler,Piso,363652.0,90.1,3.0,2.0,Reformado,1996-01-01,4,False,False,True,False,False,6.23,,80-120,4036.09
4931,Bilbao,Casco Viejo,Venta,Piso,372861.0,84.2,3.0,2.0,Obra nueva,2020-01-01,9,True,False,True,False,False,4.49,2024-12-24,80-120,4428.28
4932,Bilbao,Casco Viejo,Venta,Piso,310678.0,69.0,2.0,1.0,Buen estado,2001-01-01,7,False,False,True,False,True,5.72,2025-03-05,40-80,4502.58
4933,Bilbao,Casco Viejo,Venta,Ático,334246.0,101.1,3.0,2.0,Buen estado,1993-01-01,Ático,False,False,True,False,False,3.1,2025-01-06,80-120,3306.09
4934,Bilbao,Casco Viejo,Venta,Piso,267495.0,75.5,2.0,1.0,Buen estado,1967-01-01,7,True,False,False,False,False,4.86,2024-11-16,40-80,3542.98
4935,Bilbao,Indautxu,Venta,Piso,233382.0,53.5,2.0,1.0,Buen estado,2000-01-01,5,True,False,False,False,False,3.02,2024-12-16,40-80,4362.28
4936,Bilbao,Abando,Alquiler,Piso,477645.0,109.6,3.0,2.0,Buen estado,2005-01-01,4,True,True,True,True,False,6.68,2025-04-02,80-120,4358.07
4937,Bilbao,Casco Viejo,Venta,Piso,339661.0,83.3,3.0,2.0,Buen estado,1980-01-01,6,True,True,False,False,False,4.06,2025-01-14,80-120,4077.56
4938,Bilbao,Indautxu,Alquiler,Estudio,128486.0,30.0,0.0,1.0,Obra nueva,2021-01-01,1,True,True,True,True,False,3.87,2024-12-03,0-40,4282.87
4939,Bilbao,Indautxu,Alquiler,Piso,158385.0,51.9,2.0,1.0,Buen estado,1994-01-01,9,False,True,True,True,True,4.44,2025-01-30,40-80,3051.73
4940,Bilbao,Casco Viejo,Alquiler,Piso,303829.0,79.0,2.0,1.0,Buen estado,1994-01-01,Bajo,True,False,False,False,False,2.93,2025-03-25,40-80,3845.94
4941,Bilbao,Indautxu,Venta,Piso,346657.0,96.3,3.0,2.0,Buen estado,2007-01-01,6,True,True,True,True,False,4.05,2024-12-05,80-120,3599.76
4942,Bilbao,Casco Viejo,Venta,Piso,323725.0,74.8,2.0,1.0,Obra nueva,2021-01-01,1,True,True,False,True,True,6.96,2025-03-29,40-80,4327.87
4943,Bilbao,Abando,Venta,Piso,262415.0,66.3,2.0,1.0,Buen estado,1994-01-01,5,False,True,False,True,False,6.79,2024-11-09,40-80,3957.99
4944,Bilbao,Indautxu,Venta,Piso,302675.0,64.8,2.0,1.0,Buen estado,1988-01-01,Bajo,True,False,True,True,False,4.88,2025-01-21,40-80,4670.91
4945,Bilbao,Indautxu,Venta,Piso,370209.0,90.1,3.0,2.0,Buen estado,1975-01-01,3,True,False,False,True,False,5.6,,80-120,4108.87
4946,Bilbao,Indautxu,Venta,Piso,330086.0,99.5,3.0,2.0,Buen estado,1971-01-01,4,True,False,False,False,False,5.77,2025-01-14,80-120,3317.45
4947,Bilbao,Abando,Alquiler,Piso,,71.3,2.0,1.0,Reformado,1992-01-01,6,True,False,False,False,False,5.16,2025-03-02,40-80,
4948,Bilbao,Deusto,Alquiler,Piso,249478.0,66.5,2.0,1.0,Buen estado,1971-01-01,9,True,False,False,True,False,4.17,2025-01-05,40-80,3751.55
4949,Bilbao,Indautxu,Venta,Piso,272541.0,57.7,2.0,1.0,Reformado,1986-01-01,5,True,True,True,True,True,2.06,2024-11-13,40-80,4723.41
4950,Bilbao,Deusto,Venta,Piso,393537.0,85.2,3.0,2.0,Buen estado,1961-01-01,Bajo,True,False,False,True,False,4.6,,80-120,4618.98
4951,Bilbao,Casco Viejo,Alquiler,Piso,311147.0,91.1,3.0,2.0,Buen estado,1997-01-01,8,False,True,True,False,False,3.41,,80-120,3415.44
4952,Bilbao,Deusto,Venta,Piso,,75.7,2.0,1.0,Buen estado,1941-01-01,1,False,True,False,False,True,8.43,2024-11-07,40-80,
4953,Bilbao,Abando,Venta,Piso,426011.0,87.8,3.0,2.0,A reformar,1988-01-01,2,True,False,True,True,False,5.49,2025-02-21,80-120,4852.06
4954,Bilbao,Abando,Venta,Piso,289176.0,65.2,2.0,1.0,Buen estado,1979-01-01,4,False,True,False,True,True,5.94,2024-11-11,40-80,4435.21
4955,Bilbao,Deusto,Venta,Piso,398649.0,101.5,3.0,2.0,Buen estado,1998-01-01,6,False,False,False,False,True,5.95,2025-02-26,80-120,3927.58
4956,Bilbao,Casco Viejo,Venta,Piso,339224.0,87.6,3.0,2.0,Buen estado,1965-01-01,3,True,False,False,True,False,5.3,2025-03-09,80-120,3872.42
4957,Bilbao,Indautxu,Venta,Piso,235904.0,73.3,2.0,1.0,Buen estado,1968-01-01,7,True,True,False,True,False,5.68,2024-10-17,40-80,3218.34
4958,Bilbao,Abando,Venta,Piso,276219.0,73.9,2.0,1.0,Buen estado,1975-01-01,6,True,True,True,False,False,3.97,2025-01-23,40-80,3737.74
4959,Bilbao,Indautxu,Alquiler,Piso,261341.0,61.5,2.0,1.0,Buen estado,2011-01-01,8,True,True,True,True,False,2.04,2025-02-06,40-80,4249.45
4960,Bilbao,Casco Viejo,Venta,Piso,337304.0,86.4,3.0,2.0,Buen estado,1987-01-01,1,True,True,False,False,True,4.93,2024-12-12,80-120,3903.98
4961,Bilbao,Indautxu,Alquiler,Piso,226044.0,57.7,2.0,1.0,Obra nueva,2019-01-01,9,True,True,True,True,True,5.13,2024-11-06,40-80,3917.57
4962,Bilbao,Casco Viejo,Alquiler,Piso,,93.4,3.0,2.0,Buen estado,1977-01-01,1,False,False,False,False,True,4.73,2025-01-26,80-120,
4963,Bilbao,Abando,Venta,Piso,318139.0,58.8,2.0,1.0,Buen estado,2001-01-01,8,True,False,False,False,False,,2024-10-10,40-80,5410.53
4964,Bilbao,Casco Viejo,Venta,Piso,170887.0,44.4,2.0,1.0,Obra nueva,2019-01-01,8,True,True,False,True,True,5.52,2025-02-10,40-80,3848.81
4965,Bilbao,Deusto,Venta,Piso,,88.2,3.0,2.0,Reformado,1981-01-01,2,False,False,True,True,False,3.96,2025-04-01,80-120,
4966,Bilbao,Indautxu,Alquiler,Piso,472464.0,113.9,3.0,2.0,Buen estado,1985-01-01,7,False,True,False,False,True,,2025-01-09,80-120,4148.06
4967,Bilbao,Deusto,Venta,Sin_clasificar,,,1.0,1.0,Buen estado,1982-01-01,8,False,True,False,True,False,,,,
4968,Bilbao,Indautxu,Venta,Piso,273687.0,62.9,2.0,1.0,Buen estado,1946-01-01,4,True,False,False,False,False,3.0,2025-01-20,40-80,4351.14
4969,Bilbao,Casco Viejo,Venta,Estudio,134492.0,32.8,0.0,1.0,Buen estado,2019-01-01,Bajo,True,False,False,True,False,4.87,2024-11-03,0-40,4100.37
4970,Bilbao,Deusto,Venta,Piso,323203.0,64.6,2.0,1.0,Buen estado,1955-01-01,4,True,True,False,True,False,4.04,2024-12-18,40-80,5003.14
4971,Bilbao,Indautxu,Alquiler,Piso,486002.0,108.6,3.0,2.0,Obra nueva,2018-01-01,7,True,False,False,True,False,3.27,2025-02-22,80-120,4475.16
4972,Bilbao,Deusto,Venta,Piso,263439.0,69.9,2.0,1.0,Reformado,1971-01-01,3,True,False,False,False,False,4.21,2024-11-29,40-80,3768.8
4973,Bilbao,Abando,Venta,Piso,376057.0,91.0,3.0,2.0,A reformar,1997-01-01,2,False,True,False,True,True,6.26,2024-12-08,80-120,4132.49
4974,Bilbao,Indautxu,Venta,Piso,,78.6,2.0,1.0,Buen estado,1995-01-01,Bajo,True,False,True,False,False,2.62,2024-10-31,40-80,
4975,Bilbao,Deusto,Venta,Piso,398047.0,92.1,3.0,2.0,Buen estado,1988-01-01,2,True,False,False,True,False,5.16,2025-01-19,80-120,4321.9
4976,Bilbao,Casco Viejo,Venta,Piso,263935.0,69.3,2.0,1.0,Buen estado,1980-01-01,8,False,False,False,False,True,4.51,2025-04-07,40-80,3808.59
4977,Bilbao,Abando,Venta,Piso,312614.0,104.8,3.0,2.0,Buen estado,1973-01-01,Bajo,True,False,False,True,True,5.13,2024-11-05,80-120,2982.96
4978,Bilbao,Casco Viejo,Venta,Ático,413730.0,110.1,3.0,2.0,A reformar,2007-01-01,Ático,True,False,False,True,True,1.69,2024-11-11,80-120,3757.77
4979,Bilbao,Abando,Venta,Piso,297181.0,62.1,2.0,1.0,Buen estado,1978-01-01,Bajo,True,True,False,True,True,3.22,2024-11-08,40-80,4785.52
4980,Bilbao,Indautxu,Venta,Piso,343529.0,79.1,2.0,1.0,Buen estado,2013-01-01,3,True,False,True,False,False,4.3,2025-04-07,40-80,4342.97
4981,Bilbao,Indautxu,Alquiler,Piso,407018.0,92.9,3.0,2.0,Buen estado,1982-01-01,4,True,False,True,False,True,8.4,2025-03-05,80-120,4381.25
4982,Bilbao,Indautxu,Alquiler,Piso,329105.0,83.4,3.0,2.0,Buen estado,1959-01-01,9,False,True,False,False,False,7.71,2024-11-04,80-120,3946.1
4983,Bilbao,Deusto,Venta,Piso,383538.0,110.6,3.0,2.0,Reformado,1990-01-01,5,False,True,False,True,False,5.99,2024-11-09,80-120,3467.79
4984,Bilbao,Abando,Venta,Piso,492822.0,105.1,3.0,2.0,Buen estado,1991-01-01,7,False,False,True,True,False,4.05,2024-10-30,80-120,4689.08
4985,Bilbao,Deusto,Venta,Piso,285464.0,82.9,3.0,2.0,Reformado,1983-01-01,7,True,False,False,False,True,4.59,2025-01-02,80-120,3443.47
4986,Bilbao,Casco Viejo,Venta,Piso,244471.0,87.1,3.0,2.0,A reformar,1991-01-01,4,False,False,False,False,False,4.15,2024-11-24,80-120,2806.79
4987,Bilbao,Deusto,Venta,Piso,247404.0,67.7,2.0,1.0,Buen estado,2012-01-01,6,True,False,False,False,False,4.14,2024-11-18,40-80,3654.42
4988,Bilbao,Casco Viejo,Venta,Piso,301341.0,70.4,2.0,1.0,Buen estado,2020-01-01,8,True,True,False,False,False,5.63,2024-12-08,40-80,4280.41
4989,Bilbao,Abando,Venta,Piso,449834.0,101.3,3.0,2.0,A reformar,1998-01-01,7,True,True,True,False,True,5.82,2025-02-01,80-120,4440.61
4990,Bilbao,Indautxu,Alquiler,Sin_clasificar,,,3.0,1.0,Obra nueva,2021-01-01,7,True,False,False,True,False,6.7,2024-11-21,,
4991,Bilbao,Deusto,Venta,Piso,280024.0,76.1,2.0,1.0,Buen estado,1994-01-01,5,True,False,True,False,True,4.23,2024-12-25,40-80,3679.68
4992,Bilbao,Casco Viejo,Venta,Piso,435483.0,99.0,3.0,2.0,A reformar,1982-01-01,6,False,True,True,True,False,4.3,2025-01-09,80-120,4398.82
4993,Bilbao,Casco Viejo,Venta,Piso,261532.0,58.9,2.0,1.0,Obra nueva,2020-01-01,3,True,True,False,True,False,5.06,2025-02-18,40-80,4440.27
4994,Bilbao,Abando,Alquiler,Piso,320293.0,88.1,3.0,2.0,Buen estado,2010-01-01,3,False,False,True,True,True,5.9,2024-12-17,80-120,3635.56
4995,Bilbao,Abando,Venta,Piso,393571.0,96.8,3.0,2.0,Buen estado,2005-01-01,6,True,False,False,True,False,8.98,2024-10-21,80-120,4065.82
4996,Bilbao,Abando,Alquiler,Piso,385014.0,105.9,3.0,2.0,Buen estado,2016-01-01,1,False,True,False,True,False,7.7,2025-01-24,80-120,3635.64
4997,Bilbao,Deusto,Venta,Piso,260686.0,67.5,2.0,1.0,Buen estado,1979-01-01,2,True,False,False,True,False,6.69,2025-01-20,40-80,3862.01
4998,Bilbao,Casco Viejo,Venta,Piso,483761.0,111.7,3.0,2.0,Obra nueva,2019-01-01,5,True,True,False,True,True,3.79,2024-12-14,80-120,4330.9
4999,Bilbao,Indautxu,Alquiler,Piso,317474.0,77.7,2.0,1.0,Obra nueva,2019-01-01,Bajo,False,True,True,True,False,4.47,2025-03-10,40-80,4085.89
5000,Bilbao,Abando,Alquiler,Piso,421991.0,106.9,3.0,2.0,Obra nueva,2018-01-01,1,True,True,True,False,False,6.41,2025-03-31,80-120,3947.53
5001,Bilbao,Deusto,Venta,Piso,487629.0,101.6,3.0,2.0,Reformado,1972-01-01,1,True,False,True,False,False,0.5,2025-02-03,80-120,4799.5
5002,Bilbao,Indautxu,Alquiler,Piso,275957.0,74.1,2.0,1.0,Reformado,1958-01-01,4,True,False,False,True,False,6.29,2025-02-11,40-80,3724.12
5003,Bilbao,Deusto,Venta,Piso,288437.0,88.3,3.0,2.0,Buen estado,2001-01-01,Bajo,True,False,True,True,False,4.54,2025-03-20,80-120,3266.56
5004,Bilbao,Abando,Venta,Piso,222015.0,61.2,2.0,1.0,Buen estado,1989-01-01,3,False,False,False,False,True,5.89,2024-12-03,40-80,3627.7
5005,Bilbao,Deusto,Venta,Piso,368284.0,107.3,3.0,2.0,Buen estado,1982-01-01,4,True,False,False,False,True,7.18,2024-11-19,80-120,3432.28
5006,Bilbao,Indautxu,Venta,Piso,317715.0,87.2,3.0,2.0,Obra nueva,2023-01-01,5,True,False,True,False,False,5.77,2025-03-15,80-120,3643.52
5007,Bilbao,Casco Viejo,Venta,Piso,331860.0,75.3,2.0,1.0,Buen estado,2004-01-01,7,True,False,False,True,True,4.76,2024-10-30,40-80,4407.17
5008,Bilbao,Deusto,Venta,Piso,302940.0,86.1,3.0,2.0,Obra nueva,2019-01-01,6,False,True,False,True,False,5.84,2024-11-19,80-120,3518.47
5009,Bilbao,Deusto,Venta,Piso,452357.0,100.4,3.0,2.0,Buen estado,1978-01-01,Bajo,False,True,False,False,False,5.36,2024-10-19,80-120,4505.55
5010,Bilbao,Indautxu,Venta,Ático,129774.0,33.1,0.0,1.0,Buen estado,2004-01-01,Ático,False,False,False,False,False,2.06,2024-10-23,0-40,3920.66
5011,Bilbao,Casco Viejo,Venta,Ático,327503.0,74.4,2.0,1.0,Buen estado,1997-01-01,Ático,True,False,True,False,True,4.0,2024-12-27,40-80,4401.92
5012,Bilbao,Deusto,Venta,Piso,298670.0,87.9,3.0,2.0,Buen estado,1998-01-01,5,True,True,True,True,False,4.26,2024-12-29,80-120,3397.84
5013,Bilbao,Deusto,Venta,Piso,262912.0,81.1,3.0,2.0,Reformado,2000-01-01,2,True,False,True,False,True,5.56,2025-03-22,80-120,3241.82
5014,Bilbao,Indautxu,Venta,Piso,393944.0,96.4,3.0,2.0,Buen estado,1993-01-01,Bajo,True,True,False,True,False,5.82,2025-01-27,80-120,4086.56
5015,Bilbao,Casco Viejo,Alquiler,Piso,,61.3,2.0,1.0,Buen estado,1973-01-01,9,True,False,True,True,False,5.03,2024-12-05,40-80,
5016,Bilbao,Indautxu,Venta,Piso,171643.0,59.8,2.0,1.0,Buen estado,1974-01-01,9,False,False,True,False,False,2.8,2024-10-13,40-80,2870.28
5017,Bilbao,Deusto,Venta,Piso,391361.0,108.5,3.0,2.0,Obra nueva,2022-01-01,2,True,True,True,True,False,5.1,2025-04-03,80-120,3607.01
5018,Bilbao,Deusto,Venta,Piso,326030.0,100.0,3.0,2.0,Buen estado,1974-01-01,5,False,False,False,True,True,6.3,2025-02-02,80-120,3260.3
5019,Bilbao,Indautxu,Venta,Sin_clasificar,,,3.0,1.0,Buen estado,1995-01-01,3,True,True,False,True,True,5.23,2024-12-11,,
5020,Bilbao,Abando,Alquiler,Ático,342363.0,79.4,2.0,1.0,Buen estado,1990-01-01,Ático,True,True,False,False,False,3.35,2025-03-31,40-80,4311.88
5021,Bilbao,Indautxu,Venta,Piso,269047.0,83.2,3.0,2.0,Buen estado,1997-01-01,1,True,False,False,True,True,5.69,2024-11-23,80-120,3233.74
5022,Bilbao,Indautxu,Venta,Ático,253060.0,88.7,3.0,2.0,Buen estado,1986-01-01,Ático,False,False,False,False,True,7.2,2025-03-03,80-120,2852.99
5023,Bilbao,Deusto,Venta,Piso,343257.0,78.0,2.0,1.0,Buen estado,1958-01-01,3,False,True,False,True,False,3.91,2024-12-06,40-80,4400.73
5024,Bilbao,Deusto,Venta,Piso,330258.0,73.6,2.0,1.0,Buen estado,1983-01-01,2,False,True,False,True,False,4.01,,40-80,4487.2
5025,Bilbao,Indautxu,Venta,Piso,317412.0,64.3,2.0,1.0,Buen estado,1980-01-01,1,False,False,True,False,True,4.57,2025-01-10,40-80,4936.42
5026,Bilbao,Deusto,Venta,Piso,242362.0,53.5,2.0,1.0,Buen estado,1998-01-01,9,True,False,False,False,False,6.13,2024-12-16,40-80,4530.13
5027,Bilbao,Abando,Venta,Ático,361989.0,95.8,3.0,2.0,Buen estado,1978-01-01,Ático,True,False,False,False,False,3.38,2025-03-30,80-120,3778.59
5028,Bilbao,Deusto,Alquiler,Piso,641068.0,144.5,4.0,2.0,Buen estado,1987-01-01,9,False,False,False,False,True,4.12,2025-03-16,120-160,4436.46
5029,Bilbao,Indautxu,Venta,Piso,197126.0,46.9,2.0,1.0,Buen estado,1978-01-01,5,True,False,False,True,False,4.8,2024-12-07,40-80,4203.11
5030,Bilbao,Abando,Alquiler,Piso,276612.0,70.8,2.0,1.0,Buen estado,1999-01-01,1,True,False,False,False,False,5.73,2024-12-11,40-80,3906.95
5031,Bilbao,Deusto,Alquiler,Piso,352787.0,98.2,3.0,2.0,Obra nueva,2023-01-01,4,True,True,True,False,False,4.86,2025-03-14,80-120,3592.54
5032,Bilbao,Deusto,Alquiler,Piso,214854.0,73.9,2.0,1.0,Buen estado,1987-01-01,7,False,True,False,False,False,4.54,2024-11-06,40-80,2907.36
5033,Bilbao,Deusto,Venta,Piso,746314.0,188.6,5.0,3.0,Buen estado,1987-01-01,7,True,False,False,True,True,3.48,2024-11-09,160-200,3957.13
5034,Bilbao,Casco Viejo,Venta,Ático,245384.0,63.5,2.0,1.0,A reformar,1964-01-01,Ático,True,True,True,False,True,3.12,2025-03-24,40-80,3864.31
5035,Bilbao,Indautxu,Alquiler,Piso,443863.0,113.5,3.0,2.0,Buen estado,2003-01-01,6,False,False,False,False,True,3.84,2024-11-08,80-120,3910.69
5036,Bilbao,Casco Viejo,Venta,Piso,337735.0,91.3,3.0,2.0,Buen estado,1992-01-01,8,False,False,True,False,True,6.61,2025-03-26,80-120,3699.18
5037,Bilbao,Deusto,Alquiler,Piso,298527.0,77.0,2.0,1.0,Buen estado,1981-01-01,2,False,False,False,False,False,3.56,2024-10-11,40-80,3876.97
5038,Bilbao,Abando,Venta,Piso,379550.0,98.1,3.0,2.0,Buen estado,2019-01-01,4,True,True,False,True,True,5.38,2024-11-17,80-120,3869.01
5039,Bilbao,Abando,Venta,Piso,302818.0,75.9,2.0,1.0,Buen estado,2009-01-01,5,True,False,False,False,False,8.72,2025-03-28,40-80,3989.7
5040,Bilbao,Casco Viejo,Venta,Piso,255778.0,59.2,2.0,1.0,Buen estado,1985-01-01,3,False,False,False,False,True,1.5,2025-04-02,40-80,4320.57
5041,Bilbao,Indautxu,Venta,Piso,,119.5,3.0,2.0,Reformado,1978-01-01,8,True,False,False,True,True,5.41,2024-10-19,80-120,
5042,Bilbao,Abando,Venta,Estudio,122062.0,30.0,0.0,1.0,Buen estado,2001-01-01,6,True,False,False,False,False,3.17,2024-11-02,0-40,4068.73
5043,Bilbao,Abando,Alquiler,Piso,379832.0,116.9,3.0,2.0,Buen estado,1969-01-01,8,False,True,True,False,True,5.61,2025-02-20,80-120,3249.2
5044,Bilbao,Abando,Venta,Piso,250453.0,55.0,2.0,1.0,Buen estado,1986-01-01,6,False,True,False,True,True,4.85,2025-03-26,40-80,4553.69
5045,Bilbao,Abando,Venta,Piso,344620.0,82.0,3.0,2.0,Buen estado,2008-01-01,6,False,False,False,True,False,4.44,2025-02-16,80-120,4202.68
5046,Bilbao,Casco Viejo,Alquiler,Ático,360713.0,83.7,3.0,2.0,Buen estado,1987-01-01,Ático,True,False,True,False,False,3.65,2025-01-07,80-120,4309.59
5047,Bilbao,Casco Viejo,Alquiler,Piso,364187.0,94.6,3.0,2.0,Buen estado,1972-01-01,Bajo,False,False,False,False,False,5.08,2025-03-27,80-120,3849.76
5048,Bilbao,Casco Viejo,Venta,Piso,364258.0,91.7,3.0,2.0,Buen estado,1969-01-01,2,True,False,False,True,False,6.42,2025-01-14,80-120,3972.28
5049,Bilbao,Casco Viejo,Venta,Piso,294844.0,78.7,2.0,1.0,Buen estado,1994-01-01,2,True,True,False,False,True,3.73,2025-02-10,40-80,3746.43
5050,Bilbao,Indautxu,Alquiler,Piso,462807.0,111.3,3.0,2.0,A reformar,1975-01-01,1,True,True,False,False,False,,2025-03-30,80-120,4158.19
5051,Bilbao,Deusto,Venta,Piso,300356.0,76.6,2.0,1.0,Buen estado,1990-01-01,5,True,True,False,False,False,4.42,2025-01-24,40-80,3921.1
5052,Bilbao,Deusto,Venta,Piso,193027.0,66.0,2.0,1.0,Obra nueva,2023-01-01,Bajo,True,True,False,True,True,4.57,2025-02-22,40-80,2924.65
5053,Bilbao,Indautxu,Venta,Piso,327326.0,88.7,3.0,2.0,Buen estado,1973-01-01,8,False,True,False,False,True,2.5,2025-03-11,80-120,3690.26
5054,Bilbao,Deusto,Venta,Piso,217842.0,62.6,2.0,1.0,A reformar,1972-01-01,9,True,False,False,True,True,3.27,2025-02-26,40-80,3479.9
5055,Bilbao,Indautxu,Venta,Piso,523052.0,110.3,3.0,2.0,Buen estado,1973-01-01,7,True,False,False,False,False,5.64,2024-12-15,80-120,4742.09
5056,Bilbao,Abando,Alquiler,Piso,339932.0,75.2,2.0,1.0,Buen estado,1969-01-01,6,False,True,True,True,True,6.84,2025-02-01,40-80,4520.37
5057,Bilbao,Deusto,Venta,Piso,388312.0,100.6,3.0,2.0,Obra nueva,2018-01-01,1,False,True,True,True,True,3.14,2025-01-25,80-120,3859.96
5058,Bilbao,Deusto,Venta,Estudio,153798.0,36.7,0.0,1.0,Buen estado,1983-01-01,5,False,True,False,False,False,1.87,2025-01-19,0-40,4190.68
5059,Bilbao,Indautxu,Alquiler,Sin_clasificar,,,3.0,2.0,Obra nueva,2022-01-01,Bajo,True,False,False,True,False,,2025-03-18,,
5060,Bilbao,Casco Viejo,Venta,Piso,395649.0,87.9,3.0,2.0,Buen estado,1988-01-01,Bajo,False,False,False,False,False,2.94,,80-120,4501.13
5061,Bilbao,Deusto,Venta,Piso,482820.0,109.27,3.0,2.0,Buen estado,1991-01-01,3,True,False,True,False,False,2.88,2024-12-09,80-120,4418.6
5062,Bilbao,Casco Viejo,Alquiler,Ático,362168.0,91.8,3.0,2.0,Buen estado,1972-01-01,Ático,False,False,True,False,False,3.65,2024-11-29,80-120,3945.19
5063,Bilbao,Abando,Venta,Piso,339260.0,78.5,2.0,1.0,Buen estado,1982-01-01,9,False,True,False,True,False,4.65,2024-11-19,40-80,4321.78
5064,Bilbao,Casco Viejo,Venta,Piso,,57.5,2.0,1.0,Buen estado,1991-01-01,2,False,True,True,True,False,4.94,2024-10-12,40-80,
5065,Bilbao,Abando,Venta,Piso,397760.0,104.3,3.0,2.0,Buen estado,1966-01-01,5,False,True,False,False,False,5.93,,80-120,3813.61
5066,Bilbao,Deusto,Venta,Piso,480365.0,86.8,3.0,2.0,A reformar,1977-01-01,4,True,False,True,True,False,4.49,2025-03-09,80-120,5534.16
5067,Bilbao,Abando,Venta,Piso,240994.0,61.2,2.0,1.0,Buen estado,1982-01-01,9,True,False,True,True,False,4.15,2025-03-08,40-80,3937.81
5068,Bilbao,Indautxu,Venta,Piso,,100.3,3.0,2.0,Buen estado,1988-01-01,3,False,True,False,False,False,4.17,2025-02-19,80-120,
5069,Bilbao,Casco Viejo,Venta,Piso,509134.0,131.4,4.0,2.0,Buen estado,1970-01-01,Bajo,False,True,False,False,True,4.1,2024-11-29,120-160,3874.69
5070,Bilbao,Deusto,Venta,Piso,329832.0,88.9,3.0,2.0,Buen estado,1981-01-01,Bajo,True,False,False,False,False,4.87,2024-10-16,80-120,3710.15
5071,Bilbao,Abando,Venta,Piso,207910.0,43.7,2.0,1.0,Buen estado,1984-01-01,9,False,True,False,False,True,5.22,2024-12-05,40-80,4757.67
5072,Bilbao,Abando,Venta,Piso,388782.0,105.7,3.0,2.0,Buen estado,2006-01-01,7,True,False,False,False,False,0.71,2025-03-03,80-120,3678.16
5073,Bilbao,Casco Viejo,Venta,Piso,336535.0,72.9,2.0,1.0,Obra nueva,2019-01-01,8,True,True,True,True,True,6.48,2025-03-16,40-80,4616.39
5074,Bilbao,Casco Viejo,Venta,Piso,237791.0,46.1,2.0,1.0,Buen estado,2004-01-01,6,True,False,False,True,False,3.91,2024-11-18,40-80,5158.16
5075,Bilbao,Indautxu,Venta,Piso,408892.0,83.2,3.0,2.0,Buen estado,1985-01-01,6,True,False,False,False,True,9.87,2024-10-23,80-120,4914.57
5076,Bilbao,Abando,Venta,Estudio,158054.0,40.0,2.0,1.0,Buen estado,1978-01-01,4,True,False,False,False,False,6.16,2024-10-18,40-80,3951.35
5077,Bilbao,Deusto,Venta,Piso,338836.0,88.6,3.0,2.0,Reformado,1974-01-01,1,False,True,False,True,False,6.3,2024-11-25,80-120,3824.33
5078,Bilbao,Deusto,Venta,Piso,312127.0,95.2,3.0,2.0,Buen estado,1993-01-01,Bajo,True,False,False,True,False,5.92,2024-12-15,80-120,3278.64
5079,Bilbao,Abando,Alquiler,Piso,293751.0,80.2,3.0,2.0,Buen estado,1985-01-01,8,True,False,False,False,True,2.67,2024-10-12,80-120,3662.73
5080,Bilbao,Deusto,Venta,Piso,195886.0,52.7,2.0,1.0,Buen estado,1971-01-01,8,True,False,False,True,False,4.58,2024-11-07,40-80,3717.0
5081,Bilbao,Indautxu,Venta,Piso,300521.0,65.0,2.0,1.0,Buen estado,1995-01-01,4,True,True,False,True,True,7.34,2024-12-18,40-80,4623.4
5082,Bilbao,Casco Viejo,Venta,Piso,388341.0,109.7,3.0,2.0,Buen estado,1957-01-01,3,False,False,False,False,False,4.54,2025-01-23,80-120,3540.03
5083,Bilbao,Abando,Venta,Sin_clasificar,,,1.0,2.0,Buen estado,1972-01-01,8,True,True,False,False,True,6.28,2024-12-20,,
5084,Bilbao,Deusto,Venta,Piso,197215.0,44.4,2.0,1.0,Buen estado,1993-01-01,4,False,False,False,False,False,3.14,2025-04-04,40-80,4441.78
5085,Bilbao,Indautxu,Venta,Piso,207789.0,50.7,2.0,1.0,Buen estado,1958-01-01,1,False,True,False,False,False,3.77,2024-12-10,40-80,4098.4
5086,Bilbao,Casco Viejo,Venta,Piso,272730.0,47.3,2.0,1.0,Buen estado,1983-01-01,3,True,True,False,False,True,5.32,2024-10-27,40-80,5765.96
5087,Bilbao,Abando,Alquiler,Ático,356916.0,93.7,3.0,2.0,Buen estado,1979-01-01,Ático,False,False,False,True,True,7.13,2025-01-14,80-120,3809.14
5088,Bilbao,Abando,Alquiler,Piso,335633.0,77.5,2.0,1.0,Buen estado,1985-01-01,3,True,True,True,True,True,5.93,2025-03-29,40-80,4330.75
5089,Bilbao,Casco Viejo,Venta,Piso,325044.0,68.3,2.0,1.0,Buen estado,1993-01-01,1,True,True,False,True,False,5.94,2025-02-14,40-80,4759.06
5090,Bilbao,Abando,Alquiler,Piso,556179.0,84.7,3.0,2.0,Obra nueva,2022-01-01,2,True,True,False,True,True,4.17,2024-12-28,80-120,6566.46
5091,Bilbao,Casco Viejo,Alquiler,Piso,330454.0,69.2,2.0,1.0,Buen estado,1965-01-01,4,False,False,False,True,True,3.65,2025-02-10,40-80,4775.35
5092,Bilbao,Casco Viejo,Venta,Piso,257278.0,58.5,2.0,1.0,Buen estado,1978-01-01,1,False,False,False,True,True,6.64,2024-10-20,40-80,4397.91
5093,Bilbao,Indautxu,Venta,Piso,286489.0,82.4,3.0,2.0,Buen estado,1955-01-01,1,False,True,False,True,False,4.45,2025-02-18,80-120,3476.81
5094,Bilbao,Abando,Venta,Ático,427095.0,111.6,3.0,2.0,Reformado,2012-01-01,Ático,False,False,False,False,False,5.07,2024-11-04,80-120,3827.02
5095,Bilbao,Deusto,Venta,Piso,302624.0,75.1,2.0,1.0,Reformado,1988-01-01,3,False,True,False,True,False,5.15,2024-11-18,40-80,4029.61
5096,Bilbao,Deusto,Venta,Piso,264937.0,71.6,2.0,1.0,Buen estado,2004-01-01,Bajo,False,False,False,True,False,3.82,2024-12-27,40-80,3700.24
5097,Bilbao,Deusto,Venta,Piso,309431.0,90.6,3.0,2.0,Buen estado,2020-01-01,9,True,True,False,True,False,3.83,2024-12-18,80-120,3415.35
5098,Bilbao,Abando,Alquiler,Piso,298528.0,75.6,2.0,1.0,Buen estado,1977-01-01,4,False,True,False,True,False,3.92,2025-03-27,40-80,3948.78
5099,Bilbao,Casco Viejo,Venta,Piso,,76.4,2.0,1.0,Buen estado,1971-01-01,4,False,False,True,False,False,4.99,2025-01-07,40-80,
5100,Bilbao,Casco Viejo,Venta,Piso,200592.0,72.6,2.0,1.0,Reformado,1985-01-01,2,False,False,False,True,False,4.93,2025-02-03,40-80,2762.98
5101,Bilbao,Deusto,Venta,Piso,400882.0,115.0,3.0,2.0,Buen estado,1965-01-01,Bajo,False,True,False,False,False,5.68,2025-02-02,80-120,3485.93
5102,Bilbao,Deusto,Venta,Piso,289491.0,83.6,3.0,2.0,A reformar,2018-01-01,7,True,True,False,True,False,5.52,2024-12-15,80-120,3462.81
5103,Bilbao,Deusto,Venta,Piso,337969.0,78.5,2.0,1.0,Reformado,2013-01-01,8,True,False,True,False,True,7.05,2025-02-01,40-80,4305.34
5104,Bilbao,Abando,Venta,Piso,160123.0,64.0,2.0,1.0,Buen estado,1976-01-01,3,False,False,False,True,False,5.29,2025-01-17,40-80,2501.92
5105,Bilbao,Deusto,Venta,Piso,220552.0,55.3,2.0,1.0,Buen estado,1986-01-01,4,True,True,True,True,True,3.68,2024-10-27,40-80,3988.28
5106,Bilbao,Abando,Alquiler,Piso,251578.0,55.4,2.0,1.0,Buen estado,1993-01-01,7,True,True,True,False,False,5.17,2025-01-06,40-80,4541.12
5107,Bilbao,Indautxu,Alquiler,Piso,300875.0,67.6,2.0,1.0,Buen estado,1984-01-01,5,True,False,False,True,False,6.19,2025-02-11,40-80,4450.81
5108,Bilbao,Casco Viejo,Venta,Estudio,137608.0,30.0,0.0,1.0,Buen estado,2005-01-01,Bajo,False,True,True,True,False,6.31,2025-02-22,0-40,4586.93
5109,Bilbao,Casco Viejo,Venta,Piso,538074.0,129.0,4.0,2.0,Obra nueva,2019-01-01,5,True,True,False,False,True,5.1,2024-12-05,120-160,4171.12
5110,Bilbao,Casco Viejo,Venta,Piso,325273.0,84.5,3.0,2.0,Buen estado,1974-01-01,4,False,False,False,True,False,5.06,2025-01-29,80-120,3849.38
5111,Bilbao,Deusto,Alquiler,Piso,290869.0,79.6,2.0,1.0,Buen estado,1973-01-01,8,True,False,False,True,False,5.12,2025-01-13,40-80,3654.13
5112,Bilbao,Deusto,Venta,Ático,487018.0,88.4,3.0,2.0,Buen estado,2001-01-01,Ático,False,False,False,False,False,5.35,2024-12-11,80-120,5509.25
5113,Bilbao,Casco Viejo,Alquiler,Piso,,107.3,3.0,2.0,Buen estado,1982-01-01,7,False,False,False,True,False,4.78,,80-120,
5114,Bilbao,Abando,Alquiler,Piso,285405.0,72.6,2.0,1.0,Reformado,1983-01-01,3,True,False,True,True,True,6.04,2025-03-25,40-80,3931.2
5115,Bilbao,Casco Viejo,Venta,Piso,334827.0,83.9,3.0,2.0,Buen estado,1993-01-01,3,False,True,False,True,False,3.65,2024-10-18,80-120,3990.79
5116,Bilbao,Casco Viejo,Venta,Piso,,46.8,2.0,1.0,Reformado,1982-01-01,7,True,True,False,False,True,4.81,2024-11-05,40-80,
5117,Bilbao,Casco Viejo,Alquiler,Piso,333951.0,85.1,3.0,2.0,Buen estado,2020-01-01,Bajo,True,False,False,True,False,5.01,,80-120,3924.22
5118,Bilbao,Abando,Venta,Piso,345073.0,81.2,3.0,2.0,Reformado,2019-01-01,5,False,True,False,False,True,8.53,2025-01-02,80-120,4249.67
5119,Bilbao,Casco Viejo,Venta,Ático,,37.0,0.0,1.0,Buen estado,1999-01-01,Ático,False,True,False,False,True,7.01,2025-02-18,0-40,
5120,Bilbao,Deusto,Venta,Piso,299936.0,77.6,2.0,1.0,A reformar,1986-01-01,5,False,False,True,True,False,7.57,2025-01-12,40-80,3865.15
5121,Bilbao,Indautxu,Venta,Ático,354230.0,84.3,3.0,2.0,Buen estado,1978-01-01,Ático,True,True,False,False,True,3.82,2024-10-15,80-120,4202.02
5122,Bilbao,Indautxu,Alquiler,Piso,307432.0,76.8,2.0,1.0,Reformado,1996-01-01,Bajo,True,False,False,True,False,5.98,2024-12-27,40-80,4003.02
5123,Bilbao,Indautxu,Venta,Piso,340582.0,81.3,3.0,2.0,Buen estado,1998-01-01,6,False,True,False,False,True,4.5,2024-11-06,80-120,4189.2
5124,Bilbao,Casco Viejo,Venta,Piso,404425.0,87.8,3.0,2.0,Buen estado,1984-01-01,7,False,False,True,False,False,7.38,2024-12-03,80-120,4606.21
5125,Bilbao,Deusto,Alquiler,Piso,206446.0,60.4,2.0,1.0,Buen estado,2004-01-01,8,False,True,False,True,False,6.87,2025-02-12,40-80,3417.98
5126,Bilbao,Indautxu,Alquiler,Piso,146618.0,41.2,2.0,1.0,Obra nueva,2022-01-01,5,True,True,False,True,False,4.07,2025-02-20,40-80,3558.69
5127,Bilbao,Casco Viejo,Alquiler,Piso,423946.0,100.8,3.0,2.0,Buen estado,1979-01-01,9,False,True,False,True,False,4.04,2024-11-17,80-120,4205.81
5128,Bilbao,Casco Viejo,Venta,Estudio,96324.0,32.4,0.0,1.0,Buen estado,1988-01-01,1,True,False,False,True,False,3.4,2024-12-14,0-40,2972.96
5129,Bilbao,Abando,Alquiler,Sin_clasificar,,,6.0,1.0,Buen estado,2008-01-01,3,True,False,False,False,False,7.44,2024-11-09,,
5130,Bilbao,Casco Viejo,Alquiler,Piso,340044.0,77.6,2.0,1.0,Reformado,1968-01-01,6,True,False,True,False,False,4.51,2024-10-10,40-80,4382.01
5131,Bilbao,Deusto,Venta,Piso,346258.0,75.7,2.0,1.0,Buen estado,1985-01-01,3,True,False,False,False,False,3.86,2024-12-29,40-80,4574.08
5132,Bilbao,Casco Viejo,Venta,Piso,375421.0,81.3,3.0,2.0,Obra nueva,2021-01-01,2,False,True,True,True,True,,2025-01-03,80-120,4617.72
5133,Bilbao,Abando,Venta,Piso,156243.0,51.5,2.0,1.0,Buen estado,2010-01-01,3,False,False,True,False,True,5.44,2025-01-11,40-80,3033.84
5134,Bilbao,Deusto,Venta,Piso,474733.0,91.4,3.0,2.0,Obra nueva,2022-01-01,9,True,False,True,True,False,4.47,2025-01-31,80-120,5194.02
5135,Bilbao,Abando,Venta,Ático,371737.0,112.8,3.0,2.0,A reformar,2006-01-01,Ático,False,False,False,False,True,6.21,2024-12-31,80-120,3295.54
5136,Bilbao,Deusto,Venta,Piso,523856.0,118.5,3.0,2.0,Buen estado,1990-01-01,3,False,False,False,False,False,4.67,2024-12-12,80-120,4420.73
5137,Bilbao,Indautxu,Venta,Piso,302651.0,91.3,3.0,2.0,Buen estado,1954-01-01,8,False,False,False,False,True,3.31,2025-01-18,80-120,3314.91
5138,Bilbao,Casco Viejo,Alquiler,Piso,439262.0,127.1,4.0,2.0,Buen estado,2003-01-01,5,False,False,False,True,True,3.54,2024-11-10,120-160,3456.03
5139,Bilbao,Abando,Venta,Piso,355151.0,94.1,3.0,2.0,Buen estado,1985-01-01,Bajo,False,True,False,True,False,2.88,2024-10-10,80-120,3774.19
5140,Bilbao,Abando,Venta,Ático,556880.0,77.1,2.0,1.0,Obra nueva,2018-01-01,Ático,True,False,False,True,True,,2024-10-23,40-80,7222.83
5141,Bilbao,Abando,Alquiler,Sin_clasificar,,,5.0,1.0,Buen estado,1982-01-01,9,True,False,False,False,True,3.08,2025-02-03,,
5142,Bilbao,Indautxu,Venta,Piso,494569.0,97.8,3.0,2.0,A reformar,2002-01-01,9,True,False,False,True,False,7.02,2025-03-18,80-120,5056.94
5143,Bilbao,Abando,Venta,Piso,383058.0,110.7,3.0,2.0,Buen estado,1964-01-01,Bajo,False,True,False,False,False,6.18,2025-03-30,80-120,3460.33
5144,Bilbao,Indautxu,Venta,Ático,437424.0,89.7,3.0,2.0,Reformado,1993-01-01,Ático,False,True,False,True,False,5.4,2025-01-13,80-120,4876.52
5145,Bilbao,Abando,Alquiler,Piso,308085.0,63.7,2.0,1.0,Reformado,2005-01-01,8,False,False,False,False,False,3.82,2025-01-20,40-80,4836.5
5146,Bilbao,Casco Viejo,Venta,Piso,249052.0,71.7,2.0,1.0,Buen estado,1990-01-01,Bajo,True,False,False,False,True,4.93,2024-12-15,40-80,3473.53
5147,Bilbao,Deusto,Venta,Piso,364063.0,76.4,2.0,1.0,Reformado,1984-01-01,7,False,True,False,True,True,3.86,,40-80,4765.22
5148,Bilbao,Indautxu,Venta,Piso,287692.0,73.0,2.0,1.0,Reformado,1992-01-01,5,True,False,False,False,False,5.78,2024-12-29,40-80,3940.99
5149,Bilbao,Casco Viejo,Venta,Piso,236623.0,52.2,2.0,1.0,A reformar,1967-01-01,8,True,False,False,True,False,4.29,2025-02-26,40-80,4533.01
5150,Bilbao,Indautxu,Alquiler,Piso,259730.0,65.2,2.0,1.0,Buen estado,1990-01-01,1,True,False,False,True,False,6.65,2025-02-20,40-80,3983.59
5151,Bilbao,Casco Viejo,Alquiler,Ático,,,1.0,1.0,Buen estado,1992-01-01,Ático,False,True,True,True,False,4.02,,,
5152,Bilbao,Indautxu,Alquiler,Piso,368596.0,96.9,3.0,2.0,Buen estado,1974-01-01,1,False,True,True,True,True,7.15,2025-04-03,80-120,3803.88
5153,Bilbao,Casco Viejo,Venta,Ático,326538.0,63.9,2.0,1.0,Buen estado,1973-01-01,Ático,True,False,False,False,False,6.74,2025-03-14,40-80,5110.14
5154,Bilbao,Abando,Venta,Piso,453758.0,110.1,3.0,2.0,Buen estado,1981-01-01,3,True,False,False,True,True,3.79,2024-11-15,80-120,4121.33
5155,Bilbao,Indautxu,Alquiler,Piso,257920.0,69.2,2.0,1.0,Obra nueva,2023-01-01,3,True,False,False,False,True,4.66,2025-03-26,40-80,3727.17
5156,Bilbao,Indautxu,Alquiler,Piso,410160.0,93.7,3.0,2.0,Reformado,1974-01-01,2,False,False,False,True,False,7.15,2025-03-20,80-120,4377.37
5157,Bilbao,Casco Viejo,Alquiler,Piso,236345.0,72.3,2.0,1.0,Buen estado,1995-01-01,9,False,False,True,True,False,3.58,2024-12-09,40-80,3268.95
5158,Bilbao,Casco Viejo,Venta,Piso,229404.0,72.3,2.0,1.0,Buen estado,1959-01-01,5,True,True,True,True,False,5.48,2024-11-20,40-80,3172.95
5159,Bilbao,Indautxu,Venta,Piso,,111.2,3.0,2.0,Buen estado,2005-01-01,4,True,False,False,True,True,7.26,2024-12-14,80-120,
5160,Bilbao,Deusto,Venta,Ático,,,4.0,,A reformar,1975-01-01,Ático,False,False,False,True,False,3.57,2025-01-26,,
5161,Bilbao,Casco Viejo,Venta,Piso,377810.0,87.3,3.0,2.0,Reformado,1979-01-01,1,False,False,False,False,False,7.44,2024-12-27,80-120,4327.72
5162,Bilbao,Indautxu,Venta,Piso,290853.0,80.1,3.0,2.0,Buen estado,1980-01-01,8,False,False,False,True,True,4.26,2024-10-15,80-120,3631.12
5163,Bilbao,Deusto,Venta,Piso,292187.0,67.6,2.0,1.0,Obra nueva,2020-01-01,5,False,True,True,False,True,5.74,2025-03-10,40-80,4322.29
5164,Bilbao,Abando,Alquiler,Piso,330090.0,87.8,3.0,2.0,Buen estado,1971-01-01,2,True,False,False,False,False,6.75,2025-02-09,80-120,3759.57
5165,Bilbao,Casco Viejo,Alquiler,Piso,326056.0,82.8,3.0,2.0,Reformado,2012-01-01,9,False,True,False,True,False,5.63,2024-11-03,80-120,3937.87
5166,Bilbao,Indautxu,Venta,Piso,456876.0,100.0,3.0,2.0,A reformar,2003-01-01,3,True,False,False,True,False,7.16,2025-02-05,80-120,4568.76
5167,Bilbao,Indautxu,Venta,Piso,263452.0,56.9,2.0,1.0,Obra nueva,2021-01-01,6,True,True,False,False,True,7.3,2024-10-14,40-80,4630.09
5168,Bilbao,Indautxu,Venta,Piso,266587.0,73.3,2.0,1.0,Buen estado,1990-01-01,8,True,True,False,False,False,4.69,2024-10-10,40-80,3636.93
5169,Bilbao,Indautxu,Venta,Piso,382071.0,93.7,3.0,2.0,Buen estado,1995-01-01,9,True,True,False,False,False,7.36,2025-02-11,80-120,4077.6
5170,Bilbao,Casco Viejo,Alquiler,Piso,346425.0,78.3,2.0,1.0,A reformar,1998-01-01,9,False,False,False,False,False,2.99,2024-11-28,40-80,4424.33
5171,Bilbao,Deusto,Alquiler,Piso,175838.0,40.6,2.0,1.0,Buen estado,1995-01-01,5,False,True,False,False,False,6.11,2024-10-26,40-80,4330.99
5172,Bilbao,Indautxu,Venta,Piso,276920.0,65.6,2.0,1.0,Buen estado,1966-01-01,1,False,False,False,False,True,2.5,2024-10-25,40-80,4221.34
5173,Bilbao,Casco Viejo,Venta,Piso,275698.0,82.4,3.0,2.0,A reformar,1963-01-01,7,True,True,False,False,True,3.6,2024-10-12,80-120,3345.85
5174,Bilbao,Indautxu,Alquiler,Piso,233364.0,51.9,2.0,1.0,A reformar,1967-01-01,6,False,False,True,False,True,4.8,2025-03-25,40-80,4496.42
5175,Bilbao,Casco Viejo,Alquiler,Piso,389055.0,91.9,3.0,2.0,Buen estado,1978-01-01,8,True,True,True,False,False,3.1,2024-12-22,80-120,4233.46
5176,Bilbao,Indautxu,Venta,Piso,248936.0,76.7,2.0,1.0,Buen estado,1968-01-01,Bajo,True,False,False,True,True,4.94,2025-01-09,40-80,3245.58
5177,Bilbao,Casco Viejo,Alquiler,Piso,311133.0,67.4,2.0,1.0,Reformado,1984-01-01,2,True,False,False,False,False,6.16,2025-03-05,40-80,4616.22
5178,Bilbao,Indautxu,Venta,Piso,351339.0,112.3,3.0,2.0,Buen estado,1970-01-01,8,True,True,False,True,True,7.21,2025-02-05,80-120,3128.58
5179,Bilbao,Indautxu,Alquiler,Piso,353380.0,84.3,3.0,2.0,Buen estado,1978-01-01,1,False,True,False,True,True,6.75,2024-10-19,80-120,4191.93
5180,Bilbao,Casco Viejo,Venta,Piso,462186.0,124.1,4.0,2.0,Buen estado,1995-01-01,2,True,True,False,False,True,6.58,2025-03-20,120-160,3724.3
5181,Bilbao,Casco Viejo,Venta,Sin_clasificar,,,2.0,2.0,Buen estado,1983-01-01,4,False,True,False,True,False,3.59,2025-02-25,,
5182,Bilbao,Deusto,Venta,Piso,463750.0,105.9,3.0,2.0,Buen estado,1984-01-01,1,False,True,False,True,True,4.68,2025-03-15,80-120,4379.13
5183,Bilbao,Casco Viejo,Alquiler,Estudio,169775.0,39.6,0.0,1.0,Buen estado,1980-01-01,7,True,False,False,False,True,3.57,2024-12-12,0-40,4287.25
5184,Bilbao,Abando,Venta,Piso,186271.0,44.2,2.0,1.0,Buen estado,1966-01-01,6,True,False,False,False,False,5.14,2024-12-01,40-80,4214.28
5185,Bilbao,Casco Viejo,Venta,Piso,294451.0,87.4,3.0,2.0,Obra nueva,2020-01-01,5,True,True,False,False,False,5.17,2025-01-01,80-120,3369.0
5186,Bilbao,Abando,Venta,Piso,337936.0,90.5,3.0,2.0,A reformar,1955-01-01,1,True,True,True,True,True,4.13,2024-10-17,80-120,3734.1
5187,Bilbao,Abando,Venta,Piso,149308.0,47.4,2.0,1.0,Obra nueva,2023-01-01,2,True,True,False,True,True,4.13,2024-11-10,40-80,3149.96
5188,Bilbao,Casco Viejo,Alquiler,Piso,339859.0,117.0,3.0,2.0,Buen estado,2010-01-01,3,False,False,True,False,True,4.7,2025-01-24,80-120,2904.78
5189,Bilbao,Abando,Alquiler,Piso,423894.0,85.6,3.0,2.0,Buen estado,1976-01-01,Bajo,False,True,False,True,True,5.04,2024-11-17,80-120,4952.03
5190,Bilbao,Indautxu,Venta,Ático,175550.0,46.5,2.0,1.0,Buen estado,1977-01-01,Ático,False,True,False,False,False,,2024-11-14,40-80,3775.27
5191,Bilbao,Deusto,Venta,Piso,311252.0,76.6,2.0,1.0,Obra nueva,2022-01-01,1,True,False,False,True,True,,2025-01-28,40-80,4063.34
5192,Bilbao,Indautxu,Alquiler,Sin_clasificar,,,3.0,1.0,Reformado,1991-01-01,1,False,False,False,False,False,3.82,2025-01-23,,
5193,Bilbao,Casco Viejo,Venta,Piso,362935.0,81.3,3.0,2.0,Reformado,2018-01-01,6,True,False,True,True,True,3.86,2025-03-14,80-120,4464.15
5194,Bilbao,Casco Viejo,Alquiler,Piso,239311.0,63.2,2.0,1.0,Buen estado,1972-01-01,Bajo,True,True,True,False,False,4.98,2024-12-11,40-80,3786.57
5195,Bilbao,Indautxu,Alquiler,Piso,502597.0,99.8,3.0,2.0,Buen estado,1990-01-01,4,True,False,False,True,True,3.06,2024-10-25,80-120,5036.04
5196,Bilbao,Abando,Venta,Piso,357028.0,102.3,3.0,2.0,Buen estado,1978-01-01,7,True,True,False,False,True,2.67,2024-10-10,80-120,3490.01
5197,Bilbao,Abando,Venta,Piso,304767.0,78.0,2.0,1.0,Obra nueva,2020-01-01,8,False,True,False,True,True,3.35,2024-10-16,40-80,3907.27
5198,Bilbao,Abando,Venta,Piso,490786.0,115.3,3.0,2.0,Buen estado,1973-01-01,4,True,False,False,False,True,6.75,2024-11-14,80-120,4256.6
5199,Bilbao,Casco Viejo,Alquiler,Piso,278171.0,69.6,2.0,1.0,Buen estado,2013-01-01,2,True,False,False,True,False,4.21,2024-12-23,40-80,3996.71
5200,Bilbao,Abando,Venta,Piso,212333.0,45.6,2.0,1.0,Obra nueva,2023-01-01,9,True,True,False,True,False,5.81,2025-01-21,40-80,4656.43
5201,Bilbao,Casco Viejo,Venta,Piso,269825.0,56.1,2.0,1.0,Buen estado,1980-01-01,5,True,True,False,False,True,5.35,2024-11-19,40-80,4809.71
5202,Bilbao,Deusto,Venta,Piso,415076.0,79.9,2.0,1.0,Buen estado,1955-01-01,2,True,False,False,True,False,4.46,2025-03-27,40-80,5194.94
5203,Bilbao,Abando,Venta,Sin_clasificar,,,3.0,2.0,Buen estado,1973-01-01,7,True,False,False,False,True,5.98,2025-03-23,,
5204,Bilbao,Casco Viejo,Venta,Piso,335204.0,92.4,3.0,2.0,Reformado,1966-01-01,Bajo,False,True,False,True,True,5.66,2025-04-06,80-120,3627.75
5205,Bilbao,Deusto,Venta,Ático,261595.0,59.2,2.0,1.0,Reformado,2012-01-01,Ático,False,False,False,False,True,5.99,2024-11-28,40-80,4418.83
5206,Bilbao,Deusto,Venta,Piso,,76.5,2.0,1.0,Buen estado,1980-01-01,5,False,True,False,False,True,3.32,2024-11-18,40-80,
5207,Bilbao,Deusto,Venta,Piso,371337.0,87.9,3.0,2.0,Obra nueva,2021-01-01,7,True,False,True,True,False,4.21,,80-120,4224.54
5208,Bilbao,Indautxu,Venta,Piso,294374.0,90.3,3.0,2.0,A reformar,1982-01-01,4,True,False,False,False,False,2.83,2025-02-22,80-120,3259.96
5209,Bilbao,Abando,Alquiler,Piso,331662.0,77.4,2.0,1.0,Reformado,1966-01-01,5,False,True,False,False,False,2.06,2025-02-22,40-80,4285.04
5210,Bilbao,Abando,Alquiler,Piso,332353.0,91.3,3.0,2.0,Buen estado,2000-01-01,8,True,False,False,True,False,3.38,2025-01-27,80-120,3640.23
5211,Bilbao,Abando,Alquiler,Piso,508888.0,114.3,3.0,2.0,Buen estado,1970-01-01,2,False,False,False,False,False,5.99,2024-11-23,80-120,4452.21
5212,Bilbao,Indautxu,Venta,Piso,452906.0,91.1,3.0,2.0,A reformar,1978-01-01,4,True,True,False,False,False,,2025-03-27,80-120,4971.53
5213,Bilbao,Deusto,Venta,Piso,252107.0,69.2,2.0,1.0,Buen estado,1994-01-01,5,False,False,True,False,False,2.29,2025-03-02,40-80,3643.16
5214,Bilbao,Casco Viejo,Venta,Piso,319543.0,89.4,3.0,2.0,Buen estado,1993-01-01,1,False,True,False,False,False,4.86,2024-11-05,80-120,3574.31
5215,Bilbao,Indautxu,Alquiler,Piso,374553.0,100.7,3.0,2.0,Obra nueva,2019-01-01,Bajo,True,True,True,True,False,3.47,2024-12-26,80-120,3719.49
5216,Bilbao,Deusto,Venta,Piso,375328.0,77.7,2.0,1.0,Buen estado,1978-01-01,4,True,False,False,False,False,5.21,2024-12-31,40-80,4830.48
5217,Bilbao,Abando,Venta,Piso,,44.3,2.0,1.0,Buen estado,1956-01-01,5,True,False,False,False,False,2.77,2025-02-21,40-80,
5218,Bilbao,Casco Viejo,Alquiler,Ático,379607.0,78.0,2.0,1.0,Obra nueva,2020-01-01,Ático,True,True,False,True,False,,,40-80,4866.76
5219,Bilbao,Indautxu,Venta,Piso,377258.0,87.8,3.0,2.0,Buen estado,1948-01-01,8,True,True,False,True,False,3.83,2025-03-10,80-120,4296.79
5220,Bilbao,Casco Viejo,Venta,Piso,344408.0,90.3,3.0,2.0,Buen estado,2009-01-01,7,False,True,False,False,False,6.32,2025-01-27,80-120,3814.04
5221,Bilbao,Abando,Venta,Piso,511202.0,105.0,3.0,2.0,Buen estado,1970-01-01,8,True,False,False,True,False,6.79,2025-03-08,80-120,4868.59
5222,Bilbao,Indautxu,Venta,Piso,185467.0,51.1,2.0,1.0,Buen estado,1956-01-01,6,True,False,False,True,False,4.96,2024-11-05,40-80,3629.49
5223,Bilbao,Abando,Alquiler,Ático,502467.0,116.8,3.0,2.0,Buen estado,1987-01-01,Ático,False,True,False,False,False,5.09,2025-02-08,80-120,4301.94
5224,Bilbao,Indautxu,Venta,Piso,460589.0,116.2,3.0,2.0,Reformado,1983-01-01,6,True,True,False,False,True,6.84,2024-10-21,80-120,3963.76
5225,Bilbao,Indautxu,Venta,Ático,338230.0,76.1,2.0,1.0,Obra nueva,2022-01-01,Ático,True,True,False,False,False,4.94,2025-01-07,40-80,4444.55
5226,Bilbao,Indautxu,Venta,Piso,488044.0,80.9,3.0,2.0,A reformar,1997-01-01,8,True,True,True,True,True,5.75,2025-03-15,80-120,6032.68
5227,Bilbao,Casco Viejo,Venta,Piso,398360.0,96.7,3.0,2.0,Obra nueva,2020-01-01,3,False,True,True,True,False,1.8,2025-03-05,80-120,4119.54
5228,Bilbao,Casco Viejo,Venta,Piso,237757.0,76.9,2.0,1.0,Obra nueva,2022-01-01,Bajo,True,True,False,True,False,7.24,2025-03-23,40-80,3091.77
5229,Bilbao,Abando,Venta,Piso,249426.0,68.1,2.0,1.0,Buen estado,1996-01-01,9,True,False,False,False,True,4.6,2025-03-14,40-80,3662.64
5230,Bilbao,Deusto,Alquiler,Ático,287692.0,76.6,2.0,1.0,Buen estado,1981-01-01,Ático,False,False,False,True,False,5.24,2025-03-26,40-80,3755.77
5231,Bilbao,Deusto,Alquiler,Estudio,137031.0,30.0,0.0,1.0,Buen estado,2000-01-01,Bajo,True,True,True,False,False,5.35,2025-02-01,0-40,4567.7
5232,Bilbao,Casco Viejo,Venta,Piso,290928.0,72.3,2.0,1.0,Obra nueva,2019-01-01,6,True,True,True,True,False,4.68,2025-03-21,40-80,4023.9
5233,Bilbao,Deusto,Venta,Piso,307255.0,70.2,2.0,1.0,Obra nueva,2020-01-01,9,True,True,True,True,False,2.67,2024-11-05,40-80,4376.85
5234,Bilbao,Casco Viejo,Venta,Piso,259773.0,61.1,2.0,1.0,Buen estado,1987-01-01,5,False,True,False,True,False,,2025-03-06,40-80,4251.6
5235,Bilbao,Indautxu,Alquiler,Ático,369145.0,86.5,3.0,2.0,A reformar,1994-01-01,Ático,False,True,False,False,False,4.46,2025-03-03,80-120,4267.57
5236,Bilbao,Abando,Venta,Piso,538912.0,121.7,4.0,2.0,Obra nueva,2021-01-01,5,True,True,False,True,True,3.39,2025-02-15,120-160,4428.2
5237,Bilbao,Deusto,Venta,Piso,221748.0,58.2,2.0,1.0,Reformado,2000-01-01,7,False,False,False,True,False,3.57,2025-01-01,40-80,3810.1
5238,Bilbao,Casco Viejo,Venta,Piso,353807.0,82.4,3.0,2.0,Buen estado,1997-01-01,7,True,True,True,True,False,4.97,2025-02-20,80-120,4293.77
5239,Bilbao,Deusto,Alquiler,Piso,453681.0,116.4,3.0,2.0,Buen estado,1985-01-01,Bajo,True,True,True,True,False,,2025-02-11,80-120,3897.6
5240,Bilbao,Indautxu,Venta,Ático,322584.0,87.9,3.0,2.0,Buen estado,1983-01-01,Ático,True,False,True,False,False,4.83,2025-02-05,80-120,3669.9
5241,Bilbao,Casco Viejo,Alquiler,Ático,347090.0,85.5,3.0,2.0,Reformado,1962-01-01,Ático,True,True,False,False,False,7.46,2024-11-27,80-120,4059.53
5242,Bilbao,Deusto,Venta,Piso,325324.0,85.2,3.0,2.0,Buen estado,1995-01-01,8,True,False,True,False,False,3.21,2025-02-22,80-120,3818.36
5243,Bilbao,Indautxu,Venta,Piso,369079.0,91.1,3.0,2.0,Buen estado,2002-01-01,8,True,True,False,False,False,7.49,,80-120,4051.36
5244,Bilbao,Deusto,Venta,Piso,308254.0,106.0,3.0,2.0,Buen estado,1994-01-01,9,False,False,False,False,True,8.49,2025-03-12,80-120,2908.06
5245,Bilbao,Deusto,Venta,Piso,342382.0,87.8,3.0,2.0,Buen estado,2001-01-01,Bajo,True,True,True,False,False,5.65,2024-11-25,80-120,3899.57
5246,Bilbao,Indautxu,Venta,Ático,352946.0,91.1,3.0,2.0,Buen estado,1990-01-01,Ático,True,True,False,True,False,4.05,2025-01-17,80-120,3874.27
5247,Bilbao,Deusto,Venta,Ático,382704.0,95.6,3.0,2.0,Buen estado,1979-01-01,Ático,True,False,False,False,True,7.59,2025-01-01,80-120,4003.18
5248,Bilbao,Abando,Venta,Piso,392509.0,86.1,3.0,2.0,Buen estado,1988-01-01,Bajo,False,False,False,True,True,3.89,2024-11-26,80-120,4558.76
5249,Bilbao,Indautxu,Alquiler,Piso,368025.0,88.8,3.0,2.0,Buen estado,1996-01-01,1,False,True,False,False,False,5.55,2024-12-22,80-120,4144.43
5250,Bilbao,Casco Viejo,Alquiler,Piso,295931.0,81.9,3.0,2.0,Buen estado,1975-01-01,3,False,False,False,False,True,5.77,2025-01-08,80-120,3613.32
5251,Bilbao,Deusto,Venta,Piso,280297.0,78.4,2.0,1.0,A reformar,2001-01-01,Bajo,True,False,True,False,False,4.93,2024-11-16,40-80,3575.22
5252,Bilbao,Abando,Venta,Piso,417490.0,102.9,3.0,2.0,Buen estado,1977-01-01,3,True,True,False,True,True,3.59,2025-01-24,80-120,4057.24
5253,Bilbao,Deusto,Venta,Piso,564021.0,143.5,4.0,2.0,Buen estado,1990-01-01,4,False,True,False,False,True,3.87,2025-02-06,120-160,3930.46
5254,Bilbao,Casco Viejo,Venta,Piso,247891.0,69.3,2.0,1.0,Buen estado,1980-01-01,3,False,True,False,False,False,3.04,2025-03-27,40-80,3577.07
5255,Bilbao,Abando,Alquiler,Sin_clasificar,,,2.0,4.0,Buen estado,1984-01-01,Bajo,True,True,False,True,True,5.46,2025-01-24,,
5256,Bilbao,Deusto,Venta,Piso,204332.0,61.5,2.0,1.0,Buen estado,1986-01-01,2,True,True,True,False,False,4.19,2024-11-21,40-80,3322.47
5257,Bilbao,Indautxu,Alquiler,Ático,322682.0,79.2,2.0,1.0,Buen estado,1977-01-01,Ático,True,False,False,True,True,2.1,2024-10-15,40-80,4074.27
5258,Bilbao,Deusto,Venta,Piso,247429.0,68.6,2.0,1.0,Buen estado,2002-01-01,5,True,True,False,False,False,6.9,2024-12-11,40-80,3606.84
5259,Bilbao,Abando,Alquiler,Piso,270170.0,93.5,3.0,2.0,Buen estado,1975-01-01,5,False,False,True,False,False,5.73,2025-03-06,80-120,2889.52
5260,Bilbao,Deusto,Venta,Piso,207725.0,56.8,2.0,1.0,Buen estado,2001-01-01,5,False,True,True,True,False,7.59,2025-01-26,40-80,3657.13
5261,Bilbao,Abando,Venta,Ático,,,3.0,1.0,Buen estado,1978-01-01,Ático,True,False,False,False,False,5.69,2024-12-27,,
5262,Bilbao,Indautxu,Venta,Piso,306550.0,74.8,2.0,1.0,Buen estado,2020-01-01,3,True,False,True,False,False,7.73,2025-03-05,40-80,4098.26
5263,Bilbao,Abando,Venta,Piso,314385.0,78.6,2.0,1.0,Buen estado,2009-01-01,8,False,True,True,False,False,,2024-11-23,40-80,3999.81
5264,Bilbao,Indautxu,Venta,Piso,343233.0,79.2,2.0,1.0,Buen estado,1973-01-01,2,True,False,False,True,False,6.26,2025-01-25,40-80,4333.75
5265,Bilbao,Abando,Venta,Piso,271455.0,62.1,2.0,1.0,Buen estado,1973-01-01,9,True,False,False,True,False,3.4,2025-01-30,40-80,4371.26
5266,Bilbao,Deusto,Alquiler,Piso,242324.0,71.5,2.0,1.0,Buen estado,1980-01-01,7,False,True,True,False,False,5.07,2025-03-13,40-80,3389.15
5267,Bilbao,Abando,Venta,Piso,321515.0,82.3,3.0,2.0,Buen estado,1983-01-01,1,False,True,False,True,False,8.31,2025-01-04,80-120,3906.62
5268,Bilbao,Abando,Venta,Piso,286740.0,67.5,2.0,1.0,Buen estado,1951-01-01,3,False,True,False,True,False,4.44,2024-12-12,40-80,4248.0
5269,Bilbao,Deusto,Venta,Piso,185986.0,55.5,2.0,1.0,Buen estado,1993-01-01,2,True,False,True,False,False,1.89,2024-11-07,40-80,3351.1
5270,Bilbao,Casco Viejo,Venta,Ático,,,1.0,1.0,Buen estado,1994-01-01,Ático,True,False,False,False,False,,2024-12-08,,
5271,Bilbao,Indautxu,Venta,Piso,259079.0,64.4,2.0,1.0,Obra nueva,2023-01-01,9,True,True,False,True,True,5.36,2024-11-18,40-80,4022.97
5272,Bilbao,Casco Viejo,Alquiler,Piso,510553.0,115.3,3.0,2.0,Buen estado,1997-01-01,5,False,True,False,True,True,2.55,2024-12-05,80-120,4428.04
5273,Bilbao,Abando,Venta,Piso,372812.0,84.9,3.0,2.0,Reformado,1983-01-01,Bajo,False,False,False,True,False,4.17,2024-10-23,80-120,4391.19
5274,Bilbao,Indautxu,Alquiler,Piso,545487.0,171.14,5.0,3.0,Buen estado,2002-01-01,7,False,True,False,False,True,7.71,2024-12-19,160-200,3187.37
5275,Bilbao,Indautxu,Venta,Piso,342080.0,88.2,3.0,2.0,Buen estado,1984-01-01,8,True,True,False,False,False,8.04,2024-12-30,80-120,3878.46
5276,Bilbao,Casco Viejo,Alquiler,Piso,337384.0,99.6,3.0,2.0,Buen estado,1959-01-01,2,True,True,False,True,False,2.75,2025-02-26,80-120,3387.39
5277,Bilbao,Indautxu,Venta,Ático,249795.0,53.7,2.0,1.0,Buen estado,1991-01-01,Ático,True,True,False,True,False,6.73,2025-02-18,40-80,4651.68
5278,Bilbao,Abando,Alquiler,Piso,367587.0,82.8,3.0,2.0,Buen estado,2013-01-01,9,True,True,False,False,True,8.39,2025-02-27,80-120,4439.46
5279,Bilbao,Abando,Alquiler,Piso,314586.0,80.6,3.0,2.0,Obra nueva,2020-01-01,8,True,False,False,True,True,7.4,2025-03-06,80-120,3903.05
5280,Bilbao,Deusto,Venta,Piso,211349.0,52.4,2.0,1.0,Buen estado,1969-01-01,Bajo,True,True,False,False,True,3.79,2025-03-03,40-80,4033.38
5281,Bilbao,Casco Viejo,Alquiler,Piso,294540.0,77.8,2.0,1.0,Buen estado,1978-01-01,4,False,True,False,True,False,2.3,2025-01-29,40-80,3785.86
5282,Bilbao,Indautxu,Venta,Piso,397271.0,82.0,3.0,2.0,Obra nueva,2020-01-01,2,False,False,False,False,False,,2025-01-09,80-120,4844.77
5283,Bilbao,Casco Viejo,Venta,Piso,272033.0,67.2,2.0,1.0,Buen estado,1975-01-01,7,True,True,False,True,False,6.29,2025-02-12,40-80,4048.11
5284,Bilbao,Deusto,Venta,Piso,331451.0,71.7,2.0,1.0,Buen estado,1968-01-01,9,True,False,True,True,False,5.63,2024-12-17,40-80,4622.75
5285,Bilbao,Casco Viejo,Venta,Estudio,138463.0,30.0,0.0,1.0,Obra nueva,2018-01-01,6,True,False,False,True,False,5.54,2024-10-31,0-40,4615.43
5286,Bilbao,Indautxu,Alquiler,Piso,215184.0,47.4,2.0,1.0,Buen estado,1984-01-01,2,False,True,False,True,True,5.27,2025-02-25,40-80,4539.75
5287,Bilbao,Deusto,Venta,Piso,351310.0,108.2,3.0,2.0,Obra nueva,2019-01-01,8,True,False,False,True,True,4.32,2024-11-15,80-120,3246.86
5288,Bilbao,Casco Viejo,Venta,Estudio,133927.0,32.5,0.0,1.0,Buen estado,1966-01-01,6,True,False,False,True,False,3.8,2024-12-13,0-40,4120.83
5289,Bilbao,Abando,Venta,Piso,350908.0,93.7,3.0,2.0,Buen estado,2003-01-01,7,True,False,False,True,False,6.86,2024-10-28,80-120,3745.02
5290,Bilbao,Casco Viejo,Venta,Sin_clasificar,,,2.0,,Obra nueva,2022-01-01,8,True,False,False,False,False,2.77,2024-10-11,,
5291,Bilbao,Indautxu,Venta,Piso,302032.0,65.8,2.0,1.0,Buen estado,2015-01-01,6,True,False,True,False,False,3.5,2024-12-26,40-80,4590.15
5292,Bilbao,Casco Viejo,Alquiler,Piso,337634.0,87.0,3.0,2.0,Buen estado,1985-01-01,1,True,False,False,True,True,4.36,2024-11-14,80-120,3880.85
5293,Bilbao,Casco Viejo,Venta,Piso,260727.0,70.7,2.0,1.0,Buen estado,1987-01-01,2,True,False,True,False,True,2.47,2024-12-15,40-80,3687.79
5294,Bilbao,Indautxu,Venta,Ático,335969.0,66.9,2.0,1.0,A reformar,1990-01-01,Ático,True,True,False,False,False,7.14,2025-04-02,40-80,5021.96
5295,Bilbao,Deusto,Venta,Estudio,86158.0,31.0,0.0,1.0,Buen estado,1970-01-01,9,False,True,False,True,True,2.47,2025-03-12,0-40,2779.29
5296,Bilbao,Abando,Alquiler,Piso,259523.0,56.4,2.0,1.0,Buen estado,1980-01-01,Bajo,False,False,False,True,False,7.1,2025-02-19,40-80,4601.47
5297,Bilbao,Casco Viejo,Venta,Piso,350847.0,86.9,3.0,2.0,Buen estado,1982-01-01,8,False,False,False,True,False,3.93,2025-04-02,80-120,4037.36
5298,Bilbao,Casco Viejo,Venta,Sin_clasificar,,,1.0,1.0,Buen estado,2014-01-01,Bajo,False,True,False,True,False,4.69,2025-02-08,,
5299,Bilbao,Casco Viejo,Venta,Piso,247033.0,70.4,2.0,1.0,Buen estado,1963-01-01,4,False,True,False,True,False,7.0,2024-10-23,40-80,3508.99
5300,Bilbao,Deusto,Venta,Piso,413918.0,76.1,2.0,1.0,Buen estado,1975-01-01,5,True,True,False,True,True,5.35,2025-01-30,40-80,5439.13
5301,Bilbao,Casco Viejo,Venta,Piso,265409.0,71.2,2.0,1.0,Reformado,1991-01-01,6,True,False,True,False,False,6.27,2024-10-30,40-80,3727.65
5302,Bilbao,Abando,Venta,Piso,384896.0,82.0,3.0,2.0,Buen estado,1996-01-01,9,True,False,False,False,True,8.64,2024-10-09,80-120,4693.85
5303,Bilbao,Abando,Venta,Piso,323920.0,83.3,3.0,2.0,Buen estado,1958-01-01,8,False,True,False,False,True,6.32,2025-01-09,80-120,3888.6
5304,Bilbao,Abando,Alquiler,Piso,,66.4,2.0,1.0,Buen estado,1978-01-01,5,True,False,False,False,False,1.6,2025-03-28,40-80,
5305,Bilbao,Deusto,Venta,Piso,,102.4,3.0,2.0,Obra nueva,2023-01-01,3,True,True,False,True,True,6.55,2025-04-07,80-120,
5306,Bilbao,Indautxu,Venta,Piso,299571.0,80.2,3.0,2.0,Buen estado,1990-01-01,9,True,False,False,True,False,2.57,2025-02-06,80-120,3735.3
5307,Bilbao,Deusto,Alquiler,Ático,169453.0,40.7,2.0,1.0,Buen estado,2006-01-01,Ático,False,False,False,False,False,5.77,2025-02-03,40-80,4163.46
5308,Bilbao,Deusto,Venta,Piso,339825.0,89.9,3.0,2.0,Buen estado,1993-01-01,9,True,False,False,False,False,2.54,2025-02-01,80-120,3780.03
5309,Bilbao,Deusto,Venta,Piso,356953.0,115.2,3.0,2.0,Buen estado,1975-01-01,6,True,False,True,False,False,5.9,2025-03-27,80-120,3098.55
5310,Bilbao,Deusto,Venta,Piso,,71.6,2.0,1.0,Buen estado,1980-01-01,6,False,True,True,True,True,5.77,2024-12-20,40-80,
5311,Bilbao,Abando,Venta,Piso,227323.0,67.9,2.0,1.0,Buen estado,1985-01-01,Bajo,True,True,True,True,False,4.3,2025-04-01,40-80,3347.91
5312,Bilbao,Deusto,Venta,Piso,279431.0,78.9,2.0,1.0,Buen estado,1984-01-01,7,True,False,False,True,False,4.23,2025-03-14,40-80,3541.58
5313,Bilbao,Indautxu,Alquiler,Piso,379981.0,100.5,3.0,2.0,Obra nueva,2021-01-01,9,True,True,True,True,True,6.74,2025-04-02,80-120,3780.91
5314,Bilbao,Casco Viejo,Venta,Piso,366778.0,86.1,3.0,2.0,Buen estado,1997-01-01,6,True,False,False,True,False,5.45,2024-10-10,80-120,4259.91
5315,Bilbao,Deusto,Venta,Piso,390847.0,84.0,3.0,2.0,Obra nueva,2021-01-01,4,True,True,False,False,True,5.57,2025-03-11,80-120,4652.94
5316,Bilbao,Abando,Alquiler,Piso,230899.0,67.3,2.0,1.0,Buen estado,2003-01-01,6,False,True,True,True,True,4.57,2025-02-18,40-80,3430.89
5317,Bilbao,Abando,Venta,Sin_clasificar,,,3.0,2.0,Buen estado,1986-01-01,Bajo,False,True,True,True,False,3.39,2024-12-02,,
5318,Bilbao,Deusto,Venta,Piso,444161.0,108.05,3.0,2.0,Obra nueva,2023-01-01,5,True,True,False,True,False,4.36,2025-01-30,80-120,4110.7
5319,Bilbao,Deusto,Venta,Piso,286615.0,81.1,3.0,2.0,Buen estado,2019-01-01,8,True,False,True,False,True,6.48,2025-01-28,80-120,3534.09
5320,Bilbao,Indautxu,Venta,Piso,216352.0,74.6,2.0,1.0,Buen estado,1975-01-01,2,True,False,False,False,False,7.59,2025-01-29,40-80,2900.16
5321,Bilbao,Abando,Venta,Estudio,131923.0,34.5,0.0,1.0,Buen estado,1984-01-01,Bajo,False,True,True,True,False,4.66,2025-04-06,0-40,3823.86
5322,Bilbao,Deusto,Alquiler,Piso,192479.0,53.6,2.0,1.0,A reformar,1962-01-01,4,False,False,False,False,True,3.78,2025-01-22,40-80,3591.03
5323,Bilbao,Casco Viejo,Alquiler,Piso,364460.0,93.3,3.0,2.0,Buen estado,2002-01-01,5,True,False,False,True,False,7.1,2025-03-10,80-120,3906.32
5324,Bilbao,Indautxu,Alquiler,Piso,327742.0,73.3,2.0,1.0,Buen estado,1984-01-01,9,True,False,False,False,False,8.42,2025-01-22,40-80,4471.24
5325,Bilbao,Abando,Venta,Piso,301737.0,81.0,3.0,2.0,Obra nueva,2021-01-01,3,True,True,True,True,False,4.15,2025-03-24,80-120,3725.15
5326,Bilbao,Deusto,Venta,Piso,467689.0,104.6,3.0,2.0,Buen estado,1992-01-01,Bajo,True,True,False,False,False,4.82,2024-11-17,80-120,4471.21
5327,Bilbao,Indautxu,Venta,Piso,399112.0,118.8,3.0,2.0,Buen estado,1971-01-01,9,True,True,True,False,False,3.27,2025-02-12,80-120,3359.53
5328,Bilbao,Indautxu,Venta,Piso,374455.0,89.3,3.0,2.0,Buen estado,1989-01-01,2,True,True,True,True,False,5.28,2025-03-05,80-120,4193.23
5329,Bilbao,Casco Viejo,Alquiler,Piso,325366.0,100.5,3.0,2.0,Buen estado,1998-01-01,9,False,False,False,False,False,4.0,2024-11-14,80-120,3237.47
5330,Bilbao,Abando,Alquiler,Ático,194756.0,52.2,2.0,1.0,Buen estado,2008-01-01,Ático,False,False,False,False,False,5.89,2024-12-13,40-80,3730.96
5331,Bilbao,Deusto,Venta,Piso,352155.0,91.0,3.0,2.0,Buen estado,1974-01-01,9,False,False,False,True,True,3.75,2024-12-11,80-120,3869.84
5332,Bilbao,Casco Viejo,Alquiler,Piso,350374.0,91.4,3.0,2.0,Buen estado,2012-01-01,4,True,True,False,True,False,4.62,,80-120,3833.41
5333,Bilbao,Casco Viejo,Alquiler,Piso,259588.0,66.7,2.0,1.0,Buen estado,1964-01-01,6,False,True,False,False,False,6.15,2024-10-29,40-80,3891.87
5334,Bilbao,Casco Viejo,Venta,Piso,381716.0,69.9,2.0,1.0,Buen estado,1994-01-01,4,False,True,True,True,True,5.71,2025-01-05,40-80,5460.89
5335,Bilbao,Indautxu,Venta,Piso,180558.0,45.5,2.0,1.0,Buen estado,1977-01-01,6,False,False,False,True,False,7.84,2025-03-16,40-80,3968.31
5336,Bilbao,Casco Viejo,Venta,Piso,242137.0,68.5,2.0,1.0,Buen estado,1979-01-01,7,True,True,False,False,True,4.78,2025-01-01,40-80,3534.85
5337,Bilbao,Deusto,Venta,Piso,159936.0,42.0,2.0,1.0,Reformado,1973-01-01,4,True,False,False,True,True,2.36,2024-10-26,40-80,3808.0
5338,Bilbao,Indautxu,Venta,Piso,412023.0,125.1,4.0,2.0,Buen estado,1978-01-01,2,False,True,False,True,False,3.2,2025-03-06,120-160,3293.55
5339,Bilbao,Indautxu,Venta,Piso,403370.0,88.0,3.0,2.0,Buen estado,2003-01-01,5,True,False,False,True,True,1.82,2025-03-12,80-120,4583.75
5340,Bilbao,Casco Viejo,Venta,Piso,346348.0,79.9,2.0,1.0,Buen estado,1998-01-01,1,False,False,False,False,False,3.7,2025-04-05,40-80,4334.77
5341,Bilbao,Indautxu,Venta,Piso,435582.0,90.8,3.0,2.0,Buen estado,1997-01-01,Bajo,False,False,False,False,False,3.82,2024-11-06,80-120,4797.16
5342,Bilbao,Indautxu,Alquiler,Piso,,107.6,3.0,2.0,Buen estado,1993-01-01,4,False,True,False,False,True,5.44,2025-02-08,80-120,
5343,Bilbao,Indautxu,Venta,Piso,315296.0,84.1,3.0,2.0,Buen estado,2010-01-01,1,True,True,False,False,False,5.93,2024-10-26,80-120,3749.06
5344,Bilbao,Deusto,Venta,Piso,287869.0,76.3,2.0,1.0,Buen estado,2007-01-01,2,True,True,True,False,False,4.27,2025-04-06,40-80,3772.86
5345,Bilbao,Indautxu,Alquiler,Piso,352940.0,91.1,3.0,2.0,Reformado,2006-01-01,7,True,True,True,False,True,4.05,2024-10-16,80-120,3874.2
5346,Bilbao,Casco Viejo,Venta,Piso,421679.0,88.0,3.0,2.0,Buen estado,1975-01-01,5,False,True,False,False,True,2.37,2024-12-07,80-120,4791.81
5347,Bilbao,Abando,Venta,Ático,376429.0,88.0,3.0,2.0,Buen estado,1997-01-01,Ático,True,False,False,False,False,4.6,2024-12-24,80-120,4277.6
5348,Bilbao,Indautxu,Venta,Ático,,,5.0,1.0,Buen estado,1994-01-01,Ático,True,False,False,True,False,7.72,2024-11-23,,
5349,Bilbao,Casco Viejo,Venta,Piso,267635.0,62.4,2.0,1.0,Buen estado,1985-01-01,4,False,True,False,True,False,4.09,2024-12-24,40-80,4289.02
5350,Bilbao,Casco Viejo,Alquiler,Piso,307827.0,75.5,2.0,1.0,Buen estado,1983-01-01,1,True,False,False,True,False,5.38,2024-11-04,40-80,4077.18
5351,Bilbao,Indautxu,Venta,Piso,321782.0,75.2,2.0,1.0,Buen estado,1996-01-01,7,True,True,True,False,True,3.4,2025-02-25,40-80,4279.02
5352,Bilbao,Indautxu,Venta,Piso,476756.0,108.7,3.0,2.0,Obra nueva,2018-01-01,6,False,False,False,True,False,3.77,2025-01-23,80-120,4385.98
5353,Bilbao,Abando,Venta,Piso,306108.0,85.1,3.0,2.0,Buen estado,1991-01-01,8,True,False,True,True,False,4.97,2025-01-01,80-120,3597.04
5354,Bilbao,Casco Viejo,Venta,Piso,418402.0,86.6,3.0,2.0,Buen estado,1987-01-01,4,False,False,True,False,False,3.88,2024-10-29,80-120,4831.43
5355,Bilbao,Abando,Venta,Piso,318301.0,79.3,2.0,1.0,Buen estado,1977-01-01,2,True,True,False,False,False,4.28,2025-01-03,40-80,4013.88
5356,Bilbao,Indautxu,Venta,Piso,248834.0,71.0,2.0,1.0,Buen estado,1982-01-01,8,True,False,False,True,False,4.49,,40-80,3504.7
5357,Bilbao,Casco Viejo,Venta,Piso,206867.0,65.6,2.0,1.0,Buen estado,1990-01-01,9,False,True,False,False,False,7.77,2024-12-17,40-80,3153.46
5358,Bilbao,Casco Viejo,Venta,Piso,324729.0,74.0,2.0,1.0,Buen estado,1995-01-01,4,True,True,False,False,False,6.33,2024-11-22,40-80,4388.23
5359,Bilbao,Indautxu,Alquiler,Piso,265982.0,83.5,3.0,2.0,A reformar,1982-01-01,7,True,True,False,False,False,5.91,2024-10-18,80-120,3185.41
5360,Bilbao,Deusto,Venta,Ático,347262.0,80.0,3.0,2.0,Buen estado,1972-01-01,Ático,True,False,False,True,False,5.95,2024-11-20,80-120,4340.77
5361,Bilbao,Casco Viejo,Venta,Piso,246522.0,68.8,2.0,1.0,Reformado,1981-01-01,3,True,True,False,False,False,6.39,2024-11-18,40-80,3583.17
5362,Bilbao,Abando,Venta,Piso,371536.0,86.6,3.0,2.0,Buen estado,1981-01-01,6,True,True,False,False,False,5.12,2024-12-23,80-120,4290.25
5363,Bilbao,Indautxu,Alquiler,Sin_clasificar,,,1.0,2.0,Obra nueva,2022-01-01,6,True,True,False,False,True,7.56,2024-11-12,,
5364,Bilbao,Casco Viejo,Alquiler,Sin_clasificar,,,4.0,1.0,Obra nueva,2019-01-01,7,False,True,True,False,True,5.31,2024-11-14,,
5365,Bilbao,Casco Viejo,Alquiler,Piso,303280.0,71.2,2.0,1.0,Obra nueva,2019-01-01,Bajo,False,True,True,True,True,5.85,2025-02-15,40-80,4259.55
5366,Bilbao,Casco Viejo,Venta,Piso,152525.0,40.5,2.0,1.0,Buen estado,1991-01-01,1,True,False,True,False,False,0.5,2024-10-10,40-80,3766.05
5367,Bilbao,Casco Viejo,Venta,Ático,444013.0,113.5,3.0,2.0,Obra nueva,2020-01-01,Ático,True,False,True,True,True,4.87,2025-03-20,80-120,3912.01
5368,Bilbao,Deusto,Alquiler,Ático,307979.0,66.3,2.0,1.0,A reformar,1991-01-01,Ático,False,False,False,False,False,4.1,2025-04-07,40-80,4645.23
5369,Bilbao,Deusto,Venta,Piso,176729.0,56.2,2.0,1.0,Buen estado,1982-01-01,3,True,False,False,False,False,5.94,2025-03-24,40-80,3144.64
5370,Bilbao,Indautxu,Alquiler,Ático,246696.0,79.2,2.0,1.0,Buen estado,1994-01-01,Ático,True,False,False,True,True,4.21,2024-10-18,40-80,3114.85
5371,Bilbao,Abando,Venta,Piso,226856.0,64.2,2.0,1.0,Buen estado,2012-01-01,9,True,False,True,False,False,4.47,2025-02-06,40-80,3533.58
5372,Bilbao,Indautxu,Venta,Ático,204219.0,57.1,2.0,1.0,Buen estado,1973-01-01,Ático,True,False,False,False,False,4.81,2025-03-29,40-80,3576.51
5373,Bilbao,Indautxu,Venta,Sin_clasificar,,,,1.0,Reformado,1968-01-01,7,False,False,False,False,True,2.49,2024-10-14,,
5374,Bilbao,Deusto,Alquiler,Piso,267945.0,68.5,2.0,1.0,Buen estado,1982-01-01,2,True,True,False,True,False,3.0,,40-80,3911.61
5375,Bilbao,Deusto,Venta,Ático,253891.0,73.5,2.0,1.0,Buen estado,1987-01-01,Ático,False,True,False,False,True,0.5,2024-12-05,40-80,3454.3
5376,Bilbao,Casco Viejo,Alquiler,Piso,310010.0,87.5,3.0,2.0,Buen estado,1980-01-01,4,False,True,False,True,False,5.27,2024-11-04,80-120,3542.97
5377,Bilbao,Abando,Venta,Piso,488112.0,93.8,3.0,2.0,Buen estado,1993-01-01,1,False,True,False,False,True,6.07,2025-01-09,80-120,5203.75
5378,Bilbao,Casco Viejo,Venta,Ático,377165.0,98.7,3.0,2.0,Buen estado,1988-01-01,Ático,True,False,False,True,True,5.24,2025-02-03,80-120,3821.33
5379,Bilbao,Indautxu,Venta,Piso,308697.0,77.1,2.0,1.0,A reformar,1966-01-01,5,False,False,False,False,False,2.33,2025-01-14,40-80,4003.85
5380,Bilbao,Abando,Venta,Piso,351009.0,88.4,3.0,2.0,Buen estado,1988-01-01,4,False,False,False,False,True,3.38,2025-03-29,80-120,3970.69
5381,Bilbao,Casco Viejo,Venta,Piso,319120.0,108.4,3.0,2.0,Buen estado,1993-01-01,2,True,False,False,True,True,4.81,2025-03-17,80-120,2943.91
5382,Bilbao,Abando,Alquiler,Piso,421610.0,113.4,3.0,2.0,Buen estado,1981-01-01,5,False,False,False,False,False,8.2,2025-01-07,80-120,3717.9
5383,Bilbao,Casco Viejo,Alquiler,Piso,393078.0,99.0,3.0,2.0,Buen estado,1959-01-01,6,False,False,False,False,True,6.63,2024-11-19,80-120,3970.48
5384,Bilbao,Indautxu,Venta,Piso,250014.0,60.7,2.0,1.0,Buen estado,1996-01-01,9,False,True,False,False,True,4.55,2025-03-31,40-80,4118.85
5385,Bilbao,Deusto,Alquiler,Piso,284126.0,68.6,2.0,1.0,Buen estado,1987-01-01,6,False,True,False,True,False,5.01,2024-10-15,40-80,4141.78
5386,Bilbao,Deusto,Venta,Piso,363143.0,80.5,3.0,2.0,Reformado,1966-01-01,Bajo,True,True,True,False,False,5.73,2024-12-05,80-120,4511.09
5387,Bilbao,Indautxu,Venta,Piso,346040.0,90.1,3.0,2.0,Buen estado,1993-01-01,8,False,False,False,False,False,4.48,2025-02-13,80-120,3840.62
5388,Bilbao,Abando,Alquiler,Piso,297097.0,67.7,2.0,1.0,Buen estado,1953-01-01,3,True,False,False,True,False,6.32,2025-01-08,40-80,4388.43
5389,Bilbao,Casco Viejo,Venta,Piso,,49.8,2.0,1.0,Reformado,1980-01-01,8,True,True,False,True,True,8.57,2024-10-28,40-80,
5390,Bilbao,Abando,Venta,Piso,236545.0,73.7,2.0,1.0,Buen estado,1994-01-01,3,True,False,True,True,True,5.41,2024-11-30,40-80,3209.57
5391,Bilbao,Casco Viejo,Venta,Piso,391177.0,100.0,3.0,2.0,Buen estado,1995-01-01,7,True,False,True,False,False,4.11,,80-120,3911.77
5392,Bilbao,Indautxu,Venta,Piso,308824.0,78.2,2.0,1.0,Buen estado,1991-01-01,7,True,True,False,True,False,6.15,2024-10-27,40-80,3949.16
5393,Bilbao,Deusto,Alquiler,Piso,280646.0,79.1,2.0,1.0,Buen estado,1964-01-01,9,True,False,False,False,True,5.3,2025-01-11,40-80,3547.99
5394,Bilbao,Casco Viejo,Venta,Piso,232247.0,73.2,2.0,1.0,Reformado,1999-01-01,5,False,False,False,False,False,5.29,2025-02-12,40-80,3172.77
5395,Bilbao,Deusto,Venta,Sin_clasificar,,,1.0,1.0,Buen estado,1984-01-01,5,True,True,False,True,False,3.27,2024-10-15,,
5396,Bilbao,Deusto,Venta,Piso,201297.0,49.5,2.0,1.0,Buen estado,1980-01-01,6,True,True,True,True,False,5.56,2024-11-12,40-80,4066.61
5397,Bilbao,Abando,Venta,Piso,,93.9,3.0,2.0,Buen estado,1963-01-01,4,True,True,True,True,False,4.02,,80-120,
5398,Bilbao,Indautxu,Venta,Piso,284252.0,67.9,2.0,1.0,Buen estado,1964-01-01,2,False,True,True,False,True,2.82,,40-80,4186.33
5399,Bilbao,Deusto,Venta,Ático,244205.0,51.6,2.0,1.0,Reformado,1991-01-01,Ático,True,False,False,False,False,3.15,2025-02-21,40-80,4732.66
5400,Bilbao,Indautxu,Alquiler,Piso,360146.0,89.9,3.0,2.0,Buen estado,1991-01-01,1,True,False,True,True,True,6.58,2024-10-26,80-120,4006.07
5401,Bilbao,Indautxu,Venta,Piso,436399.0,107.2,3.0,2.0,Buen estado,1974-01-01,4,False,False,False,True,True,,2024-12-23,80-120,4070.89
5402,Bilbao,Deusto,Venta,Ático,321520.0,72.7,2.0,1.0,Buen estado,1969-01-01,Ático,False,False,False,False,True,4.54,2024-11-12,40-80,4422.56
5403,Bilbao,Casco Viejo,Venta,Piso,259340.0,81.4,3.0,2.0,Reformado,1971-01-01,7,True,False,False,False,False,5.85,2024-11-29,80-120,3186.0
5404,Bilbao,Abando,Venta,Piso,253360.0,73.3,2.0,1.0,Buen estado,1985-01-01,Bajo,True,True,False,False,True,3.94,2024-11-26,40-80,3456.48
5405,Bilbao,Deusto,Venta,Piso,324622.0,86.3,3.0,2.0,Obra nueva,2018-01-01,2,False,True,False,True,False,3.49,2024-12-20,80-120,3761.55
5406,Bilbao,Deusto,Venta,Piso,253637.0,55.6,2.0,1.0,Buen estado,2015-01-01,6,True,False,False,False,True,,2024-12-07,40-80,4561.82
5407,Bilbao,Deusto,Venta,Piso,325753.0,79.5,2.0,1.0,Buen estado,1986-01-01,4,False,False,False,False,False,6.14,2024-11-01,40-80,4097.52
5408,Bilbao,Indautxu,Alquiler,Sin_clasificar,,,2.0,1.0,Buen estado,1992-01-01,Bajo,True,False,False,True,False,3.15,2025-01-09,,
5409,Bilbao,Indautxu,Venta,Piso,356794.0,86.6,3.0,2.0,Buen estado,1983-01-01,Bajo,False,False,False,True,True,3.8,2024-10-15,80-120,4120.02
5410,Bilbao,Deusto,Alquiler,Piso,230393.0,51.6,2.0,1.0,Reformado,1982-01-01,1,True,True,False,False,False,4.91,2024-11-12,40-80,4464.98
5411,Bilbao,Indautxu,Alquiler,Piso,313018.0,78.8,2.0,1.0,Buen estado,1956-01-01,1,True,True,True,False,False,5.87,2025-02-27,40-80,3972.31
5412,Bilbao,Abando,Alquiler,Piso,344990.0,101.3,3.0,2.0,Buen estado,2005-01-01,4,False,False,False,False,False,6.78,,80-120,3405.63
5413,Bilbao,Deusto,Alquiler,Piso,206259.0,66.0,2.0,1.0,Buen estado,2020-01-01,3,True,True,False,False,False,7.14,2024-12-02,40-80,3125.14
5414,Bilbao,Casco Viejo,Venta,Piso,361891.0,92.6,3.0,2.0,Buen estado,1974-01-01,6,True,True,True,False,True,4.56,2024-10-31,80-120,3908.11
5415,Bilbao,Indautxu,Venta,Piso,312795.0,76.2,2.0,1.0,Buen estado,1995-01-01,1,True,False,True,False,False,5.36,2024-11-16,40-80,4104.92
5416,Bilbao,Abando,Alquiler,Piso,246496.0,67.4,2.0,1.0,Reformado,1981-01-01,3,True,False,False,False,False,1.95,2025-02-14,40-80,3657.21
5417,Bilbao,Abando,Alquiler,Piso,234356.0,72.5,2.0,1.0,Buen estado,1993-01-01,4,True,False,False,False,True,6.16,2025-03-01,40-80,3232.5
5418,Bilbao,Abando,Venta,Piso,391839.0,99.0,3.0,2.0,Buen estado,2016-01-01,8,False,True,False,True,False,4.77,2025-02-25,80-120,3957.97
5419,Bilbao,Abando,Venta,Piso,340261.0,88.1,3.0,2.0,Buen estado,1995-01-01,5,True,True,False,False,False,4.92,2024-11-18,80-120,3862.21
5420,Bilbao,Indautxu,Venta,Piso,274276.0,76.7,2.0,1.0,Buen estado,1992-01-01,9,False,False,True,False,True,6.24,2024-10-18,40-80,3575.96
5421,Bilbao,Indautxu,Venta,Piso,230761.0,63.0,2.0,1.0,Buen estado,1979-01-01,8,True,False,True,True,False,5.39,2025-04-05,40-80,3662.87
5422,Bilbao,Indautxu,Venta,Piso,267784.0,65.7,2.0,1.0,Buen estado,1969-01-01,6,True,True,False,True,False,4.54,2025-03-18,40-80,4075.86
5423,Bilbao,Casco Viejo,Venta,Piso,302319.0,74.7,2.0,1.0,A reformar,2011-01-01,1,True,False,False,True,False,6.08,2025-02-09,40-80,4047.11
5424,Bilbao,Abando,Venta,Piso,393920.0,105.9,3.0,2.0,Buen estado,1994-01-01,9,True,False,False,True,False,5.74,2024-11-01,80-120,3719.74
5425,Bilbao,Abando,Alquiler,Piso,304037.0,83.5,3.0,2.0,Buen estado,1993-01-01,Bajo,True,False,True,True,True,3.05,2024-12-30,80-120,3641.16
5426,Bilbao,Abando,Venta,Piso,390662.0,80.7,3.0,2.0,Obra nueva,2018-01-01,3,False,True,False,True,False,4.31,2024-12-17,80-120,4840.92
5427,Bilbao,Deusto,Venta,Piso,398858.0,100.1,3.0,2.0,A reformar,1988-01-01,1,True,True,True,True,True,4.87,,80-120,3984.6
5428,Bilbao,Casco Viejo,Alquiler,Piso,484276.0,119.8,3.0,2.0,Obra nueva,2021-01-01,7,True,True,True,False,False,4.33,2025-01-05,80-120,4042.37
5429,Bilbao,Indautxu,Venta,Piso,342573.0,86.3,3.0,2.0,Buen estado,1985-01-01,3,False,True,False,False,False,6.7,,80-120,3969.56
5430,Bilbao,Casco Viejo,Alquiler,Piso,303940.0,65.4,2.0,1.0,Buen estado,1975-01-01,3,False,True,False,False,False,5.75,2025-03-27,40-80,4647.4
5431,Bilbao,Casco Viejo,Alquiler,Ático,,88.9,3.0,2.0,Buen estado,1977-01-01,Ático,False,True,False,False,False,5.06,2025-03-29,80-120,
5432,Bilbao,Abando,Venta,Piso,308424.0,83.9,3.0,2.0,Obra nueva,2018-01-01,3,True,True,True,False,True,5.99,2025-03-04,80-120,3676.09
5433,Bilbao,Casco Viejo,Alquiler,Sin_clasificar,,,1.0,1.0,Buen estado,2002-01-01,7,True,False,False,False,False,3.73,2024-10-14,,
5434,Bilbao,Abando,Venta,Piso,429062.0,95.4,3.0,2.0,Buen estado,1977-01-01,9,True,False,False,True,True,4.14,2025-01-18,80-120,4497.51
5435,Bilbao,Casco Viejo,Venta,Piso,203594.0,59.3,2.0,1.0,Obra nueva,2019-01-01,3,True,True,True,True,False,6.15,2025-04-03,40-80,3433.29
5436,Bilbao,Casco Viejo,Venta,Piso,187587.0,53.5,2.0,1.0,Obra nueva,2020-01-01,8,False,True,False,True,False,4.55,2024-10-11,40-80,3506.3
5437,Bilbao,Abando,Venta,Ático,257706.0,61.0,2.0,1.0,Buen estado,1990-01-01,Ático,False,True,False,False,False,3.09,2024-10-21,40-80,4224.69
5438,Bilbao,Casco Viejo,Venta,Piso,192948.0,64.4,2.0,1.0,Buen estado,1983-01-01,Bajo,True,True,False,False,True,7.05,2025-01-20,40-80,2996.09
5439,Bilbao,Deusto,Alquiler,Sin_clasificar,,,6.0,1.0,Buen estado,1971-01-01,8,False,False,False,True,True,3.94,2025-04-04,,
5440,Bilbao,Indautxu,Venta,Piso,,94.9,3.0,2.0,Buen estado,1970-01-01,5,True,True,False,True,True,6.57,2025-03-11,80-120,
5441,Bilbao,Abando,Alquiler,Piso,,76.4,2.0,1.0,Buen estado,1980-01-01,5,False,True,False,False,False,5.67,2025-02-24,40-80,
5442,Bilbao,Indautxu,Venta,Piso,368546.0,82.8,3.0,2.0,Buen estado,2001-01-01,4,False,False,False,True,False,5.25,2025-01-08,80-120,4451.04
5443,Bilbao,Deusto,Alquiler,Estudio,,30.0,0.0,1.0,Buen estado,1988-01-01,1,False,True,True,True,False,3.76,2025-03-05,0-40,
5444,Bilbao,Casco Viejo,Alquiler,Piso,198134.0,58.8,2.0,1.0,Reformado,1981-01-01,8,True,True,False,True,False,5.92,2024-11-20,40-80,3369.63
5445,Bilbao,Indautxu,Venta,Piso,319777.0,85.6,3.0,2.0,Reformado,1983-01-01,8,False,False,False,False,False,6.14,2025-02-11,80-120,3735.71
5446,Bilbao,Indautxu,Venta,Piso,223768.0,43.2,2.0,1.0,Buen estado,1980-01-01,2,True,True,False,True,False,8.32,2024-12-09,40-80,5179.81
5447,Bilbao,Abando,Venta,Piso,214302.0,53.8,2.0,1.0,Buen estado,1965-01-01,7,False,False,False,False,True,7.07,2025-01-10,40-80,3983.31
5448,Bilbao,Deusto,Venta,Piso,359308.0,96.8,3.0,2.0,Buen estado,2001-01-01,6,False,False,False,False,False,5.97,2025-02-08,80-120,3711.86
5449,Bilbao,Deusto,Venta,Piso,397590.0,100.4,3.0,2.0,Obra nueva,2019-01-01,Bajo,True,True,True,False,False,4.14,2025-01-19,80-120,3960.06
5450,Bilbao,Indautxu,Venta,Sin_clasificar,,,,1.0,Reformado,1976-01-01,9,False,True,False,True,True,5.27,2025-01-30,,
5451,Bilbao,Casco Viejo,Venta,Piso,424460.0,111.5,3.0,2.0,Buen estado,2016-01-01,4,True,True,True,False,True,5.32,2024-10-10,80-120,3806.82
5452,Bilbao,Abando,Venta,Piso,474682.0,111.1,3.0,2.0,Buen estado,1996-01-01,1,True,False,False,False,True,3.33,2025-01-11,80-120,4272.57
5453,Bilbao,Casco Viejo,Venta,Piso,214098.0,48.7,2.0,1.0,Buen estado,1994-01-01,3,False,False,True,False,True,7.0,2025-04-06,40-80,4396.26
5454,Bilbao,Casco Viejo,Alquiler,Piso,369605.0,100.4,3.0,2.0,Buen estado,1978-01-01,1,True,True,True,True,False,2.5,2024-11-04,80-120,3681.32
5455,Bilbao,Deusto,Venta,Piso,193699.0,70.6,2.0,1.0,Buen estado,1996-01-01,6,True,False,True,True,False,4.73,2024-10-28,40-80,2743.61
5456,Bilbao,Abando,Venta,Piso,270448.0,86.6,3.0,2.0,Obra nueva,2018-01-01,5,True,True,True,False,False,4.27,,80-120,3122.96
5457,Bilbao,Deusto,Alquiler,Piso,432440.0,106.5,3.0,2.0,A reformar,1996-01-01,4,False,False,True,True,True,5.74,,80-120,4060.47
5458,Bilbao,Casco Viejo,Venta,Piso,295395.0,75.0,2.0,1.0,Buen estado,1987-01-01,4,False,True,False,True,False,8.3,2024-12-07,40-80,3938.6
5459,Bilbao,Casco Viejo,Venta,Piso,371331.0,98.4,3.0,2.0,Obra nueva,2019-01-01,4,True,False,False,True,False,2.9,2025-03-31,80-120,3773.69
5460,Bilbao,Deusto,Venta,Piso,332710.0,80.7,3.0,2.0,A reformar,1978-01-01,9,True,False,False,False,False,,2025-01-07,80-120,4122.8
5461,Bilbao,Casco Viejo,Alquiler,Piso,341122.0,73.9,2.0,1.0,Buen estado,1962-01-01,Bajo,False,False,False,True,True,5.15,2024-10-31,40-80,4615.99
5462,Bilbao,Abando,Venta,Piso,386285.0,111.8,3.0,2.0,A reformar,1968-01-01,2,False,True,True,False,True,3.69,2025-02-13,80-120,3455.14
5463,Bilbao,Indautxu,Alquiler,Piso,341823.0,94.3,3.0,2.0,Buen estado,1966-01-01,9,False,False,False,True,False,6.64,2025-02-06,80-120,3624.85
5464,Bilbao,Deusto,Venta,Piso,330549.0,106.0,3.0,2.0,Buen estado,1965-01-01,7,True,True,False,False,False,5.53,2024-12-01,80-120,3118.39
5465,Bilbao,Casco Viejo,Alquiler,Sin_clasificar,,,2.0,1.0,Buen estado,1976-01-01,Bajo,False,True,False,False,True,,2025-03-06,,
5466,Bilbao,Deusto,Alquiler,Piso,,61.7,2.0,1.0,Buen estado,1977-01-01,9,False,False,False,True,False,5.02,2024-11-27,40-80,
5467,Bilbao,Deusto,Venta,Piso,421657.0,104.5,3.0,2.0,Buen estado,1987-01-01,6,True,False,False,False,False,6.88,2025-04-01,80-120,4035.0
5468,Bilbao,Deusto,Venta,Piso,382203.0,94.6,3.0,2.0,Buen estado,1962-01-01,4,True,False,True,True,False,4.24,2024-10-13,80-120,4040.2
5469,Bilbao,Indautxu,Venta,Piso,352489.0,89.9,3.0,2.0,Buen estado,2010-01-01,4,True,False,True,True,False,3.06,2024-11-26,80-120,3920.9
5470,Bilbao,Casco Viejo,Alquiler,Piso,320712.0,71.9,2.0,1.0,Buen estado,1961-01-01,2,False,True,True,True,True,,2025-02-10,40-80,4460.53
5471,Bilbao,Deusto,Alquiler,Piso,265196.0,62.7,2.0,1.0,Reformado,2020-01-01,1,False,True,False,False,False,0.74,2024-12-26,40-80,4229.6
5472,Bilbao,Indautxu,Venta,Piso,281259.0,86.1,3.0,2.0,Buen estado,1981-01-01,6,True,False,False,True,False,6.97,2025-01-26,80-120,3266.66
5473,Bilbao,Deusto,Venta,Piso,294484.0,70.4,2.0,1.0,A reformar,1988-01-01,7,True,True,True,False,True,4.52,2025-04-05,40-80,4183.01
5474,Bilbao,Deusto,Alquiler,Piso,228205.0,68.5,2.0,1.0,Buen estado,1967-01-01,8,True,False,False,False,False,5.0,2024-10-10,40-80,3331.46
5475,Bilbao,Abando,Venta,Piso,295125.0,66.3,2.0,1.0,Obra nueva,2023-01-01,1,True,True,False,False,True,5.0,2025-03-23,40-80,4451.36
5476,Bilbao,Casco Viejo,Venta,Piso,283360.0,84.4,3.0,2.0,Buen estado,1989-01-01,4,True,True,False,False,False,6.76,2025-04-05,80-120,3357.35
5477,Bilbao,Deusto,Venta,Piso,329167.0,75.3,2.0,1.0,Buen estado,2007-01-01,6,False,False,False,False,True,4.0,2024-12-02,40-80,4371.41
5478,Bilbao,Indautxu,Alquiler,Piso,194085.0,58.7,2.0,1.0,Reformado,1985-01-01,8,True,True,True,False,False,5.12,2025-03-13,40-80,3306.39
5479,Bilbao,Casco Viejo,Alquiler,Piso,240937.0,63.4,2.0,1.0,Buen estado,1979-01-01,Bajo,False,True,False,False,True,6.87,2024-10-22,40-80,3800.27
5480,Bilbao,Abando,Venta,Piso,343725.0,75.9,2.0,1.0,A reformar,1965-01-01,1,True,False,False,True,False,2.01,2024-11-10,40-80,4528.66
5481,Bilbao,Deusto,Venta,Piso,356785.0,98.4,3.0,2.0,Buen estado,2003-01-01,1,True,True,False,False,False,5.35,2024-12-09,80-120,3625.86
5482,Bilbao,Abando,Alquiler,Piso,283903.0,62.6,2.0,1.0,Obra nueva,2022-01-01,4,True,True,False,False,False,6.25,2025-03-01,40-80,4535.19
5483,Bilbao,Deusto,Venta,Ático,274092.0,76.0,2.0,1.0,Buen estado,1976-01-01,Ático,False,False,False,True,True,3.03,2025-04-07,40-80,3606.47
5484,Bilbao,Indautxu,Venta,Piso,313978.0,78.0,2.0,1.0,Buen estado,1970-01-01,8,True,True,True,False,False,6.76,2024-11-29,40-80,4025.36
5485,Bilbao,Indautxu,Venta,Piso,292718.0,77.7,2.0,1.0,Obra nueva,2023-01-01,5,True,True,True,True,False,5.48,2025-01-20,40-80,3767.28
5486,Bilbao,Casco Viejo,Venta,Piso,540169.0,117.6,3.0,2.0,Buen estado,1989-01-01,Bajo,True,False,False,True,True,,2024-11-13,80-120,4593.27
5487,Bilbao,Casco Viejo,Alquiler,Piso,309617.0,74.7,2.0,1.0,Buen estado,1981-01-01,7,False,False,False,True,False,2.49,2024-11-02,40-80,4144.81
5488,Bilbao,Abando,Venta,Piso,213155.0,60.0,2.0,1.0,Reformado,1953-01-01,1,False,False,False,False,True,4.68,2025-02-20,40-80,3552.58
5489,Bilbao,Casco Viejo,Alquiler,Piso,,84.0,3.0,2.0,Buen estado,1963-01-01,9,False,False,False,False,False,6.26,2024-12-19,80-120,
5490,Bilbao,Abando,Alquiler,Piso,311031.0,75.3,2.0,1.0,Buen estado,2000-01-01,9,False,False,False,False,False,4.47,2024-11-08,40-80,4130.56
5491,Bilbao,Abando,Alquiler,Piso,189102.0,57.8,2.0,1.0,Buen estado,1996-01-01,6,True,True,False,True,False,6.19,2024-12-13,40-80,3271.66
5492,Bilbao,Deusto,Venta,Piso,174284.0,63.5,2.0,1.0,A reformar,1999-01-01,9,True,False,False,True,False,3.95,2025-02-15,40-80,2744.63
5493,Bilbao,Indautxu,Venta,Piso,218441.0,52.5,2.0,1.0,Buen estado,1983-01-01,4,True,True,False,False,False,6.34,2024-11-22,40-80,4160.78
5494,Bilbao,Deusto,Alquiler,Ático,305064.0,82.7,3.0,2.0,A reformar,1995-01-01,Ático,False,True,False,False,False,6.91,2025-02-18,80-120,3688.8
5495,Bilbao,Deusto,Alquiler,Ático,292353.0,83.0,3.0,2.0,Buen estado,1970-01-01,Ático,True,True,False,False,True,5.39,2025-02-09,80-120,3522.33
5496,Bilbao,Deusto,Venta,Piso,,117.4,3.0,2.0,Obra nueva,2021-01-01,Bajo,True,True,True,True,False,4.11,2024-10-23,80-120,
5497,Bilbao,Casco Viejo,Venta,Piso,315474.0,89.0,3.0,2.0,Buen estado,1965-01-01,5,False,True,False,False,True,6.35,2024-12-10,80-120,3544.65
5498,Bilbao,Indautxu,Venta,Ático,442289.0,99.0,3.0,2.0,Buen estado,1994-01-01,Ático,True,True,False,True,True,4.13,2025-02-28,80-120,4467.57
5499,Bilbao,Abando,Venta,Piso,310559.0,73.2,2.0,1.0,Buen estado,1974-01-01,7,True,False,False,True,True,2.97,2025-03-04,40-80,4242.61
5500,Bilbao,Abando,Venta,Piso,,92.6,3.0,2.0,Buen estado,2001-01-01,Bajo,False,True,True,True,False,5.26,2024-11-15,80-120,
5501,Málaga,El Palo,Venta,Piso,333792.0,93.4,3.0,2.0,Buen estado,2007-01-01,3,False,False,False,False,False,4.12,2025-03-04,80-120,3573.79
5502,Málaga,Pedregalejo,Venta,Ático,355739.0,85.7,3.0,2.0,Buen estado,1994-01-01,Ático,True,False,True,False,False,7.17,2025-02-21,80-120,4150.98
5503,Málaga,La Malagueta,Alquiler,Piso,324204.0,76.2,2.0,1.0,Buen estado,1982-01-01,Bajo,True,False,False,False,False,5.95,2024-11-26,40-80,4254.65
5504,Málaga,El Palo,Venta,Piso,359056.0,88.4,3.0,2.0,Buen estado,1994-01-01,Bajo,True,True,True,False,False,5.94,2025-01-31,80-120,4061.72
5505,Málaga,Málaga-Centro,Alquiler,Ático,98802.0,32.5,0.0,1.0,Obra nueva,2022-01-01,Ático,True,True,False,False,False,4.02,,0-40,3040.06
5506,Málaga,El Palo,Alquiler,Piso,341012.0,102.1,3.0,2.0,Buen estado,1962-01-01,9,True,True,False,True,True,3.27,2024-12-05,80-120,3339.98
5507,Málaga,La Malagueta,Venta,Estudio,143753.0,39.7,0.0,1.0,Obra nueva,2023-01-01,Bajo,True,True,False,False,True,5.74,2025-03-04,0-40,3620.98
5508,Málaga,La Malagueta,Venta,Piso,364514.0,102.6,3.0,2.0,Buen estado,1999-01-01,6,True,True,True,False,False,8.07,2025-02-11,80-120,3552.77
5509,Málaga,Pedregalejo,Venta,Piso,362302.0,96.3,3.0,2.0,Reformado,2004-01-01,2,True,False,False,True,True,3.82,2025-03-15,80-120,3762.22
5510,Málaga,El Palo,Venta,Piso,,69.6,2.0,1.0,Obra nueva,2023-01-01,4,True,True,True,True,True,4.59,2025-01-04,40-80,
5511,Málaga,El Palo,Venta,Piso,307957.0,90.1,3.0,2.0,Buen estado,1967-01-01,5,False,True,False,True,False,,2025-03-31,80-120,3417.95
5512,Málaga,Pedregalejo,Venta,Piso,311028.0,97.0,3.0,2.0,Buen estado,2004-01-01,1,True,True,False,True,False,6.1,2025-01-31,80-120,3206.47
5513,Málaga,Pedregalejo,Venta,Piso,208770.0,84.5,3.0,2.0,Buen estado,1983-01-01,Bajo,False,True,True,True,True,4.71,2024-11-27,80-120,2470.65
5514,Málaga,Pedregalejo,Venta,Piso,,71.3,2.0,1.0,Buen estado,1981-01-01,2,False,False,False,True,False,3.45,2025-01-28,40-80,
5515,Málaga,La Malagueta,Venta,Piso,291257.0,68.7,2.0,1.0,Buen estado,1993-01-01,3,True,True,False,False,False,2.24,2024-11-10,40-80,4239.55
5516,Málaga,El Palo,Venta,Piso,293296.0,86.6,3.0,2.0,Buen estado,2011-01-01,5,False,False,True,True,True,5.14,2025-01-30,80-120,3386.79
5517,Málaga,La Malagueta,Venta,Piso,264518.0,74.1,2.0,1.0,Obra nueva,2018-01-01,7,True,False,False,False,True,3.98,,40-80,3569.74
5518,Málaga,Málaga-Centro,Alquiler,Piso,,55.9,2.0,1.0,Buen estado,1974-01-01,8,True,False,True,True,False,,2025-01-04,40-80,
5519,Málaga,La Malagueta,Venta,Piso,205387.0,67.3,2.0,1.0,Buen estado,1992-01-01,7,True,False,True,True,False,4.12,2025-01-11,40-80,3051.81
5520,Málaga,Málaga-Centro,Venta,Ático,236421.0,59.2,2.0,1.0,Buen estado,1985-01-01,Ático,True,True,False,True,False,6.18,2025-03-05,40-80,3993.6
5521,Málaga,Málaga-Centro,Venta,Piso,298733.0,87.9,3.0,2.0,Obra nueva,2019-01-01,6,True,True,True,False,False,4.29,2025-01-21,80-120,3398.56
5522,Málaga,La Malagueta,Venta,Piso,269983.0,91.4,3.0,2.0,Buen estado,1994-01-01,4,False,False,False,True,False,4.61,2024-11-11,80-120,2953.86
5523,Málaga,La Malagueta,Venta,Sin_clasificar,,,1.0,1.0,Buen estado,1984-01-01,8,False,False,False,False,True,5.66,2024-12-07,,
5524,Málaga,El Palo,Venta,Piso,,92.7,3.0,2.0,Reformado,1988-01-01,3,False,False,False,True,False,5.92,2025-02-13,80-120,
5525,Málaga,La Malagueta,Venta,Piso,256681.0,107.6,3.0,2.0,Buen estado,1984-01-01,Bajo,False,False,False,False,False,5.99,2024-12-07,80-120,2385.51
5526,Málaga,La Malagueta,Alquiler,Piso,300786.0,81.6,3.0,2.0,Obra nueva,2023-01-01,Bajo,True,True,False,False,True,6.17,2024-10-10,80-120,3686.1
5527,Málaga,Pedregalejo,Venta,Piso,213306.0,61.4,2.0,1.0,Reformado,1958-01-01,Bajo,False,False,True,False,True,,2024-11-30,40-80,3474.04
5528,Málaga,El Palo,Venta,Piso,198688.0,67.4,2.0,1.0,Buen estado,1977-01-01,3,True,False,False,False,False,5.31,,40-80,2947.89
5529,Málaga,Málaga-Centro,Venta,Piso,317617.0,86.6,3.0,2.0,Obra nueva,2019-01-01,8,False,True,True,True,False,5.13,2024-12-19,80-120,3667.63
5530,Málaga,Pedregalejo,Venta,Piso,510224.0,146.8,4.0,2.0,Buen estado,1996-01-01,5,True,False,False,False,False,2.47,2025-03-23,120-160,3475.64
5531,Málaga,El Palo,Alquiler,Piso,189670.0,56.5,2.0,1.0,Buen estado,1991-01-01,7,True,True,False,True,False,4.08,2024-12-04,40-80,3356.99
5532,Málaga,El Palo,Venta,Piso,274129.0,80.2,3.0,2.0,Obra nueva,2023-01-01,5,True,False,True,True,False,8.49,2025-04-02,80-120,3418.07
5533,Málaga,Málaga-Centro,Venta,Piso,267275.0,81.9,3.0,2.0,Buen estado,1949-01-01,8,True,False,True,True,False,5.37,2024-10-13,80-120,3263.43
5534,Málaga,El Palo,Venta,Piso,266613.0,79.8,2.0,1.0,Buen estado,1955-01-01,4,True,False,True,True,False,5.33,2025-04-03,40-80,3341.02
5535,Málaga,La Malagueta,Venta,Piso,343678.0,99.0,3.0,2.0,Buen estado,1978-01-01,3,True,True,True,False,False,5.63,2025-02-04,80-120,3471.49
5536,Málaga,La Malagueta,Venta,Piso,176044.0,55.5,2.0,1.0,Buen estado,2001-01-01,2,False,True,False,True,True,6.76,2025-03-19,40-80,3171.96
5537,Málaga,El Palo,Venta,Piso,176339.0,52.3,2.0,1.0,A reformar,1985-01-01,6,True,False,False,True,True,2.72,2025-02-19,40-80,3371.68
5538,Málaga,Pedregalejo,Venta,Piso,212499.0,63.0,2.0,1.0,A reformar,1982-01-01,8,False,False,True,False,False,3.07,2025-02-28,40-80,3373.0
5539,Málaga,La Malagueta,Venta,Piso,359798.0,90.0,3.0,2.0,Buen estado,1986-01-01,7,True,False,False,True,True,,2025-03-15,80-120,3997.76
5540,Málaga,El Palo,Alquiler,Piso,271738.0,87.9,3.0,2.0,Buen estado,1975-01-01,3,True,True,False,False,True,4.08,2025-03-31,80-120,3091.44
5541,Málaga,La Malagueta,Venta,Piso,237749.0,65.0,2.0,1.0,Buen estado,2005-01-01,1,False,False,True,False,False,4.07,2025-03-10,40-80,3657.68
5542,Málaga,Pedregalejo,Alquiler,Piso,419287.0,128.2,4.0,2.0,Buen estado,1991-01-01,5,True,False,False,False,False,4.79,2025-01-09,120-160,3270.57
5543,Málaga,Málaga-Centro,Venta,Piso,212617.0,64.6,2.0,1.0,Buen estado,1983-01-01,Bajo,True,False,True,True,False,2.13,2025-01-18,40-80,3291.28
5544,Málaga,El Palo,Venta,Piso,273040.0,80.2,3.0,2.0,Buen estado,1992-01-01,6,False,False,False,False,True,,2025-03-21,80-120,3404.49
5545,Málaga,Málaga-Centro,Venta,Piso,395180.0,106.9,3.0,2.0,A reformar,1978-01-01,7,False,True,True,True,False,4.01,2025-01-23,80-120,3696.73
5546,Málaga,El Palo,Venta,Ático,,98.6,3.0,2.0,Buen estado,1999-01-01,Ático,True,True,False,False,False,5.93,2025-02-22,80-120,
5547,Málaga,El Palo,Venta,Sin_clasificar,,,1.0,1.0,Buen estado,1994-01-01,9,True,False,False,True,False,5.49,2024-10-31,,
5548,Málaga,Málaga-Centro,Venta,Piso,306858.0,75.6,2.0,1.0,Buen estado,1997-01-01,7,True,True,True,False,True,6.56,2025-01-14,40-80,4058.97
5549,Málaga,La Malagueta,Venta,Piso,197955.0,56.5,2.0,1.0,Buen estado,2013-01-01,6,True,False,False,True,True,7.99,2024-12-09,40-80,3503.63
5550,Málaga,El Palo,Venta,Piso,273264.0,84.4,3.0,2.0,A reformar,1977-01-01,3,True,True,True,True,True,4.99,2025-03-10,80-120,3237.73
5551,Málaga,Pedregalejo,Venta,Piso,347665.0,101.8,3.0,2.0,Buen estado,1962-01-01,3,True,True,False,False,True,6.26,2025-02-28,80-120,3415.18
5552,Málaga,Pedregalejo,Venta,Piso,363862.0,85.9,3.0,2.0,Buen estado,1971-01-01,6,False,False,False,True,False,3.41,2025-03-27,80-120,4235.88
5553,Málaga,Pedregalejo,Venta,Piso,300692.0,96.5,3.0,2.0,Buen estado,1974-01-01,3,False,False,False,False,False,5.39,2024-10-17,80-120,3115.98
5554,Málaga,Málaga-Centro,Venta,Piso,363616.0,98.9,3.0,2.0,Buen estado,1974-01-01,2,False,True,False,False,True,3.33,2025-02-05,80-120,3676.6
5555,Málaga,La Malagueta,Venta,Piso,169812.0,44.3,2.0,1.0,Buen estado,1989-01-01,2,False,True,False,True,True,7.86,2025-01-06,40-80,3833.23
5556,Málaga,El Palo,Venta,Piso,308641.0,81.0,3.0,2.0,Obra nueva,2019-01-01,2,True,True,False,False,False,2.65,2024-11-30,80-120,3810.38
5557,Málaga,Pedregalejo,Alquiler,Sin_clasificar,,,2.0,1.0,Buen estado,1964-01-01,9,False,False,False,True,False,,2024-10-25,,
5558,Málaga,El Palo,Venta,Piso,252963.0,96.2,3.0,2.0,Buen estado,1984-01-01,1,True,False,False,False,True,4.1,2024-10-17,80-120,2629.55
5559,Málaga,Málaga-Centro,Venta,Piso,170491.0,71.9,2.0,1.0,Buen estado,1965-01-01,Bajo,False,False,False,False,True,4.7,,40-80,2371.22
5560,Málaga,La Malagueta,Alquiler,Piso,174593.0,66.6,2.0,1.0,Buen estado,1995-01-01,4,False,False,False,True,False,4.6,2025-01-31,40-80,2621.52
5561,Málaga,La Malagueta,Venta,Ático,162831.0,36.2,0.0,1.0,Buen estado,1991-01-01,Ático,True,False,False,False,False,6.32,2024-12-19,0-40,4498.09
5562,Málaga,Málaga-Centro,Venta,Piso,369024.0,91.7,3.0,2.0,Buen estado,1989-01-01,9,True,False,False,False,False,4.41,2025-03-29,80-120,4024.25
5563,Málaga,Málaga-Centro,Venta,Piso,126951.0,80.0,3.0,2.0,Reformado,1999-01-01,4,False,True,True,False,False,6.68,2025-03-26,80-120,1586.89
5564,Málaga,Pedregalejo,Venta,Piso,297710.0,78.5,2.0,1.0,Buen estado,1970-01-01,5,False,True,False,False,True,4.69,2025-02-11,40-80,3792.48
5565,Málaga,La Malagueta,Alquiler,Piso,211027.0,77.8,2.0,1.0,A reformar,1983-01-01,4,True,True,False,False,True,8.88,2024-12-13,40-80,2712.43
5566,Málaga,El Palo,Alquiler,Piso,160816.0,64.8,2.0,1.0,A reformar,1963-01-01,8,False,True,False,True,True,5.23,2025-01-29,40-80,2481.73
5567,Málaga,Málaga-Centro,Alquiler,Piso,251693.0,74.3,2.0,1.0,Reformado,1979-01-01,5,True,False,False,False,True,3.17,2024-11-11,40-80,3387.52
5568,Málaga,Málaga-Centro,Venta,Piso,230001.0,83.5,3.0,2.0,Buen estado,1996-01-01,1,True,True,False,True,False,3.51,2025-02-27,80-120,2754.5
5569,Málaga,La Malagueta,Venta,Piso,258113.0,75.3,2.0,1.0,Buen estado,1977-01-01,7,True,True,False,True,False,5.26,2025-01-30,40-80,3427.8
5570,Málaga,Málaga-Centro,Venta,Piso,330592.0,76.6,2.0,1.0,Buen estado,1976-01-01,3,True,False,False,True,True,2.83,2025-01-30,40-80,4315.82
5571,Málaga,Pedregalejo,Venta,Piso,202855.0,70.9,2.0,1.0,Buen estado,2011-01-01,6,True,True,False,False,True,2.35,2025-02-16,40-80,2861.14
5572,Málaga,Pedregalejo,Venta,Piso,216565.0,61.9,2.0,1.0,Buen estado,1985-01-01,5,True,False,False,True,True,6.66,2024-10-23,40-80,3498.63
5573,Málaga,La Malagueta,Venta,Piso,237393.0,75.9,2.0,1.0,Buen estado,1984-01-01,9,True,True,True,True,True,4.42,2025-03-30,40-80,3127.71
5574,Málaga,El Palo,Venta,Piso,,65.4,2.0,1.0,A reformar,1988-01-01,2,True,True,False,False,False,6.64,2024-12-15,40-80,
5575,Málaga,La Malagueta,Venta,Piso,224124.0,71.5,2.0,1.0,Buen estado,1998-01-01,8,True,False,False,True,True,6.65,2025-01-20,40-80,3134.6
5576,Málaga,Pedregalejo,Venta,Piso,234714.0,64.6,2.0,1.0,Obra nueva,2023-01-01,5,True,True,True,True,False,6.66,2025-01-16,40-80,3633.34
5577,Málaga,Málaga-Centro,Alquiler,Estudio,169033.0,38.9,0.0,1.0,Buen estado,2010-01-01,8,True,False,False,True,False,,2025-02-25,0-40,4345.32
5578,Málaga,Málaga-Centro,Venta,Piso,281616.0,70.1,2.0,1.0,Buen estado,1993-01-01,4,False,False,False,False,True,6.59,2025-01-14,40-80,4017.35
5579,Málaga,El Palo,Venta,Piso,233577.0,73.4,2.0,1.0,Obra nueva,2019-01-01,7,False,True,False,True,False,5.9,2025-01-20,40-80,3182.25
5580,Málaga,Pedregalejo,Venta,Piso,335323.0,94.0,3.0,2.0,Obra nueva,2022-01-01,1,True,False,False,False,True,4.64,2025-03-26,80-120,3567.27
5581,Málaga,Málaga-Centro,Venta,Piso,323422.0,86.9,3.0,2.0,Buen estado,1993-01-01,5,False,False,False,True,False,2.37,2024-10-20,80-120,3721.77
5582,Málaga,La Malagueta,Alquiler,Piso,,44.8,2.0,1.0,Buen estado,1966-01-01,5,True,True,False,False,False,2.96,2025-01-06,40-80,
5583,Málaga,El Palo,Alquiler,Piso,197223.0,55.1,2.0,1.0,Obra nueva,2023-01-01,9,True,False,False,False,False,4.14,2025-03-21,40-80,3579.36
5584,Málaga,Málaga-Centro,Venta,Piso,250194.0,66.8,2.0,1.0,Buen estado,1994-01-01,8,True,False,False,True,False,,2025-03-12,40-80,3745.42
5585,Málaga,La Malagueta,Venta,Ático,182236.0,67.4,2.0,1.0,Obra nueva,2021-01-01,Ático,True,True,False,True,True,6.04,2025-01-19,40-80,2703.8
5586,Málaga,Málaga-Centro,Venta,Piso,264396.0,66.8,2.0,1.0,Buen estado,1980-01-01,Bajo,True,True,False,False,True,5.06,2024-10-15,40-80,3958.02
5587,Málaga,La Malagueta,Venta,Piso,283353.0,71.3,2.0,1.0,Buen estado,1987-01-01,8,False,True,True,True,False,4.7,2024-10-11,40-80,3974.1
5588,Málaga,Málaga-Centro,Alquiler,Piso,252544.0,91.4,3.0,2.0,Buen estado,1992-01-01,4,False,False,False,True,False,6.9,2025-01-07,80-120,2763.06
5589,Málaga,El Palo,Venta,Estudio,149347.0,35.6,0.0,1.0,Reformado,1967-01-01,8,True,True,False,False,True,6.06,2024-10-23,0-40,4195.14
5590,Málaga,El Palo,Alquiler,Piso,155076.0,42.9,2.0,1.0,Buen estado,2009-01-01,4,False,False,False,True,False,4.74,2025-03-13,40-80,3614.83
5591,Málaga,Málaga-Centro,Venta,Piso,288786.0,74.2,2.0,1.0,Obra nueva,2020-01-01,Bajo,True,True,False,True,True,,2025-01-08,40-80,3891.99
5592,Málaga,Pedregalejo,Venta,Piso,251407.0,80.6,3.0,2.0,Obra nueva,2022-01-01,3,True,False,True,True,True,4.06,2025-03-05,80-120,3119.19
5593,Málaga,El Palo,Venta,Ático,255758.0,81.7,3.0,2.0,Buen estado,2013-01-01,Ático,False,True,False,False,False,4.69,2025-02-12,80-120,3130.45
5594,Málaga,Málaga-Centro,Venta,Piso,223471.0,73.0,2.0,1.0,Buen estado,1964-01-01,9,True,False,True,True,True,6.1,2024-11-15,40-80,3061.25
5595,Málaga,La Malagueta,Alquiler,Piso,365688.0,109.7,3.0,2.0,Reformado,1960-01-01,8,False,False,False,False,False,7.28,2025-01-10,80-120,3333.53
5596,Málaga,Málaga-Centro,Venta,Piso,321238.0,72.7,2.0,1.0,Buen estado,1994-01-01,6,True,False,False,True,True,6.64,2024-10-30,40-80,4418.68
5597,Málaga,La Malagueta,Alquiler,Piso,805136.0,228.01,6.0,3.0,Obra nueva,2018-01-01,3,True,True,False,True,True,4.35,2024-12-19,200-240,3531.14
5598,Málaga,Pedregalejo,Venta,Piso,286477.0,61.9,2.0,1.0,Buen estado,1975-01-01,4,False,True,False,False,True,3.68,2024-10-19,40-80,4628.06
5599,Málaga,Málaga-Centro,Alquiler,Ático,385092.0,81.9,3.0,2.0,Buen estado,1960-01-01,Ático,False,True,False,True,False,6.08,2024-10-27,80-120,4701.98
5600,Málaga,El Palo,Venta,Piso,233284.0,67.3,2.0,1.0,Buen estado,1995-01-01,2,False,True,False,True,False,2.88,2025-01-31,40-80,3466.33
5601,Málaga,Pedregalejo,Venta,Piso,310953.0,80.4,3.0,2.0,Buen estado,1988-01-01,2,False,True,False,False,False,6.24,2025-01-23,80-120,3867.57
5602,Málaga,La Malagueta,Alquiler,Piso,129728.0,45.8,2.0,1.0,Reformado,1978-01-01,6,True,False,False,True,True,5.26,2025-03-09,40-80,2832.49
5603,Málaga,Pedregalejo,Alquiler,Piso,313602.0,94.2,3.0,2.0,Buen estado,1992-01-01,1,True,True,True,False,False,6.74,2024-11-21,80-120,3329.11
5604,Málaga,Málaga-Centro,Venta,Piso,245662.0,87.9,3.0,2.0,Obra nueva,2018-01-01,8,True,True,True,True,True,6.37,2024-10-29,80-120,2794.79
5605,Málaga,Málaga-Centro,Venta,Ático,285502.0,71.6,2.0,1.0,Buen estado,1975-01-01,Ático,True,False,False,False,False,7.27,2024-12-06,40-80,3987.46
5606,Málaga,La Malagueta,Venta,Estudio,113105.0,33.7,0.0,1.0,Buen estado,1978-01-01,8,True,False,True,False,False,4.56,2025-02-12,0-40,3356.23
5607,Málaga,La Malagueta,Venta,Piso,166125.0,53.5,2.0,1.0,Buen estado,1976-01-01,4,False,False,True,False,False,1.87,2025-03-27,40-80,3105.14
5608,Málaga,Pedregalejo,Venta,Piso,301533.0,84.8,3.0,2.0,Buen estado,2001-01-01,9,False,True,True,False,False,6.12,2024-11-04,80-120,3555.81
5609,Málaga,Málaga-Centro,Alquiler,Piso,186435.0,61.4,2.0,1.0,Buen estado,1976-01-01,9,True,True,True,False,False,8.22,2025-01-20,40-80,3036.4
5610,Málaga,Málaga-Centro,Alquiler,Sin_clasificar,,,1.0,1.0,Buen estado,2015-01-01,1,True,False,False,False,True,4.33,2024-10-25,,
5611,Málaga,La Malagueta,Alquiler,Piso,192742.0,77.6,2.0,1.0,Obra nueva,2018-01-01,8,False,True,True,False,False,5.53,2024-11-09,40-80,2483.79
5612,Málaga,El Palo,Alquiler,Piso,194261.0,71.6,2.0,1.0,Reformado,1979-01-01,8,True,False,False,True,True,6.62,2024-10-12,40-80,2713.14
5613,Málaga,Pedregalejo,Venta,Piso,376816.0,92.8,3.0,2.0,Buen estado,1993-01-01,Bajo,True,False,True,False,False,7.34,2025-02-24,80-120,4060.52
5614,Málaga,Málaga-Centro,Venta,Piso,341121.0,86.6,3.0,2.0,Buen estado,1968-01-01,Bajo,True,False,True,True,True,6.9,2025-02-27,80-120,3939.04
5615,Málaga,La Malagueta,Venta,Piso,273129.0,65.3,2.0,1.0,Buen estado,2017-01-01,9,True,True,False,False,False,3.34,2025-01-07,40-80,4182.68
5616,Málaga,Málaga-Centro,Alquiler,Piso,237705.0,66.2,2.0,1.0,Buen estado,2009-01-01,5,True,True,False,False,True,,2025-02-14,40-80,3590.71
5617,Málaga,Málaga-Centro,Venta,Piso,288550.0,71.7,2.0,1.0,Reformado,2013-01-01,4,True,True,False,True,False,3.64,2025-01-04,40-80,4024.41
5618,Málaga,El Palo,Venta,Ático,210650.0,73.6,2.0,1.0,Buen estado,1965-01-01,Ático,False,True,False,True,True,8.14,2025-02-25,40-80,2862.09
5619,Málaga,Pedregalejo,Venta,Piso,289475.0,82.8,3.0,2.0,Buen estado,2006-01-01,9,False,False,False,True,False,6.37,2024-12-18,80-120,3496.07
5620,Málaga,Málaga-Centro,Venta,Piso,290947.0,68.4,2.0,1.0,Buen estado,1993-01-01,4,False,True,True,False,False,,2025-03-16,40-80,4253.61
5621,Málaga,Pedregalejo,Venta,Piso,209365.0,63.5,2.0,1.0,Buen estado,1986-01-01,6,True,False,False,True,False,7.4,2024-11-23,40-80,3297.09
5622,Málaga,Pedregalejo,Alquiler,Piso,315347.0,100.0,3.0,2.0,Buen estado,2005-01-01,4,True,False,False,False,False,,2025-02-02,80-120,3153.47
5623,Málaga,El Palo,Alquiler,Piso,298293.0,84.5,3.0,2.0,Reformado,1963-01-01,5,False,False,False,False,True,7.65,2024-11-27,80-120,3530.09
5624,Málaga,Málaga-Centro,Venta,Piso,196104.0,59.5,2.0,1.0,A reformar,1994-01-01,7,False,True,True,False,True,5.88,2024-11-13,40-80,3295.87
5625,Málaga,El Palo,Venta,Piso,223538.0,64.0,2.0,1.0,Buen estado,1969-01-01,6,False,False,False,False,False,6.74,2025-02-18,40-80,3492.78
5626,Málaga,Pedregalejo,Venta,Ático,226882.0,60.6,2.0,1.0,A reformar,1993-01-01,Ático,True,True,False,False,False,5.21,2025-01-16,40-80,3743.93
5627,Málaga,La Malagueta,Venta,Piso,245528.0,64.4,2.0,1.0,Buen estado,1989-01-01,1,True,False,False,True,False,4.66,2025-01-16,40-80,3812.55
5628,Málaga,El Palo,Venta,Piso,273150.0,75.9,2.0,1.0,Buen estado,1974-01-01,Bajo,False,True,False,False,False,5.8,2024-11-26,40-80,3598.81
5629,Málaga,Pedregalejo,Venta,Piso,340111.0,84.5,3.0,2.0,Obra nueva,2021-01-01,8,True,True,False,True,True,4.79,2025-03-10,80-120,4024.98
5630,Málaga,El Palo,Venta,Piso,189220.0,66.0,2.0,1.0,Buen estado,1968-01-01,6,True,True,False,False,True,4.42,2024-11-18,40-80,2866.97
5631,Málaga,El Palo,Alquiler,Piso,233767.0,83.8,3.0,2.0,Buen estado,1988-01-01,2,True,True,False,True,False,6.29,2024-10-25,80-120,2789.58
5632,Málaga,Pedregalejo,Alquiler,Piso,277930.0,83.5,3.0,2.0,Buen estado,2004-01-01,1,False,True,True,False,False,5.52,2024-11-15,80-120,3328.5
5633,Málaga,Pedregalejo,Venta,Piso,319102.0,98.3,3.0,2.0,Buen estado,1988-01-01,2,False,False,False,True,False,6.14,2025-01-04,80-120,3246.21
5634,Málaga,El Palo,Alquiler,Piso,215648.0,59.2,2.0,1.0,Buen estado,1984-01-01,8,True,False,True,True,False,5.13,2025-03-16,40-80,3642.7
5635,Málaga,Pedregalejo,Venta,Piso,196547.0,71.1,2.0,1.0,Buen estado,2019-01-01,1,True,False,False,False,False,6.68,2025-01-09,40-80,2764.37
5636,Málaga,Málaga-Centro,Venta,Piso,167725.0,51.0,2.0,1.0,Buen estado,1987-01-01,3,True,True,True,False,False,3.09,2025-01-01,40-80,3288.73
5637,Málaga,La Malagueta,Alquiler,Piso,449770.0,104.4,3.0,2.0,Buen estado,1946-01-01,4,True,False,False,False,False,5.91,2025-01-12,80-120,4308.14
5638,Málaga,El Palo,Venta,Piso,351587.0,87.9,3.0,2.0,Obra nueva,2019-01-01,4,False,False,True,True,False,3.31,2025-03-27,80-120,3999.85
5639,Málaga,La Malagueta,Venta,Piso,139546.0,41.6,2.0,1.0,Obra nueva,2018-01-01,Bajo,True,True,False,True,True,6.39,2025-03-12,40-80,3354.47
5640,Málaga,Málaga-Centro,Alquiler,Piso,192088.0,41.1,2.0,1.0,Buen estado,2019-01-01,4,False,True,False,False,True,6.27,2024-12-05,40-80,4673.67
5641,Málaga,Málaga-Centro,Alquiler,Piso,277344.0,103.9,3.0,2.0,Buen estado,2004-01-01,1,True,False,False,False,False,6.54,2024-12-19,80-120,2669.34
5642,Málaga,Málaga-Centro,Alquiler,Piso,295815.0,79.5,2.0,1.0,Obra nueva,2022-01-01,3,True,True,False,True,False,2.77,2024-12-15,40-80,3720.94
5643,Málaga,La Malagueta,Venta,Piso,192943.0,50.8,2.0,1.0,Reformado,1989-01-01,7,True,True,False,False,True,4.31,2025-03-09,40-80,3798.09
5644,Málaga,La Malagueta,Venta,Piso,237024.0,60.9,2.0,1.0,Obra nueva,2018-01-01,1,False,True,False,True,False,2.16,2025-01-26,40-80,3892.02
5645,Málaga,La Malagueta,Venta,Piso,246687.0,72.5,2.0,1.0,Buen estado,2009-01-01,9,False,True,False,False,False,6.95,2025-04-01,40-80,3402.58
5646,Málaga,Málaga-Centro,Venta,Ático,505056.0,104.7,3.0,2.0,A reformar,1969-01-01,Ático,True,False,True,False,True,2.22,2025-03-03,80-120,4823.84
5647,Málaga,El Palo,Venta,Piso,344840.0,86.4,3.0,2.0,A reformar,2013-01-01,5,True,True,True,True,False,4.86,2025-02-04,80-120,3991.2
5648,Málaga,El Palo,Alquiler,Piso,245268.0,69.3,2.0,1.0,Buen estado,1985-01-01,7,True,False,False,True,False,6.71,2025-02-01,40-80,3539.22
5649,Málaga,Pedregalejo,Alquiler,Piso,254864.0,82.7,3.0,2.0,Reformado,1953-01-01,6,True,True,False,True,False,6.25,2024-12-02,80-120,3081.79
5650,Málaga,Pedregalejo,Venta,Piso,139551.0,53.8,2.0,1.0,Buen estado,2004-01-01,7,True,True,True,False,True,3.45,2025-03-18,40-80,2593.88
5651,Málaga,La Malagueta,Venta,Ático,324863.0,102.2,3.0,2.0,Buen estado,1994-01-01,Ático,False,True,False,True,False,6.31,2024-12-30,80-120,3178.7
5652,Málaga,La Malagueta,Venta,Piso,212437.0,71.9,2.0,1.0,Buen estado,1984-01-01,8,True,True,False,False,True,6.03,2025-03-31,40-80,2954.62
5653,Málaga,La Malagueta,Venta,Piso,350732.0,107.5,3.0,2.0,A reformar,1989-01-01,4,True,True,True,False,False,,2025-01-03,80-120,3262.62
5654,Málaga,Pedregalejo,Venta,Piso,473090.0,111.4,3.0,2.0,Buen estado,1990-01-01,7,True,False,False,True,True,4.73,2024-11-18,80-120,4246.77
5655,Málaga,Málaga-Centro,Alquiler,Piso,247877.0,55.5,2.0,1.0,Buen estado,1963-01-01,6,False,True,False,False,False,4.87,2025-01-13,40-80,4466.25
5656,Málaga,Málaga-Centro,Venta,Piso,295986.0,94.4,3.0,2.0,A reformar,1979-01-01,4,True,True,False,False,False,6.11,,80-120,3135.44
5657,Málaga,El Palo,Venta,Sin_clasificar,,,4.0,1.0,Buen estado,1977-01-01,7,True,False,False,False,False,5.08,2024-12-28,,
5658,Málaga,La Malagueta,Venta,Piso,256379.0,95.7,3.0,2.0,Buen estado,1970-01-01,6,False,True,False,True,True,4.79,2025-02-28,80-120,2678.99
5659,Málaga,Pedregalejo,Venta,Piso,356923.0,100.7,3.0,2.0,Obra nueva,2023-01-01,2,False,True,False,False,False,4.83,2025-01-18,80-120,3544.42
5660,Málaga,La Malagueta,Venta,Piso,308161.0,87.6,3.0,2.0,Buen estado,1985-01-01,4,False,True,False,True,True,5.19,2024-10-30,80-120,3517.82
5661,Málaga,Pedregalejo,Alquiler,Piso,580424.0,141.2,4.0,2.0,Buen estado,1988-01-01,1,True,True,False,False,False,2.85,2024-10-12,120-160,4110.65
5662,Málaga,El Palo,Venta,Piso,250175.0,74.4,2.0,1.0,Buen estado,1986-01-01,9,False,False,False,False,False,2.66,2025-03-10,40-80,3362.57
5663,Málaga,El Palo,Alquiler,Piso,137096.0,45.8,2.0,1.0,Buen estado,1990-01-01,4,True,False,False,False,False,4.26,2024-11-30,40-80,2993.36
5664,Málaga,La Malagueta,Venta,Piso,336692.0,92.7,3.0,2.0,Reformado,1980-01-01,1,False,False,True,True,False,4.81,2024-11-09,80-120,3632.06
5665,Málaga,Pedregalejo,Venta,Piso,401289.0,96.1,3.0,2.0,Reformado,1981-01-01,9,True,False,True,False,True,3.48,,80-120,4175.74
5666,Málaga,La Malagueta,Venta,Piso,202115.0,64.3,2.0,1.0,Buen estado,1960-01-01,1,True,False,False,True,False,4.52,2024-10-15,40-80,3143.31
5667,Málaga,Málaga-Centro,Alquiler,Piso,314230.0,92.9,3.0,2.0,Buen estado,2016-01-01,4,False,False,True,True,False,5.92,2024-12-25,80-120,3382.45
5668,Málaga,El Palo,Venta,Piso,248648.0,73.2,2.0,1.0,Obra nueva,2022-01-01,6,True,True,True,False,False,5.16,2025-03-18,40-80,3396.83
5669,Málaga,Málaga-Centro,Alquiler,Piso,217248.0,67.8,2.0,1.0,Buen estado,1989-01-01,7,False,False,False,True,False,6.3,2025-02-17,40-80,3204.25
5670,Málaga,El Palo,Venta,Piso,220667.0,63.3,2.0,1.0,Reformado,1985-01-01,2,True,True,False,False,False,,2024-11-07,40-80,3486.05
5671,Málaga,Pedregalejo,Venta,Piso,283589.0,67.2,2.0,1.0,Buen estado,1982-01-01,3,True,True,False,False,False,4.38,2025-02-02,40-80,4220.07
5672,Málaga,El Palo,Alquiler,Sin_clasificar,,,1.0,3.0,Buen estado,1974-01-01,4,True,True,False,False,False,3.0,2025-03-07,,
5673,Málaga,Málaga-Centro,Alquiler,Piso,281868.0,71.6,2.0,1.0,Buen estado,1995-01-01,2,True,False,False,False,False,4.73,2024-11-25,40-80,3936.7
5674,Málaga,La Malagueta,Alquiler,Piso,269253.0,71.0,2.0,1.0,Buen estado,2004-01-01,7,False,False,False,True,False,5.44,2024-10-12,40-80,3792.3
5675,Málaga,Pedregalejo,Venta,Piso,,137.7,4.0,2.0,A reformar,1983-01-01,8,False,True,False,False,False,5.3,2024-12-03,120-160,
5676,Málaga,El Palo,Venta,Piso,318731.0,85.6,3.0,2.0,Buen estado,1965-01-01,7,False,False,False,False,True,9.72,2024-12-13,80-120,3723.49
5677,Málaga,Málaga-Centro,Venta,Piso,186517.0,59.9,2.0,1.0,Buen estado,1989-01-01,5,True,True,True,False,False,2.73,2025-01-19,40-80,3113.81
5678,Málaga,Málaga-Centro,Venta,Piso,283725.0,70.8,2.0,1.0,Buen estado,1966-01-01,2,False,True,False,False,False,5.48,2024-11-19,40-80,4007.42
5679,Málaga,La Malagueta,Venta,Piso,219234.0,55.4,2.0,1.0,Obra nueva,2023-01-01,8,True,True,True,True,False,3.56,2024-11-10,40-80,3957.29
5680,Málaga,Málaga-Centro,Venta,Piso,334922.0,97.6,3.0,2.0,Reformado,1987-01-01,8,True,False,False,False,False,5.73,2025-01-23,80-120,3431.58
5681,Málaga,La Malagueta,Venta,Sin_clasificar,,,1.0,3.0,Obra nueva,2019-01-01,6,True,False,False,False,True,3.2,2024-12-14,,
5682,Málaga,La Malagueta,Venta,Piso,186354.0,56.9,2.0,1.0,Buen estado,1994-01-01,4,True,False,False,False,False,,2025-01-09,40-80,3275.11
5683,Málaga,El Palo,Venta,Piso,283878.0,85.0,3.0,2.0,Buen estado,1993-01-01,6,True,False,True,False,False,5.94,2025-01-19,80-120,3339.74
5684,Málaga,El Palo,Venta,Piso,357217.0,97.1,3.0,2.0,Buen estado,1993-01-01,3,True,False,False,False,True,6.85,2024-11-02,80-120,3678.86
5685,Málaga,La Malagueta,Venta,Piso,396418.0,106.9,3.0,2.0,Buen estado,1965-01-01,5,True,False,True,False,False,6.86,2025-02-19,80-120,3708.31
5686,Málaga,Pedregalejo,Venta,Piso,432029.0,93.9,3.0,2.0,Buen estado,1986-01-01,8,False,True,False,False,True,4.63,2025-03-26,80-120,4600.95
5687,Málaga,Pedregalejo,Alquiler,Piso,245050.0,70.8,2.0,1.0,Buen estado,1987-01-01,2,False,True,False,True,True,3.64,2024-12-14,40-80,3461.16
5688,Málaga,La Malagueta,Venta,Piso,206666.0,66.4,2.0,1.0,Obra nueva,2021-01-01,8,True,False,True,True,False,8.44,2025-04-01,40-80,3112.44
5689,Málaga,Málaga-Centro,Venta,Piso,147564.0,42.7,2.0,1.0,Buen estado,1961-01-01,3,True,False,False,True,False,3.22,2025-01-13,40-80,3455.83
5690,Málaga,Pedregalejo,Venta,Piso,249964.0,65.5,2.0,1.0,Buen estado,1972-01-01,6,True,True,True,True,False,6.99,2025-01-03,40-80,3816.24
5691,Málaga,Pedregalejo,Alquiler,Piso,272432.0,99.8,3.0,2.0,Obra nueva,2023-01-01,5,True,True,False,True,True,,2025-03-04,80-120,2729.78
5692,Málaga,Pedregalejo,Venta,Piso,,61.0,2.0,1.0,Buen estado,1988-01-01,3,True,False,False,False,True,5.55,2024-11-04,40-80,
5693,Málaga,La Malagueta,Alquiler,Piso,,59.6,2.0,1.0,Reformado,1986-01-01,6,False,False,True,False,True,4.81,2025-01-03,40-80,
5694,Málaga,El Palo,Venta,Piso,,70.0,2.0,1.0,Buen estado,1998-01-01,7,False,False,False,True,False,5.46,2025-02-07,40-80,
5695,Málaga,El Palo,Venta,Piso,232423.0,62.6,2.0,1.0,Obra nueva,2021-01-01,1,True,True,False,True,False,3.26,2024-12-01,40-80,3712.83
5696,Málaga,Pedregalejo,Venta,Piso,,61.3,2.0,1.0,Buen estado,1971-01-01,9,True,True,False,False,False,2.04,2025-01-05,40-80,
5697,Málaga,La Malagueta,Alquiler,Sin_clasificar,,,4.0,1.0,Buen estado,2001-01-01,8,True,False,False,True,True,2.17,2025-03-25,,
5698,Málaga,Pedregalejo,Venta,Piso,377310.0,97.3,3.0,2.0,Reformado,1984-01-01,3,False,False,True,False,True,3.68,2024-11-29,80-120,3877.8
5699,Málaga,Málaga-Centro,Venta,Piso,258139.0,73.3,2.0,1.0,Buen estado,1983-01-01,5,True,False,False,False,False,4.27,2024-10-16,40-80,3521.68
5700,Málaga,Málaga-Centro,Venta,Sin_clasificar,,,1.0,1.0,Buen estado,2002-01-01,5,True,False,False,True,False,6.57,2024-12-26,,
5701,Málaga,Málaga-Centro,Venta,Piso,183642.0,68.6,2.0,1.0,Buen estado,1972-01-01,4,True,False,True,True,True,1.55,2025-02-13,40-80,2677.0
5702,Málaga,La Malagueta,Alquiler,Piso,316627.0,89.3,3.0,2.0,Buen estado,1997-01-01,Bajo,False,True,False,False,True,5.31,2024-10-31,80-120,3545.66
5703,Málaga,Málaga-Centro,Alquiler,Piso,238241.0,75.8,2.0,1.0,Buen estado,1960-01-01,6,False,False,False,True,True,8.4,2024-12-12,40-80,3143.02
5704,Málaga,El Palo,Alquiler,Piso,480599.0,111.5,3.0,2.0,Obra nueva,2023-01-01,9,False,True,False,False,False,6.7,2025-03-04,80-120,4310.3
5705,Málaga,Málaga-Centro,Venta,Ático,322290.0,88.7,3.0,2.0,Buen estado,1970-01-01,Ático,True,True,True,False,False,5.75,2024-10-15,80-120,3633.48
5706,Málaga,El Palo,Venta,Ático,277161.0,90.7,3.0,2.0,Buen estado,1990-01-01,Ático,False,False,False,False,False,6.7,2024-12-07,80-120,3055.8
5707,Málaga,El Palo,Venta,Piso,225582.0,67.3,2.0,1.0,Buen estado,1988-01-01,6,True,False,False,True,True,3.15,2024-11-08,40-80,3351.89
5708,Málaga,Málaga-Centro,Alquiler,Piso,338234.0,76.7,2.0,1.0,Buen estado,1974-01-01,6,False,False,False,True,False,4.99,2024-12-26,40-80,4409.83
5709,Málaga,La Malagueta,Venta,Piso,295999.0,79.8,2.0,1.0,Buen estado,1975-01-01,6,False,False,True,True,False,6.13,2025-03-03,40-80,3709.26
5710,Málaga,El Palo,Alquiler,Piso,368562.0,115.0,3.0,2.0,Reformado,1969-01-01,9,False,False,False,False,True,3.22,2025-02-06,80-120,3204.89
5711,Málaga,Málaga-Centro,Venta,Ático,293865.0,94.0,3.0,2.0,Buen estado,1979-01-01,Ático,False,False,True,False,False,6.25,2025-01-30,80-120,3126.22
5712,Málaga,La Malagueta,Venta,Piso,298255.0,72.4,2.0,1.0,Buen estado,1990-01-01,1,False,False,False,True,False,5.51,2024-11-07,40-80,4119.54
5713,Málaga,Pedregalejo,Venta,Ático,,91.4,3.0,2.0,Obra nueva,2021-01-01,Ático,True,True,True,False,False,7.3,2025-02-13,80-120,
5714,Málaga,La Malagueta,Venta,Piso,242737.0,58.9,2.0,1.0,Obra nueva,2021-01-01,Bajo,True,True,True,True,False,5.19,2025-03-08,40-80,4121.17
5715,Málaga,El Palo,Venta,Piso,161672.0,49.4,2.0,1.0,Buen estado,2000-01-01,8,False,True,False,False,False,6.05,2025-03-22,40-80,3272.71
5716,Málaga,El Palo,Alquiler,Ático,357923.0,95.3,3.0,2.0,Obra nueva,2020-01-01,Ático,True,True,False,True,True,5.83,2025-03-12,80-120,3755.75
5717,Málaga,El Palo,Venta,Piso,310930.0,97.9,3.0,2.0,Buen estado,1989-01-01,7,False,True,False,False,False,5.21,2025-03-09,80-120,3176.0
5718,Málaga,Pedregalejo,Alquiler,Piso,356820.0,83.6,3.0,2.0,Reformado,1997-01-01,6,True,False,True,False,True,2.92,2024-12-18,80-120,4268.18
5719,Málaga,Pedregalejo,Alquiler,Piso,278300.0,92.5,3.0,2.0,Buen estado,1992-01-01,2,True,False,False,False,False,,2025-02-11,80-120,3008.65
5720,Málaga,El Palo,Alquiler,Piso,269335.0,72.2,2.0,1.0,Reformado,1975-01-01,5,False,False,False,True,False,3.61,2025-03-10,40-80,3730.4
5721,Málaga,El Palo,Alquiler,Piso,180996.0,57.7,2.0,1.0,Obra nueva,2022-01-01,7,True,True,False,False,False,4.11,2025-03-25,40-80,3136.85
5722,Málaga,El Palo,Venta,Piso,225673.0,66.4,2.0,1.0,Buen estado,1979-01-01,4,True,False,True,False,False,6.09,2025-01-30,40-80,3398.69
5723,Málaga,Málaga-Centro,Venta,Piso,358136.0,95.0,3.0,2.0,Obra nueva,2019-01-01,4,False,True,True,True,False,5.4,,80-120,3769.85
5724,Málaga,Pedregalejo,Alquiler,Estudio,113039.0,32.3,0.0,1.0,Obra nueva,2019-01-01,4,False,False,False,True,False,6.74,2024-10-15,0-40,3499.66
5725,Málaga,Pedregalejo,Venta,Piso,283263.0,73.1,2.0,1.0,Buen estado,1973-01-01,Bajo,True,True,True,False,True,4.7,2025-03-01,40-80,3875.01
5726,Málaga,Pedregalejo,Venta,Piso,268999.0,80.0,3.0,2.0,Buen estado,1984-01-01,5,True,True,False,False,False,4.68,2024-12-06,80-120,3362.49
5727,Málaga,Pedregalejo,Venta,Piso,375441.0,111.6,3.0,2.0,Buen estado,1999-01-01,5,False,True,True,False,True,6.18,2024-12-19,80-120,3364.17
5728,Málaga,Málaga-Centro,Alquiler,Piso,153687.0,51.8,2.0,1.0,Buen estado,1948-01-01,3,True,True,False,True,False,1.89,2025-02-22,40-80,2966.93
5729,Málaga,La Malagueta,Venta,Piso,350323.0,85.5,3.0,2.0,Reformado,1986-01-01,9,True,True,False,False,True,5.57,2024-11-26,80-120,4097.35
5730,Málaga,La Malagueta,Alquiler,Piso,,49.4,2.0,1.0,Buen estado,1978-01-01,6,False,True,True,False,True,4.76,2024-12-25,40-80,
5731,Málaga,Málaga-Centro,Venta,Piso,249372.0,87.3,3.0,2.0,Obra nueva,2021-01-01,3,False,False,True,True,False,1.95,2025-02-03,80-120,2856.49
5732,Málaga,La Malagueta,Venta,Piso,296890.0,78.2,2.0,1.0,Buen estado,1978-01-01,5,False,False,False,False,True,5.73,2024-10-09,40-80,3796.55
5733,Málaga,El Palo,Venta,Piso,337079.0,82.5,3.0,2.0,Obra nueva,2018-01-01,5,True,False,False,False,True,5.35,2024-11-04,80-120,4085.81
5734,Málaga,Málaga-Centro,Alquiler,Piso,201993.0,52.2,2.0,1.0,Buen estado,2006-01-01,8,False,False,False,False,False,2.91,2024-12-06,40-80,3869.6
5735,Málaga,El Palo,Venta,Piso,425550.0,106.9,3.0,2.0,Buen estado,2015-01-01,4,True,True,True,True,False,4.03,2025-01-18,80-120,3980.82
5736,Málaga,El Palo,Venta,Piso,347876.0,91.3,3.0,2.0,Buen estado,2010-01-01,6,True,False,False,True,False,6.09,2025-01-27,80-120,3810.25
5737,Málaga,Málaga-Centro,Venta,Piso,346079.0,101.8,3.0,2.0,A reformar,1979-01-01,7,True,False,False,False,True,2.91,2024-11-28,80-120,3399.6
5738,Málaga,El Palo,Venta,Piso,292647.0,72.3,2.0,1.0,Buen estado,1980-01-01,Bajo,True,False,True,True,True,3.02,2025-03-05,40-80,4047.68
5739,Málaga,Pedregalejo,Alquiler,Piso,319643.0,93.5,3.0,2.0,Reformado,1978-01-01,Bajo,True,False,False,False,False,7.61,2024-11-23,80-120,3418.64
5740,Málaga,El Palo,Venta,Ático,206799.0,74.8,2.0,1.0,Buen estado,1963-01-01,Ático,False,True,False,True,False,3.42,2025-03-10,40-80,2764.69
5741,Málaga,Pedregalejo,Venta,Piso,177453.0,43.0,2.0,1.0,Buen estado,1979-01-01,9,True,False,True,True,False,8.35,2025-02-04,40-80,4126.81
5742,Málaga,El Palo,Venta,Piso,250746.0,72.9,2.0,1.0,Buen estado,1971-01-01,3,True,True,False,True,False,5.04,2024-10-14,40-80,3439.59
5743,Málaga,El Palo,Venta,Piso,267919.0,86.3,3.0,2.0,Reformado,1986-01-01,7,True,True,False,False,False,2.64,2025-03-25,80-120,3104.51
5744,Málaga,Pedregalejo,Venta,Piso,303295.0,80.6,3.0,2.0,Buen estado,2005-01-01,3,True,True,False,False,True,,2025-01-04,80-120,3762.97
5745,Málaga,Málaga-Centro,Alquiler,Ático,248925.0,74.0,2.0,1.0,Buen estado,1969-01-01,Ático,True,False,False,False,True,7.22,2025-04-02,40-80,3363.85
5746,Málaga,La Malagueta,Venta,Piso,379884.0,119.3,3.0,2.0,Buen estado,2007-01-01,6,True,True,False,True,False,6.23,2025-02-21,80-120,3184.27
5747,Málaga,El Palo,Venta,Piso,308084.0,80.0,3.0,2.0,Buen estado,1962-01-01,1,True,False,True,False,True,3.93,2025-03-20,80-120,3851.05
5748,Málaga,Málaga-Centro,Alquiler,Piso,356333.0,113.7,3.0,2.0,Buen estado,1974-01-01,6,False,False,False,True,False,3.93,2024-11-02,80-120,3133.98
5749,Málaga,La Malagueta,Venta,Piso,252057.0,94.9,3.0,2.0,Buen estado,1966-01-01,4,True,True,False,False,True,5.5,2025-01-10,80-120,2656.03
5750,Málaga,Pedregalejo,Alquiler,Piso,242597.0,72.0,2.0,1.0,Obra nueva,2019-01-01,3,True,False,False,True,True,4.92,2025-02-13,40-80,3369.4
5751,Málaga,El Palo,Alquiler,Piso,234640.0,63.9,2.0,1.0,Buen estado,1968-01-01,8,False,False,False,False,False,5.84,2024-10-11,40-80,3671.99
5752,Málaga,El Palo,Venta,Piso,174204.0,55.0,2.0,1.0,Buen estado,1986-01-01,6,False,False,True,True,True,6.9,2025-03-22,40-80,3167.35
5753,Málaga,Pedregalejo,Venta,Piso,223465.0,62.7,2.0,1.0,Buen estado,1988-01-01,Bajo,True,False,True,False,True,5.85,2025-02-12,40-80,3564.04
5754,Málaga,Málaga-Centro,Alquiler,Ático,242060.0,67.8,2.0,1.0,Obra nueva,2023-01-01,Ático,False,True,False,True,True,6.78,2024-12-25,40-80,3570.21
5755,Málaga,El Palo,Venta,Piso,267434.0,80.3,3.0,2.0,A reformar,1968-01-01,Bajo,False,True,False,False,False,5.83,2024-12-06,80-120,3330.44
5756,Málaga,Pedregalejo,Venta,Piso,297802.0,80.4,3.0,2.0,Buen estado,1960-01-01,6,True,False,False,True,False,5.99,2025-01-01,80-120,3704.0
5757,Málaga,Pedregalejo,Venta,Piso,334294.0,74.3,2.0,1.0,Buen estado,1983-01-01,4,True,False,False,False,True,4.62,2025-03-16,40-80,4499.25
5758,Málaga,La Malagueta,Venta,Estudio,,39.1,0.0,1.0,Buen estado,1980-01-01,3,False,True,False,False,True,4.17,2024-11-08,0-40,
5759,Málaga,El Palo,Venta,Ático,275738.0,100.6,3.0,2.0,Buen estado,1975-01-01,Ático,True,False,False,True,True,6.46,2025-01-16,80-120,2740.93
5760,Málaga,Pedregalejo,Venta,Estudio,86963.0,34.1,0.0,1.0,Buen estado,1992-01-01,8,False,True,False,False,False,4.45,2024-12-31,0-40,2550.23
5761,Málaga,Pedregalejo,Alquiler,Piso,230064.0,88.7,3.0,2.0,Reformado,1991-01-01,8,True,True,False,True,False,4.88,2025-03-01,80-120,2593.73
5762,Málaga,Pedregalejo,Alquiler,Piso,288496.0,91.2,3.0,2.0,Buen estado,1947-01-01,2,False,False,False,False,False,4.28,2025-03-18,80-120,3163.33
5763,Málaga,Málaga-Centro,Venta,Piso,326697.0,82.5,3.0,2.0,Buen estado,1969-01-01,5,False,True,False,True,True,4.41,,80-120,3959.96
5764,Málaga,El Palo,Venta,Piso,212270.0,62.6,2.0,1.0,Buen estado,1986-01-01,5,False,True,False,True,True,4.6,2024-11-18,40-80,3390.89
5765,Málaga,La Malagueta,Alquiler,Piso,358820.0,110.3,3.0,2.0,Reformado,1989-01-01,9,True,True,False,True,False,6.63,2025-03-11,80-120,3253.13
5766,Málaga,El Palo,Venta,Piso,261868.0,81.2,3.0,2.0,A reformar,1984-01-01,2,False,True,False,True,False,4.88,2024-12-10,80-120,3224.98
5767,Málaga,Pedregalejo,Alquiler,Piso,339193.0,104.7,3.0,2.0,Buen estado,1998-01-01,Bajo,True,False,False,False,False,6.18,2024-12-10,80-120,3239.67
5768,Málaga,Málaga-Centro,Venta,Piso,202496.0,59.0,2.0,1.0,Buen estado,1991-01-01,5,False,False,False,True,False,7.15,,40-80,3432.14
5769,Málaga,Málaga-Centro,Alquiler,Piso,281360.0,74.7,2.0,1.0,Buen estado,2009-01-01,2,False,False,False,False,False,5.64,2024-10-15,40-80,3766.53
5770,Málaga,Málaga-Centro,Venta,Piso,155700.0,49.5,2.0,1.0,Buen estado,1983-01-01,3,True,False,False,False,False,4.43,2024-11-01,40-80,3145.45
5771,Málaga,Pedregalejo,Venta,Ático,166268.0,53.7,2.0,1.0,Buen estado,2014-01-01,Ático,True,False,False,True,True,7.05,2025-02-22,40-80,3096.24
5772,Málaga,La Malagueta,Venta,Piso,367068.0,84.7,3.0,2.0,Buen estado,2006-01-01,6,False,False,False,False,False,4.79,2025-02-18,80-120,4333.74
5773,Málaga,La Malagueta,Alquiler,Piso,316714.0,86.6,3.0,2.0,Buen estado,1964-01-01,1,True,False,False,False,False,3.92,2025-04-04,80-120,3657.21
5774,Málaga,Málaga-Centro,Venta,Piso,193122.0,56.2,2.0,1.0,Buen estado,1983-01-01,5,True,False,False,True,True,3.83,2024-12-24,40-80,3436.33
5775,Málaga,Pedregalejo,Alquiler,Piso,449928.0,114.8,3.0,2.0,Buen estado,2020-01-01,7,True,False,False,False,False,4.05,2025-02-10,80-120,3919.23
5776,Málaga,El Palo,Alquiler,Piso,281276.0,79.5,2.0,1.0,Buen estado,1996-01-01,2,True,False,False,True,False,4.08,2024-12-17,40-80,3538.06
5777,Málaga,Pedregalejo,Venta,Sin_clasificar,,,6.0,1.0,Buen estado,1996-01-01,1,True,False,False,True,True,4.66,2025-01-12,,
5778,Málaga,Málaga-Centro,Venta,Piso,379915.0,108.4,3.0,2.0,Reformado,1980-01-01,3,True,False,True,True,False,3.19,2025-02-17,80-120,3504.75
5779,Málaga,La Malagueta,Venta,Piso,147967.0,46.7,2.0,1.0,Buen estado,2006-01-01,5,True,True,False,True,True,,2024-11-03,40-80,3168.46
5780,Málaga,Pedregalejo,Venta,Ático,266760.0,73.4,2.0,1.0,Buen estado,1959-01-01,Ático,False,True,True,True,False,3.85,2025-01-24,40-80,3634.33
5781,Málaga,Málaga-Centro,Venta,Piso,369985.0,82.0,3.0,2.0,Buen estado,2007-01-01,Bajo,False,True,False,True,False,3.31,2025-02-17,80-120,4512.01
5782,Málaga,Málaga-Centro,Venta,Piso,357651.0,92.2,3.0,2.0,Reformado,1988-01-01,9,False,True,False,False,True,7.3,2025-01-01,80-120,3879.08
5783,Málaga,Pedregalejo,Venta,Ático,,,4.0,1.0,Buen estado,1997-01-01,Ático,True,False,False,True,True,5.85,2025-01-03,,
5784,Málaga,Málaga-Centro,Alquiler,Piso,250828.0,73.1,2.0,1.0,Buen estado,1989-01-01,4,False,True,False,False,True,4.13,2025-03-07,40-80,3431.3
5785,Málaga,Málaga-Centro,Alquiler,Piso,313691.0,96.6,3.0,2.0,Obra nueva,2022-01-01,9,True,False,True,True,True,3.74,2024-11-12,80-120,3247.32
5786,Málaga,Pedregalejo,Venta,Estudio,,30.0,0.0,1.0,Buen estado,1984-01-01,5,False,True,False,False,True,4.34,2024-10-15,0-40,
5787,Málaga,El Palo,Alquiler,Piso,351586.0,86.2,3.0,2.0,Reformado,1984-01-01,5,True,True,False,False,False,4.51,2025-01-07,80-120,4078.72
5788,Málaga,La Malagueta,Venta,Piso,309247.0,88.1,3.0,2.0,Buen estado,1969-01-01,Bajo,True,False,False,False,False,5.55,2025-02-15,80-120,3510.18
5789,Málaga,La Malagueta,Venta,Piso,281170.0,75.7,2.0,1.0,Obra nueva,2020-01-01,7,False,False,False,True,True,4.21,2025-02-01,40-80,3714.27
5790,Málaga,El Palo,Alquiler,Piso,249583.0,65.0,2.0,1.0,Buen estado,1972-01-01,2,True,False,False,False,False,5.84,2025-01-11,40-80,3839.74
5791,Málaga,Pedregalejo,Alquiler,Piso,207339.0,76.3,2.0,1.0,Buen estado,1961-01-01,7,False,False,False,True,False,3.24,2024-11-15,40-80,2717.42
5792,Málaga,Pedregalejo,Alquiler,Piso,325901.0,92.1,3.0,2.0,Buen estado,1983-01-01,9,True,False,False,False,False,6.18,2025-02-06,80-120,3538.56
5793,Málaga,Málaga-Centro,Venta,Piso,258529.0,86.8,3.0,2.0,Buen estado,1982-01-01,5,False,False,True,False,True,3.44,2025-01-10,80-120,2978.44
5794,Málaga,Pedregalejo,Venta,Piso,159034.0,51.1,2.0,1.0,Buen estado,1989-01-01,6,False,False,True,False,True,4.96,2025-02-04,40-80,3112.21
5795,Málaga,Pedregalejo,Alquiler,Piso,407311.0,91.0,3.0,2.0,Buen estado,1986-01-01,6,False,True,True,False,True,4.92,2024-11-11,80-120,4475.95
5796,Málaga,La Malagueta,Venta,Piso,269325.0,80.2,3.0,2.0,Buen estado,1995-01-01,7,True,False,True,False,False,5.03,2024-11-08,80-120,3358.17
5797,Málaga,La Malagueta,Venta,Piso,197527.0,68.6,2.0,1.0,Buen estado,1952-01-01,Bajo,True,False,True,False,False,6.73,2024-11-21,40-80,2879.4
5798,Málaga,El Palo,Venta,Piso,591705.0,170.55,5.0,3.0,Obra nueva,2018-01-01,6,True,False,False,True,True,4.15,2024-12-25,160-200,3469.39
5799,Málaga,Málaga-Centro,Alquiler,Piso,346030.0,85.0,3.0,2.0,A reformar,1981-01-01,7,False,False,True,True,False,4.39,2024-11-15,80-120,4070.94
5800,Málaga,El Palo,Venta,Piso,182887.0,51.6,2.0,1.0,Buen estado,1966-01-01,4,False,False,True,True,False,4.67,2025-01-11,40-80,3544.32
5801,Málaga,Málaga-Centro,Venta,Ático,381253.0,94.8,3.0,2.0,Buen estado,2014-01-01,Ático,False,True,False,False,False,3.32,2024-10-21,80-120,4021.66
5802,Málaga,Málaga-Centro,Venta,Piso,253396.0,67.0,2.0,1.0,Buen estado,1974-01-01,3,True,False,False,False,False,4.87,2024-12-22,40-80,3782.03
5803,Málaga,Pedregalejo,Venta,Piso,152933.0,50.7,2.0,1.0,Reformado,1972-01-01,5,True,True,False,True,True,5.57,2025-01-28,40-80,3016.43
5804,Málaga,La Malagueta,Alquiler,Ático,209803.0,57.9,2.0,1.0,Buen estado,1982-01-01,Ático,True,True,False,True,False,,2024-12-02,40-80,3623.54
5805,Málaga,La Malagueta,Venta,Piso,449086.0,128.2,4.0,2.0,Buen estado,1994-01-01,6,True,False,False,True,True,6.07,,120-160,3503.01
5806,Málaga,Málaga-Centro,Venta,Piso,196515.0,70.0,2.0,1.0,Buen estado,1964-01-01,Bajo,False,False,False,True,True,8.16,2024-12-25,40-80,2807.36
5807,Málaga,Málaga-Centro,Venta,Piso,264486.0,77.5,2.0,1.0,Obra nueva,2020-01-01,3,True,True,True,True,True,5.43,2024-10-29,40-80,3412.72
5808,Málaga,El Palo,Venta,Sin_clasificar,,,1.0,1.0,Buen estado,1996-01-01,8,True,False,False,False,True,6.69,2024-12-30,,
5809,Málaga,La Malagueta,Venta,Piso,343030.0,87.4,3.0,2.0,Buen estado,1994-01-01,3,True,False,True,False,True,2.65,2024-12-05,80-120,3924.83
5810,Málaga,El Palo,Venta,Ático,198352.0,60.6,2.0,1.0,Obra nueva,2022-01-01,Ático,True,True,True,True,False,3.66,2024-12-10,40-80,3273.14
5811,Málaga,Málaga-Centro,Venta,Piso,294739.0,95.7,3.0,2.0,Buen estado,1986-01-01,8,True,False,True,False,False,4.73,2025-02-15,80-120,3079.82
5812,Málaga,Pedregalejo,Venta,Piso,201085.0,61.4,2.0,1.0,Buen estado,1991-01-01,5,True,True,False,True,True,,2025-01-12,40-80,3275.0
5813,Málaga,La Malagueta,Venta,Piso,397630.0,95.4,3.0,2.0,Buen estado,1977-01-01,3,True,False,False,True,False,3.07,2024-11-22,80-120,4168.03
5814,Málaga,Málaga-Centro,Venta,Sin_clasificar,,,3.0,4.0,Buen estado,1999-01-01,3,False,False,False,False,True,3.79,2025-04-02,,
5815,Málaga,La Malagueta,Alquiler,Piso,279827.0,100.5,3.0,2.0,Buen estado,1980-01-01,7,True,True,False,False,False,3.64,2025-03-08,80-120,2784.35
5816,Málaga,Málaga-Centro,Venta,Piso,,77.6,2.0,1.0,Buen estado,1989-01-01,3,False,True,False,False,True,3.42,2025-02-25,40-80,
5817,Málaga,El Palo,Venta,Piso,302813.0,71.8,2.0,1.0,A reformar,2002-01-01,1,True,False,True,True,False,3.74,2025-03-01,40-80,4217.45
5818,Málaga,La Malagueta,Venta,Piso,164064.0,53.2,2.0,1.0,Reformado,1951-01-01,8,False,True,False,True,True,5.16,2024-11-03,40-80,3083.91
5819,Málaga,El Palo,Alquiler,Piso,335988.0,83.8,3.0,2.0,Buen estado,1971-01-01,4,True,False,False,False,False,3.91,2024-11-12,80-120,4009.4
5820,Málaga,Málaga-Centro,Venta,Piso,258069.0,77.4,2.0,1.0,Buen estado,1981-01-01,2,True,False,True,False,True,1.88,2024-12-23,40-80,3334.22
5821,Málaga,La Malagueta,Alquiler,Piso,165865.0,49.0,2.0,1.0,Buen estado,1975-01-01,4,False,True,False,True,False,7.45,,40-80,3385.0
5822,Málaga,El Palo,Venta,Ático,178960.0,75.7,2.0,1.0,Buen estado,1995-01-01,Ático,True,True,False,True,False,5.1,2025-03-01,40-80,2364.07
5823,Málaga,La Malagueta,Alquiler,Piso,440187.0,105.7,3.0,2.0,Obra nueva,2022-01-01,6,True,False,True,True,False,,2025-01-21,80-120,4164.49
5824,Málaga,La Malagueta,Venta,Piso,361186.0,108.0,3.0,2.0,Buen estado,1961-01-01,1,True,False,False,False,True,5.11,2025-04-01,80-120,3344.31
5825,Málaga,El Palo,Venta,Piso,387332.0,101.4,3.0,2.0,Buen estado,1987-01-01,9,False,True,True,False,False,6.97,2024-11-21,80-120,3819.84
5826,Málaga,Pedregalejo,Venta,Piso,367185.0,92.1,3.0,2.0,Buen estado,1989-01-01,4,False,True,False,False,False,6.11,2025-01-15,80-120,3986.81
5827,Málaga,La Malagueta,Alquiler,Piso,,117.1,3.0,2.0,Obra nueva,2019-01-01,1,True,True,False,False,True,4.67,2024-12-31,80-120,
5828,Málaga,Pedregalejo,Alquiler,Piso,318703.0,83.1,3.0,2.0,Buen estado,1971-01-01,3,True,False,False,True,False,3.26,2025-03-15,80-120,3835.17
5829,Málaga,Pedregalejo,Venta,Piso,337731.0,86.9,3.0,2.0,Buen estado,2020-01-01,9,False,False,False,False,False,5.05,2024-10-11,80-120,3886.43
5830,Málaga,El Palo,Venta,Piso,318604.0,76.5,2.0,1.0,Buen estado,1996-01-01,6,True,False,False,True,True,2.5,2025-03-28,40-80,4164.76
5831,Málaga,Málaga-Centro,Alquiler,Piso,264559.0,69.5,2.0,1.0,A reformar,1982-01-01,2,False,True,True,True,False,4.93,2024-11-13,40-80,3806.6
5832,Málaga,La Malagueta,Venta,Ático,196211.0,53.1,2.0,1.0,Buen estado,1996-01-01,Ático,False,True,False,True,False,6.2,2024-11-12,40-80,3695.12
5833,Málaga,Pedregalejo,Venta,Piso,437899.0,117.0,3.0,2.0,Buen estado,2000-01-01,Bajo,False,True,True,True,False,6.75,,80-120,3742.73
5834,Málaga,El Palo,Venta,Piso,222587.0,55.8,2.0,1.0,Buen estado,1983-01-01,4,True,True,False,True,False,4.98,2024-10-22,40-80,3989.01
5835,Málaga,El Palo,Venta,Piso,208051.0,67.1,2.0,1.0,Buen estado,1993-01-01,7,True,False,False,True,False,6.55,,40-80,3100.61
5836,Málaga,Pedregalejo,Venta,Piso,153688.0,45.6,2.0,1.0,Reformado,1984-01-01,5,True,True,True,True,False,5.3,2024-12-31,40-80,3370.35
5837,Málaga,El Palo,Venta,Piso,245097.0,86.6,3.0,2.0,Buen estado,1972-01-01,7,False,False,True,False,False,2.22,2025-03-27,80-120,2830.22
5838,Málaga,El Palo,Venta,Piso,350784.0,84.8,3.0,2.0,Obra nueva,2020-01-01,7,False,True,True,True,False,6.2,2025-02-14,80-120,4136.6
5839,Málaga,El Palo,Venta,Piso,352524.0,105.8,3.0,2.0,Reformado,2000-01-01,5,False,True,False,False,False,5.78,2024-10-26,80-120,3331.98
5840,Málaga,La Malagueta,Alquiler,Piso,319339.0,113.2,3.0,2.0,Buen estado,1981-01-01,6,False,True,False,False,True,3.59,2024-12-14,80-120,2821.02
5841,Málaga,Pedregalejo,Alquiler,Piso,216748.0,56.7,2.0,1.0,A reformar,1963-01-01,3,False,False,False,True,False,4.56,2024-11-20,40-80,3822.72
5842,Málaga,El Palo,Venta,Sin_clasificar,,,2.0,1.0,Buen estado,1994-01-01,6,True,False,False,True,True,5.99,2025-01-07,,
5843,Málaga,La Malagueta,Alquiler,Piso,273163.0,68.6,2.0,1.0,Buen estado,1971-01-01,Bajo,True,False,True,False,False,4.99,2024-12-22,40-80,3981.97
5844,Málaga,La Malagueta,Venta,Piso,303917.0,77.8,2.0,1.0,Buen estado,2000-01-01,4,True,True,False,False,True,2.47,2025-02-02,40-80,3906.39
5845,Málaga,Málaga-Centro,Alquiler,Piso,350001.0,98.1,3.0,2.0,Buen estado,1970-01-01,1,True,False,True,False,True,4.95,2025-03-19,80-120,3567.8
5846,Málaga,Málaga-Centro,Venta,Ático,157014.0,37.2,0.0,1.0,Buen estado,1979-01-01,Ático,True,False,False,False,True,3.39,2024-10-14,0-40,4220.81
5847,Málaga,Pedregalejo,Venta,Piso,329712.0,97.7,3.0,2.0,Buen estado,1966-01-01,5,True,False,False,True,False,4.44,2025-02-26,80-120,3374.74
5848,Málaga,Pedregalejo,Venta,Piso,149302.0,50.9,2.0,1.0,Buen estado,1997-01-01,3,True,False,True,False,False,5.49,2024-11-25,40-80,2933.24
5849,Málaga,La Malagueta,Alquiler,Piso,,113.4,3.0,2.0,Reformado,1998-01-01,6,True,False,False,False,False,6.19,,80-120,
5850,Málaga,La Malagueta,Venta,Piso,239716.0,61.2,2.0,1.0,Buen estado,2019-01-01,Bajo,False,False,True,False,True,4.62,2024-12-19,40-80,3916.93
5851,Málaga,La Malagueta,Venta,Sin_clasificar,,,5.0,1.0,Buen estado,1967-01-01,Bajo,True,False,False,False,True,5.48,2025-02-15,,
5852,Málaga,Málaga-Centro,Alquiler,Piso,428150.0,120.3,4.0,2.0,Buen estado,1993-01-01,2,True,True,False,True,True,3.89,2024-11-10,120-160,3559.02
5853,Málaga,Málaga-Centro,Venta,Ático,275564.0,77.5,2.0,1.0,Reformado,1993-01-01,Ático,True,True,True,True,True,3.38,2024-12-23,40-80,3555.66
5854,Málaga,El Palo,Venta,Piso,406932.0,107.7,3.0,2.0,Buen estado,2005-01-01,2,True,True,False,False,False,5.38,2025-02-07,80-120,3778.38
5855,Málaga,Málaga-Centro,Alquiler,Piso,391315.0,96.0,3.0,2.0,Buen estado,1986-01-01,1,False,True,False,False,False,6.32,2024-11-06,80-120,4076.2
5856,Málaga,Pedregalejo,Venta,Piso,262381.0,57.7,2.0,1.0,Buen estado,1986-01-01,3,False,False,False,True,True,3.62,2024-10-20,40-80,4547.33
5857,Málaga,Pedregalejo,Alquiler,Piso,360465.0,94.5,3.0,2.0,Buen estado,1980-01-01,5,True,False,True,True,True,3.71,2024-11-09,80-120,3814.44
5858,Málaga,La Malagueta,Venta,Piso,209867.0,60.9,2.0,1.0,Buen estado,1993-01-01,2,True,True,False,False,False,4.8,2024-11-13,40-80,3446.09
5859,Málaga,Málaga-Centro,Venta,Piso,272340.0,74.0,2.0,1.0,Buen estado,1975-01-01,3,True,False,False,False,False,4.07,2025-02-03,40-80,3680.27
5860,Málaga,Málaga-Centro,Venta,Piso,161384.0,60.4,2.0,1.0,A reformar,1972-01-01,2,False,True,False,False,True,5.63,2024-10-20,40-80,2671.92
5861,Málaga,Pedregalejo,Venta,Sin_clasificar,,,1.0,,Buen estado,1980-01-01,3,True,True,False,False,True,5.35,2024-10-31,,
5862,Málaga,La Malagueta,Venta,Piso,245906.0,65.7,2.0,1.0,Buen estado,1983-01-01,Bajo,True,True,False,False,False,7.04,2024-11-22,40-80,3742.86
5863,Málaga,La Malagueta,Venta,Piso,420265.0,106.2,3.0,2.0,Buen estado,1988-01-01,5,True,True,True,False,True,5.49,2025-01-03,80-120,3957.3
5864,Málaga,Málaga-Centro,Venta,Estudio,115787.0,30.0,0.0,1.0,Buen estado,1989-01-01,5,True,True,False,True,False,4.46,2025-01-03,0-40,3859.57
5865,Málaga,La Malagueta,Venta,Ático,242546.0,77.5,2.0,1.0,Reformado,1955-01-01,Ático,False,False,True,False,True,5.77,2024-12-09,40-80,3129.63
5866,Málaga,El Palo,Venta,Piso,,74.6,2.0,1.0,Buen estado,1990-01-01,7,True,False,False,False,True,5.31,2024-12-28,40-80,
5867,Málaga,Málaga-Centro,Venta,Ático,298373.0,83.9,3.0,2.0,Buen estado,1996-01-01,Ático,True,False,False,True,False,5.84,2025-01-28,80-120,3556.29
5868,Málaga,El Palo,Venta,Estudio,127776.0,37.1,0.0,1.0,Buen estado,1982-01-01,1,True,False,False,True,False,6.38,2024-10-27,0-40,3444.1
5869,Málaga,La Malagueta,Venta,Piso,217855.0,72.1,2.0,1.0,Obra nueva,2021-01-01,9,False,False,True,True,True,1.87,2024-11-29,40-80,3021.57
5870,Málaga,La Malagueta,Alquiler,Piso,293771.0,89.0,3.0,2.0,Obra nueva,2022-01-01,3,True,True,False,False,False,6.61,2025-04-05,80-120,3300.8
5871,Málaga,La Malagueta,Venta,Piso,211372.0,61.3,2.0,1.0,Buen estado,1985-01-01,4,True,False,False,True,True,8.27,2025-03-07,40-80,3448.16
5872,Málaga,Pedregalejo,Alquiler,Piso,301909.0,77.4,2.0,1.0,Buen estado,1992-01-01,7,True,False,False,True,True,5.49,2024-10-23,40-80,3900.63
5873,Málaga,El Palo,Venta,Piso,445986.0,125.9,4.0,2.0,Reformado,2000-01-01,8,True,True,False,True,False,6.56,2024-12-06,120-160,3542.38
5874,Málaga,Málaga-Centro,Venta,Sin_clasificar,,,6.0,,Buen estado,1975-01-01,6,False,True,True,False,True,4.62,2025-02-21,,
5875,Málaga,Pedregalejo,Venta,Piso,370449.0,92.7,3.0,2.0,Obra nueva,2022-01-01,Bajo,True,True,False,True,False,6.74,2024-11-14,80-120,3996.21
5876,Málaga,Málaga-Centro,Venta,Piso,435554.0,110.5,3.0,2.0,Buen estado,1968-01-01,1,True,False,False,False,True,4.09,2024-12-30,80-120,3941.67
5877,Málaga,Pedregalejo,Venta,Piso,215474.0,59.5,2.0,1.0,Buen estado,1971-01-01,Bajo,True,False,True,False,False,4.51,2025-03-13,40-80,3621.41
5878,Málaga,La Malagueta,Venta,Piso,357083.0,85.4,3.0,2.0,Buen estado,1988-01-01,3,True,True,True,True,False,5.9,2024-12-05,80-120,4181.3
5879,Málaga,El Palo,Venta,Piso,258783.0,82.4,3.0,2.0,Buen estado,1978-01-01,5,False,True,False,False,False,5.85,2025-04-06,80-120,3140.57
5880,Málaga,Pedregalejo,Venta,Piso,252051.0,62.9,2.0,1.0,Buen estado,1988-01-01,9,False,True,False,False,False,5.1,2025-02-24,40-80,4007.17
5881,Málaga,Pedregalejo,Venta,Piso,261902.0,69.6,2.0,1.0,Buen estado,1999-01-01,7,True,False,True,True,False,5.86,2025-01-31,40-80,3762.96
5882,Málaga,Málaga-Centro,Venta,Piso,268532.0,89.7,3.0,2.0,Obra nueva,2018-01-01,4,True,False,False,True,True,7.01,2025-01-29,80-120,2993.67
5883,Málaga,Málaga-Centro,Venta,Piso,354605.0,104.2,3.0,2.0,Obra nueva,2022-01-01,2,True,True,False,True,False,5.76,2025-02-27,80-120,3403.12
5884,Málaga,La Malagueta,Alquiler,Estudio,103031.0,38.2,0.0,1.0,Buen estado,1987-01-01,9,True,True,True,False,True,3.42,2025-02-06,0-40,2697.15
5885,Málaga,Málaga-Centro,Venta,Piso,358507.0,78.1,2.0,1.0,Buen estado,1977-01-01,6,True,True,True,False,True,6.81,2025-02-21,40-80,4590.36
5886,Málaga,Málaga-Centro,Venta,Piso,249425.0,77.6,2.0,1.0,Buen estado,2004-01-01,5,True,False,False,False,False,6.72,2025-03-12,40-80,3214.24
5887,Málaga,Málaga-Centro,Venta,Piso,,68.7,2.0,1.0,A reformar,1971-01-01,9,False,False,False,False,False,7.73,2024-12-09,40-80,
5888,Málaga,Málaga-Centro,Alquiler,Sin_clasificar,,,4.0,1.0,Buen estado,1985-01-01,5,True,False,False,False,False,5.29,2025-01-09,,
5889,Málaga,Málaga-Centro,Alquiler,Piso,,80.9,3.0,2.0,Buen estado,2011-01-01,3,True,False,True,True,False,3.97,2025-03-24,80-120,
5890,Málaga,Málaga-Centro,Venta,Piso,362444.0,102.0,3.0,2.0,Reformado,1973-01-01,4,True,False,False,False,True,5.28,2025-03-22,80-120,3553.37
5891,Málaga,El Palo,Venta,Piso,419488.0,114.2,3.0,2.0,Obra nueva,2023-01-01,4,False,True,True,True,True,7.31,2024-10-20,80-120,3673.27
5892,Málaga,El Palo,Venta,Piso,310192.0,76.8,2.0,1.0,Buen estado,1986-01-01,5,True,True,False,True,False,7.12,2024-11-16,40-80,4038.96
5893,Málaga,Pedregalejo,Venta,Piso,220861.0,67.8,2.0,1.0,Buen estado,1963-01-01,Bajo,True,True,False,True,False,4.34,2025-03-27,40-80,3257.54
5894,Málaga,El Palo,Alquiler,Piso,286882.0,73.9,2.0,1.0,Reformado,1976-01-01,Bajo,True,True,False,False,False,1.89,2025-03-05,40-80,3882.03
5895,Málaga,Pedregalejo,Venta,Ático,269177.0,92.5,3.0,2.0,Buen estado,1991-01-01,Ático,False,False,True,False,True,5.99,2024-12-30,80-120,2910.02
5896,Málaga,El Palo,Venta,Sin_clasificar,,,2.0,1.0,Buen estado,1996-01-01,1,True,True,False,False,True,6.74,2025-03-06,,
5897,Málaga,La Malagueta,Venta,Ático,200316.0,52.3,2.0,1.0,A reformar,2006-01-01,Ático,True,True,False,False,False,4.55,,40-80,3830.13
5898,Málaga,El Palo,Alquiler,Piso,235728.0,64.9,2.0,1.0,Buen estado,2013-01-01,8,False,True,False,False,False,6.41,2025-01-28,40-80,3632.17
5899,Málaga,Málaga-Centro,Alquiler,Piso,426699.0,122.8,4.0,2.0,Buen estado,1974-01-01,3,True,True,False,False,False,7.73,2025-01-28,120-160,3474.75
5900,Málaga,Málaga-Centro,Venta,Piso,,99.5,3.0,2.0,Buen estado,1977-01-01,9,True,True,False,True,True,4.46,2024-10-09,80-120,
5901,Málaga,Málaga-Centro,Venta,Piso,311217.0,64.4,2.0,1.0,Reformado,1976-01-01,2,True,False,False,True,True,3.53,2025-02-13,40-80,4832.56
5902,Málaga,El Palo,Venta,Ático,253170.0,68.0,2.0,1.0,Buen estado,2012-01-01,Ático,True,False,False,False,True,3.27,2025-03-28,40-80,3723.09
5903,Málaga,El Palo,Venta,Piso,389628.0,102.3,3.0,2.0,Buen estado,1985-01-01,Bajo,True,True,False,False,False,,2024-10-30,80-120,3808.68
5904,Málaga,Pedregalejo,Venta,Sin_clasificar,,,3.0,1.0,Buen estado,1955-01-01,8,False,True,False,True,False,3.28,2024-11-11,,
5905,Málaga,Málaga-Centro,Venta,Piso,309076.0,90.2,3.0,2.0,Buen estado,1949-01-01,9,True,True,True,False,False,8.79,2025-01-19,80-120,3426.56
5906,Málaga,Pedregalejo,Venta,Ático,335071.0,113.5,3.0,2.0,Buen estado,1958-01-01,Ático,True,False,False,False,True,6.3,2024-12-29,80-120,2952.17
5907,Málaga,Pedregalejo,Venta,Piso,304996.0,92.1,3.0,2.0,Buen estado,1973-01-01,9,False,False,False,True,True,8.7,2024-11-20,80-120,3311.57
5908,Málaga,La Malagueta,Venta,Piso,191916.0,56.1,2.0,1.0,Reformado,1986-01-01,1,False,True,False,False,False,5.25,2024-11-30,40-80,3420.96
5909,Málaga,Pedregalejo,Venta,Ático,258922.0,83.0,3.0,2.0,Obra nueva,2022-01-01,Ático,True,True,True,True,False,4.24,2025-02-03,80-120,3119.54
5910,Málaga,Pedregalejo,Alquiler,Piso,424003.0,113.3,3.0,2.0,Buen estado,1978-01-01,5,True,False,False,True,False,5.64,2024-10-20,80-120,3742.3
5911,Málaga,Málaga-Centro,Venta,Piso,,120.2,4.0,2.0,Buen estado,1988-01-01,4,True,True,False,False,False,4.44,2025-02-20,120-160,
5912,Málaga,El Palo,Venta,Piso,260661.0,84.0,3.0,2.0,Buen estado,1981-01-01,8,True,True,True,False,False,4.49,2024-11-11,80-120,3103.11
5913,Málaga,Málaga-Centro,Venta,Piso,269836.0,81.4,3.0,2.0,Buen estado,2007-01-01,4,True,False,False,False,False,6.6,2025-02-13,80-120,3314.94
5914,Málaga,El Palo,Venta,Piso,193065.0,53.4,2.0,1.0,A reformar,1968-01-01,9,True,True,False,True,False,3.34,2025-03-28,40-80,3615.45
5915,Málaga,Pedregalejo,Venta,Piso,256562.0,81.8,3.0,2.0,Buen estado,1993-01-01,5,False,True,False,False,True,5.78,2025-01-15,80-120,3136.45
5916,Málaga,El Palo,Alquiler,Piso,311595.0,96.7,3.0,2.0,Buen estado,1982-01-01,Bajo,True,True,True,False,False,5.55,2024-10-29,80-120,3222.29
5917,Málaga,La Malagueta,Venta,Ático,192113.0,74.0,2.0,1.0,Buen estado,1996-01-01,Ático,False,False,False,False,False,5.79,2025-03-05,40-80,2596.12
5918,Málaga,Málaga-Centro,Venta,Piso,282028.0,84.0,3.0,2.0,Buen estado,1996-01-01,1,True,True,False,False,False,5.98,2025-03-03,80-120,3357.48
5919,Málaga,El Palo,Alquiler,Piso,346076.0,86.6,3.0,2.0,Buen estado,1977-01-01,3,False,False,False,True,False,4.81,2025-03-31,80-120,3996.26
5920,Málaga,Málaga-Centro,Venta,Piso,340558.0,77.3,2.0,1.0,Obra nueva,2021-01-01,8,True,True,False,True,True,6.74,2024-12-03,40-80,4405.67
5921,Málaga,Málaga-Centro,Venta,Piso,210109.0,59.3,2.0,1.0,Buen estado,2014-01-01,7,True,False,True,True,False,3.92,2025-01-12,40-80,3543.15
5922,Málaga,La Malagueta,Venta,Piso,380783.0,91.3,3.0,2.0,Buen estado,1973-01-01,2,False,False,True,False,False,3.71,2024-10-22,80-120,4170.68
5923,Málaga,La Malagueta,Venta,Piso,315253.0,94.0,3.0,2.0,Buen estado,2004-01-01,7,True,False,True,True,True,4.57,2024-12-12,80-120,3353.76
5924,Málaga,El Palo,Venta,Piso,322795.0,107.9,3.0,2.0,Buen estado,2002-01-01,6,False,False,False,True,True,6.44,2025-03-09,80-120,2991.61
5925,Málaga,La Malagueta,Venta,Piso,179724.0,59.5,2.0,1.0,Buen estado,1958-01-01,9,True,True,True,False,False,4.87,2024-11-20,40-80,3020.57
5926,Málaga,La Malagueta,Venta,Piso,341898.0,102.5,3.0,2.0,Buen estado,1998-01-01,7,True,False,False,True,False,5.84,2025-02-16,80-120,3335.59
5927,Málaga,El Palo,Venta,Ático,,,1.0,1.0,Obra nueva,2022-01-01,Ático,True,True,False,False,False,4.42,2024-12-18,,
5928,Málaga,El Palo,Venta,Piso,374754.0,92.3,3.0,2.0,Buen estado,1987-01-01,5,True,True,False,False,False,6.33,2024-12-31,80-120,4060.17
5929,Málaga,El Palo,Venta,Piso,220718.0,73.3,2.0,1.0,Buen estado,1969-01-01,9,True,False,False,True,True,5.22,2024-10-29,40-80,3011.16
5930,Málaga,El Palo,Venta,Piso,417592.0,113.5,3.0,2.0,Buen estado,1991-01-01,4,True,False,False,True,False,4.51,2024-12-02,80-120,3679.22
5931,Málaga,Pedregalejo,Venta,Piso,306914.0,79.3,2.0,1.0,Buen estado,1979-01-01,1,True,True,False,False,False,2.76,2024-10-26,40-80,3870.29
5932,Málaga,Pedregalejo,Venta,Piso,274277.0,78.7,2.0,1.0,Buen estado,1981-01-01,7,True,True,False,False,True,5.75,2024-11-18,40-80,3485.1
5933,Málaga,Málaga-Centro,Venta,Piso,276222.0,70.4,2.0,1.0,Obra nueva,2019-01-01,6,True,True,False,True,True,5.93,2025-03-09,40-80,3923.61
5934,Málaga,Pedregalejo,Venta,Piso,299436.0,76.5,2.0,1.0,Buen estado,1986-01-01,9,True,True,False,True,False,5.03,2024-12-13,40-80,3914.2
5935,Málaga,La Malagueta,Venta,Piso,391120.0,101.8,3.0,2.0,Buen estado,1998-01-01,7,False,False,True,False,False,5.02,2024-10-10,80-120,3842.04
5936,Málaga,Pedregalejo,Venta,Piso,419244.0,110.5,3.0,2.0,Obra nueva,2019-01-01,9,True,True,True,False,False,3.22,2025-03-22,80-120,3794.06
5937,Málaga,Pedregalejo,Venta,Sin_clasificar,,,2.0,2.0,Obra nueva,2018-01-01,Bajo,True,False,True,False,False,7.04,2024-12-24,,
5938,Málaga,La Malagueta,Alquiler,Piso,285914.0,87.9,3.0,2.0,Buen estado,1970-01-01,4,True,True,False,False,False,4.66,2025-03-17,80-120,3252.72
5939,Málaga,La Malagueta,Venta,Piso,380112.0,103.6,3.0,2.0,Buen estado,1976-01-01,Bajo,False,True,False,False,True,3.8,2024-11-05,80-120,3669.03
5940,Málaga,Málaga-Centro,Venta,Piso,231158.0,57.0,2.0,1.0,Buen estado,1997-01-01,9,True,True,False,True,False,3.55,2025-03-17,40-80,4055.4
5941,Málaga,Málaga-Centro,Venta,Piso,343646.0,92.6,3.0,2.0,Obra nueva,2023-01-01,9,True,False,False,False,False,5.83,2024-12-10,80-120,3711.08
5942,Málaga,Pedregalejo,Venta,Piso,241307.0,65.9,2.0,1.0,Buen estado,1990-01-01,4,False,False,True,False,False,0.62,2025-02-14,40-80,3661.71
5943,Málaga,Málaga-Centro,Venta,Sin_clasificar,,,1.0,1.0,Buen estado,1995-01-01,3,True,False,False,False,True,6.81,2024-12-24,,
5944,Málaga,El Palo,Venta,Sin_clasificar,,,2.0,1.0,Buen estado,1960-01-01,6,True,True,True,True,False,6.47,2024-12-21,,
5945,Málaga,La Malagueta,Venta,Piso,272689.0,80.0,3.0,2.0,Reformado,1980-01-01,5,True,False,False,False,False,3.31,2024-12-20,80-120,3408.61
5946,Málaga,El Palo,Alquiler,Piso,453176.0,134.85,4.0,2.0,Buen estado,1963-01-01,1,True,True,False,False,True,3.76,2024-12-07,120-160,3360.59
5947,Málaga,Pedregalejo,Alquiler,Piso,380421.0,101.2,3.0,2.0,Buen estado,1967-01-01,2,False,True,True,False,False,0.5,2024-11-14,80-120,3759.1
5948,Málaga,La Malagueta,Venta,Piso,288052.0,83.8,3.0,2.0,Obra nueva,2018-01-01,7,False,True,False,True,True,6.88,2024-12-11,80-120,3437.37
5949,Málaga,Pedregalejo,Venta,Piso,337162.0,98.4,3.0,2.0,Reformado,1970-01-01,9,False,True,False,True,False,5.65,2025-01-04,80-120,3426.44
5950,Málaga,Pedregalejo,Venta,Piso,803912.0,95.3,3.0,2.0,Buen estado,2017-01-01,6,False,True,False,False,True,5.29,2024-10-21,80-120,8435.59
5951,Málaga,La Malagueta,Alquiler,Piso,213886.0,47.6,2.0,1.0,A reformar,1995-01-01,Bajo,True,False,False,False,False,6.4,2025-01-30,40-80,4493.4
5952,Málaga,Pedregalejo,Venta,Piso,411903.0,113.9,3.0,2.0,Buen estado,1990-01-01,4,False,True,True,True,False,3.35,2025-03-19,80-120,3616.36
5953,Málaga,Málaga-Centro,Alquiler,Piso,328816.0,101.1,3.0,2.0,Buen estado,1977-01-01,4,False,False,False,False,False,4.63,2025-03-20,80-120,3252.38
5954,Málaga,Málaga-Centro,Venta,Piso,318895.0,82.0,3.0,2.0,Buen estado,1988-01-01,Bajo,True,False,False,False,True,4.37,2025-03-13,80-120,3888.96
5955,Málaga,Pedregalejo,Venta,Piso,494871.0,135.5,4.0,2.0,Buen estado,1988-01-01,5,True,False,False,True,True,6.82,2024-12-17,120-160,3652.18
5956,Málaga,Málaga-Centro,Venta,Piso,229126.0,82.8,3.0,2.0,Buen estado,1968-01-01,5,True,False,False,False,False,3.61,2024-10-12,80-120,2767.22
5957,Málaga,La Malagueta,Venta,Piso,413979.0,115.6,3.0,2.0,Buen estado,1988-01-01,1,True,False,True,True,False,3.51,,80-120,3581.13
5958,Málaga,El Palo,Venta,Piso,,71.1,2.0,1.0,Buen estado,1988-01-01,7,True,False,False,True,False,6.63,2025-03-23,40-80,
5959,Málaga,Málaga-Centro,Venta,Piso,358439.0,96.3,3.0,2.0,Buen estado,1985-01-01,9,True,False,False,True,False,3.5,2024-10-24,80-120,3722.11
5960,Málaga,Pedregalejo,Venta,Piso,265189.0,71.1,2.0,1.0,Buen estado,1969-01-01,2,True,False,False,True,False,7.3,2024-10-30,40-80,3729.8
5961,Málaga,Málaga-Centro,Venta,Piso,216235.0,65.3,2.0,1.0,Buen estado,1974-01-01,9,False,False,False,False,False,4.44,2025-03-07,40-80,3311.41
5962,Málaga,Pedregalejo,Venta,Piso,310506.0,86.4,3.0,2.0,Buen estado,1960-01-01,1,True,False,False,True,True,6.92,,80-120,3593.82
5963,Málaga,Pedregalejo,Venta,Piso,233274.0,60.5,2.0,1.0,Buen estado,2008-01-01,3,True,True,False,True,False,5.93,2025-03-06,40-80,3855.77
5964,Málaga,Málaga-Centro,Venta,Piso,258293.0,82.4,3.0,2.0,Buen estado,1969-01-01,Bajo,True,True,False,True,False,6.91,,80-120,3134.62
5965,Málaga,La Malagueta,Alquiler,Piso,273253.0,84.0,3.0,2.0,Buen estado,1968-01-01,Bajo,True,False,False,True,True,4.92,2024-11-16,80-120,3253.01
5966,Málaga,Málaga-Centro,Venta,Piso,284148.0,83.2,3.0,2.0,Buen estado,2002-01-01,4,True,False,True,False,True,7.41,2025-01-28,80-120,3415.24
5967,Málaga,El Palo,Venta,Sin_clasificar,,,2.0,1.0,Buen estado,1967-01-01,8,True,False,False,False,True,4.11,2024-11-15,,
5968,Málaga,El Palo,Venta,Ático,,,2.0,1.0,Buen estado,1957-01-01,Ático,False,False,True,False,True,,2025-01-15,,
5969,Málaga,El Palo,Alquiler,Piso,276321.0,69.7,2.0,1.0,Buen estado,1979-01-01,1,True,False,False,False,True,2.81,2025-01-23,40-80,3964.43
5970,Málaga,Pedregalejo,Alquiler,Piso,445669.0,94.5,3.0,2.0,Buen estado,1969-01-01,5,True,True,False,False,False,5.29,2024-11-26,80-120,4716.07
5971,Málaga,La Malagueta,Alquiler,Piso,312847.0,113.4,3.0,2.0,Buen estado,1976-01-01,1,True,False,False,False,True,9.59,2024-11-03,80-120,2758.79
5972,Málaga,La Malagueta,Venta,Piso,222441.0,56.1,2.0,1.0,Buen estado,2009-01-01,1,True,True,False,False,False,3.74,2025-01-08,40-80,3965.08
5973,Málaga,El Palo,Alquiler,Piso,264203.0,78.3,2.0,1.0,Buen estado,1969-01-01,3,False,True,False,False,True,7.29,2024-12-22,40-80,3374.24
5974,Málaga,La Malagueta,Venta,Estudio,114874.0,31.9,0.0,1.0,A reformar,1981-01-01,2,False,False,False,True,True,5.04,2024-11-15,0-40,3601.07
5975,Málaga,Pedregalejo,Venta,Piso,278159.0,76.8,2.0,1.0,Buen estado,1966-01-01,1,False,True,False,False,False,6.62,2025-03-19,40-80,3621.86
5976,Málaga,La Malagueta,Alquiler,Piso,205500.0,99.8,3.0,2.0,A reformar,1981-01-01,5,False,True,False,False,False,5.86,2024-12-11,80-120,2059.12
5977,Málaga,Pedregalejo,Venta,Piso,272766.0,66.5,2.0,1.0,Buen estado,1985-01-01,Bajo,False,False,False,False,False,3.66,2025-01-31,40-80,4101.74
5978,Málaga,El Palo,Venta,Piso,241133.0,74.4,2.0,1.0,Buen estado,1983-01-01,3,False,True,False,True,False,5.27,2025-03-24,40-80,3241.03
5979,Málaga,El Palo,Venta,Piso,456214.0,108.0,3.0,2.0,Buen estado,1986-01-01,6,True,True,False,False,False,2.29,2025-02-06,80-120,4224.2
5980,Málaga,Pedregalejo,Venta,Piso,441113.0,108.0,3.0,2.0,Reformado,1988-01-01,7,True,False,False,False,False,6.21,,80-120,4084.38
5981,Málaga,La Malagueta,Venta,Piso,,61.6,2.0,1.0,Buen estado,1997-01-01,4,True,True,False,False,False,6.89,2025-04-03,40-80,
5982,Málaga,Málaga-Centro,Venta,Piso,289407.0,91.4,3.0,2.0,Buen estado,1951-01-01,5,True,True,False,False,False,6.09,2024-10-27,80-120,3166.38
5983,Málaga,Málaga-Centro,Venta,Sin_clasificar,,,,1.0,Obra nueva,2023-01-01,7,False,False,False,True,True,5.77,2024-11-15,,
5984,Málaga,Pedregalejo,Alquiler,Piso,218472.0,73.2,2.0,1.0,Buen estado,1995-01-01,4,False,True,True,False,False,4.73,2024-11-24,40-80,2984.59
5985,Málaga,El Palo,Venta,Ático,249509.0,60.9,2.0,1.0,Buen estado,2015-01-01,Ático,True,False,False,True,True,4.39,2025-02-22,40-80,4097.03
5986,Málaga,La Malagueta,Venta,Piso,372365.0,94.3,3.0,2.0,Obra nueva,2023-01-01,3,True,False,True,True,True,6.01,2025-03-06,80-120,3948.73
5987,Málaga,Pedregalejo,Venta,Piso,302072.0,70.6,2.0,1.0,Buen estado,1994-01-01,8,True,True,False,True,True,5.52,2024-11-21,40-80,4278.64
5988,Málaga,La Malagueta,Alquiler,Ático,356930.0,104.0,3.0,2.0,A reformar,1985-01-01,Ático,False,False,False,True,False,3.03,2024-11-20,80-120,3432.02
5989,Málaga,El Palo,Venta,Piso,431417.0,133.6,4.0,2.0,Buen estado,1965-01-01,Bajo,True,False,False,False,True,6.73,2024-12-18,120-160,3229.17
5990,Málaga,La Malagueta,Venta,Piso,175320.0,50.8,2.0,1.0,Reformado,2018-01-01,7,False,True,False,False,False,3.03,2025-03-24,40-80,3451.18
5991,Málaga,La Malagueta,Venta,Estudio,106096.0,32.3,0.0,1.0,Buen estado,1986-01-01,3,True,True,False,False,False,4.47,2024-10-27,0-40,3284.71
5992,Málaga,Málaga-Centro,Alquiler,Ático,285769.0,81.4,3.0,2.0,Buen estado,1986-01-01,Ático,True,True,False,True,False,4.3,2024-10-29,80-120,3510.68
5993,Málaga,La Malagueta,Venta,Piso,265608.0,81.2,3.0,2.0,Buen estado,1989-01-01,Bajo,True,False,True,False,False,4.65,2025-01-05,80-120,3271.03
5994,Málaga,Málaga-Centro,Alquiler,Piso,454498.0,118.7,3.0,2.0,A reformar,1988-01-01,Bajo,False,False,False,True,False,4.86,2025-02-12,80-120,3828.96
5995,Málaga,El Palo,Venta,Piso,283964.0,93.0,3.0,2.0,Buen estado,1976-01-01,4,True,False,False,False,False,3.06,2025-03-02,80-120,3053.38
5996,Málaga,Pedregalejo,Venta,Piso,317429.0,90.1,3.0,2.0,Obra nueva,2021-01-01,3,True,True,True,True,False,4.71,2025-01-05,80-120,3523.07
5997,Málaga,El Palo,Venta,Piso,417444.0,100.3,3.0,2.0,A reformar,1986-01-01,2,False,False,False,False,False,6.59,2024-10-27,80-120,4161.95
5998,Málaga,La Malagueta,Venta,Piso,215436.0,76.4,2.0,1.0,Buen estado,1977-01-01,9,False,False,False,True,True,4.22,2025-01-08,40-80,2819.84
5999,Málaga,Málaga-Centro,Venta,Piso,173668.0,56.4,2.0,1.0,Buen estado,1972-01-01,5,False,False,False,False,True,3.2,2024-12-19,40-80,3079.22
6000,Málaga,La Malagueta,Venta,Piso,345691.0,101.7,3.0,2.0,Buen estado,1976-01-01,1,True,True,False,True,True,2.41,2024-11-28,80-120,3399.12
6001,Málaga,La Malagueta,Alquiler,Piso,250167.0,74.8,2.0,1.0,Buen estado,1970-01-01,5,False,False,False,True,True,4.17,2024-12-23,40-80,3344.48
6002,Málaga,Málaga-Centro,Venta,Piso,249492.0,74.2,2.0,1.0,Buen estado,1969-01-01,1,True,True,False,False,False,5.37,2025-04-07,40-80,3362.43
6003,Málaga,Málaga-Centro,Venta,Piso,131465.0,63.8,2.0,1.0,Buen estado,1972-01-01,1,False,True,False,True,True,7.64,2025-03-30,40-80,2060.58
6004,Málaga,La Malagueta,Alquiler,Sin_clasificar,,,2.0,1.0,Buen estado,2003-01-01,6,True,False,False,True,False,3.57,2025-01-08,,
6005,Málaga,Málaga-Centro,Alquiler,Piso,204691.0,76.2,2.0,1.0,Buen estado,2016-01-01,1,True,False,True,False,True,3.28,2025-02-11,40-80,2686.23
6006,Málaga,La Malagueta,Venta,Piso,312751.0,116.0,3.0,2.0,Buen estado,1969-01-01,3,False,True,False,True,False,3.81,2024-12-14,80-120,2696.13
6007,Málaga,La Malagueta,Venta,Estudio,94478.0,33.1,0.0,1.0,Obra nueva,2021-01-01,Bajo,True,True,False,True,True,5.5,2024-11-28,0-40,2854.32
6008,Málaga,La Malagueta,Venta,Piso,355177.0,95.2,3.0,2.0,Buen estado,1998-01-01,8,True,True,True,True,True,4.38,2024-10-29,80-120,3730.85
6009,Málaga,El Palo,Venta,Piso,281571.0,76.5,2.0,1.0,Buen estado,1988-01-01,9,False,True,True,False,True,4.95,2025-03-25,40-80,3680.67
6010,Málaga,La Malagueta,Venta,Ático,,58.7,2.0,1.0,Buen estado,2004-01-01,Ático,True,False,False,False,False,3.46,2024-12-29,40-80,
6011,Málaga,La Malagueta,Alquiler,Piso,340062.0,81.6,3.0,2.0,Reformado,1973-01-01,7,True,False,False,False,False,4.46,2024-12-29,80-120,4167.43
6012,Málaga,El Palo,Venta,Piso,209366.0,49.6,2.0,1.0,Reformado,1972-01-01,3,True,True,True,True,True,6.38,2024-10-27,40-80,4221.09
6013,Málaga,Málaga-Centro,Venta,Piso,332338.0,101.1,3.0,2.0,Buen estado,1994-01-01,1,False,True,False,False,True,,2024-10-13,80-120,3287.22
6014,Málaga,El Palo,Venta,Piso,312363.0,78.5,2.0,1.0,Obra nueva,2023-01-01,5,True,False,False,True,False,3.81,2025-03-06,40-80,3979.15
6015,Málaga,Pedregalejo,Venta,Piso,,40.2,2.0,1.0,Buen estado,1972-01-01,8,True,True,False,False,False,,2024-11-02,40-80,
6016,Málaga,Málaga-Centro,Venta,Piso,261641.0,80.8,3.0,2.0,Buen estado,1980-01-01,5,False,False,False,False,True,5.86,2024-11-01,80-120,3238.13
6017,Málaga,Málaga-Centro,Alquiler,Piso,284829.0,105.4,3.0,2.0,Buen estado,1965-01-01,4,False,False,False,False,True,5.05,2024-10-28,80-120,2702.36
6018,Málaga,Pedregalejo,Venta,Piso,385983.0,89.4,3.0,2.0,Buen estado,1961-01-01,8,True,True,False,True,False,,2024-12-15,80-120,4317.48
6019,Málaga,El Palo,Venta,Piso,199167.0,63.7,2.0,1.0,Buen estado,1974-01-01,7,True,False,False,True,False,5.23,2025-03-22,40-80,3126.64
6020,Málaga,La Malagueta,Venta,Piso,323244.0,88.0,3.0,2.0,Buen estado,1965-01-01,9,True,True,True,False,True,4.21,2025-02-08,80-120,3673.23
6021,Málaga,Málaga-Centro,Venta,Piso,310171.0,79.2,2.0,1.0,Buen estado,1989-01-01,3,False,True,False,False,False,6.99,2025-03-22,40-80,3916.3
6022,Málaga,Pedregalejo,Venta,Piso,210120.0,59.1,2.0,1.0,Obra nueva,2020-01-01,4,True,True,False,False,True,4.83,2024-11-11,40-80,3555.33
6023,Málaga,Málaga-Centro,Venta,Piso,414319.0,108.9,3.0,2.0,Reformado,1996-01-01,Bajo,True,True,False,False,True,4.82,2024-12-23,80-120,3804.58
6024,Málaga,El Palo,Venta,Piso,230221.0,65.7,2.0,1.0,Buen estado,2005-01-01,3,True,True,False,True,False,5.98,2024-11-09,40-80,3504.12
6025,Málaga,La Malagueta,Venta,Piso,287225.0,106.2,3.0,2.0,Obra nueva,2022-01-01,4,True,True,False,True,False,5.37,2024-11-12,80-120,2704.57
6026,Málaga,Málaga-Centro,Alquiler,Ático,225093.0,69.3,2.0,1.0,A reformar,1986-01-01,Ático,True,True,False,True,False,3.78,2025-04-01,40-80,3248.1
6027,Málaga,La Malagueta,Venta,Piso,350394.0,100.6,3.0,2.0,Buen estado,1971-01-01,7,True,False,True,False,True,,2024-11-11,80-120,3483.04
6028,Málaga,Málaga-Centro,Venta,Piso,316604.0,89.1,3.0,2.0,Buen estado,1966-01-01,8,True,False,False,False,False,3.0,2025-03-11,80-120,3553.36
6029,Málaga,El Palo,Alquiler,Piso,392782.0,111.7,3.0,2.0,Obra nueva,2021-01-01,6,False,False,False,False,False,3.68,2025-02-07,80-120,3516.4
6030,Málaga,El Palo,Alquiler,Piso,306867.0,77.6,2.0,1.0,Buen estado,1951-01-01,7,False,True,False,False,False,5.78,2025-02-04,40-80,3954.47
6031,Málaga,Málaga-Centro,Venta,Piso,381274.0,96.7,3.0,2.0,Buen estado,2009-01-01,8,True,False,False,False,False,5.1,2025-03-04,80-120,3942.85
6032,Málaga,La Malagueta,Venta,Piso,253677.0,81.6,3.0,2.0,Obra nueva,2018-01-01,4,True,True,False,True,False,,2025-02-15,80-120,3108.79
6033,Málaga,El Palo,Venta,Piso,245492.0,74.5,2.0,1.0,Buen estado,1995-01-01,4,False,True,True,False,False,3.37,2024-12-29,40-80,3295.19
6034,Málaga,Pedregalejo,Alquiler,Piso,305863.0,107.8,3.0,2.0,Buen estado,1977-01-01,1,True,False,False,True,True,6.2,2025-03-23,80-120,2837.32
6035,Málaga,El Palo,Alquiler,Piso,247018.0,78.3,2.0,1.0,Buen estado,1980-01-01,8,False,True,False,False,False,5.04,2025-04-02,40-80,3154.76
6036,Málaga,Málaga-Centro,Venta,Piso,414000.0,102.4,3.0,2.0,Buen estado,1979-01-01,4,True,False,False,False,False,5.75,2025-03-31,80-120,4042.97
6037,Málaga,Málaga-Centro,Venta,Piso,245475.0,70.9,2.0,1.0,Buen estado,1981-01-01,7,False,True,False,False,False,8.85,2024-12-29,40-80,3462.27
6038,Málaga,Pedregalejo,Venta,Piso,227052.0,66.0,2.0,1.0,Buen estado,1970-01-01,8,True,False,False,False,False,3.55,2025-03-21,40-80,3440.18
6039,Málaga,Pedregalejo,Venta,Piso,,68.5,2.0,1.0,Buen estado,1999-01-01,5,True,False,True,True,False,6.53,2024-12-19,40-80,
6040,Málaga,Pedregalejo,Venta,Piso,197571.0,47.9,2.0,1.0,Buen estado,1993-01-01,7,False,False,False,True,False,,2024-10-29,40-80,4124.66
6041,Málaga,Pedregalejo,Venta,Piso,,94.6,3.0,2.0,Buen estado,1983-01-01,5,True,False,False,True,False,6.86,2025-01-24,80-120,
6042,Málaga,El Palo,Venta,Piso,274924.0,81.5,3.0,2.0,Obra nueva,2023-01-01,1,True,True,True,False,True,2.83,2025-01-07,80-120,3373.3
6043,Málaga,La Malagueta,Venta,Ático,307556.0,84.9,3.0,2.0,Buen estado,1999-01-01,Ático,True,False,True,True,False,,2025-01-05,80-120,3622.57
6044,Málaga,Pedregalejo,Venta,Piso,243842.0,75.1,2.0,1.0,Buen estado,1981-01-01,3,True,False,False,False,True,3.3,2025-03-30,40-80,3246.9
6045,Málaga,Pedregalejo,Venta,Piso,161796.0,50.0,2.0,1.0,Obra nueva,2021-01-01,8,True,True,False,False,False,6.96,2025-03-09,40-80,3235.92
6046,Málaga,El Palo,Venta,Piso,206133.0,70.8,2.0,1.0,Buen estado,1992-01-01,8,True,False,False,False,False,,2025-02-23,40-80,2911.48
6047,Málaga,La Malagueta,Venta,Piso,199511.0,70.0,2.0,1.0,Buen estado,1994-01-01,1,True,True,False,False,False,,2024-10-17,40-80,2850.16
6048,Málaga,Málaga-Centro,Venta,Piso,400588.0,104.9,3.0,2.0,Buen estado,1962-01-01,4,True,True,False,False,False,6.83,2024-10-14,80-120,3818.76
6049,Málaga,Pedregalejo,Venta,Piso,498805.0,78.6,2.0,1.0,A reformar,2000-01-01,2,True,True,False,True,True,7.79,2024-12-23,40-80,6346.12
6050,Málaga,El Palo,Venta,Piso,271337.0,92.0,3.0,2.0,Buen estado,1971-01-01,8,False,False,False,True,False,7.27,2025-04-04,80-120,2949.32
6051,Málaga,Málaga-Centro,Alquiler,Piso,183949.0,68.7,2.0,1.0,Reformado,2000-01-01,Bajo,True,True,True,False,True,4.07,2025-04-04,40-80,2677.57
6052,Málaga,Pedregalejo,Venta,Piso,214774.0,51.5,2.0,1.0,Buen estado,1984-01-01,6,True,True,False,False,False,4.07,2024-12-13,40-80,4170.37
6053,Málaga,Pedregalejo,Venta,Piso,277216.0,86.5,3.0,2.0,Obra nueva,2020-01-01,7,True,False,False,True,False,4.42,2024-10-24,80-120,3204.81
6054,Málaga,Pedregalejo,Venta,Piso,305837.0,93.9,3.0,2.0,Buen estado,2003-01-01,Bajo,True,False,False,False,False,5.81,2024-11-08,80-120,3257.05
6055,Málaga,El Palo,Venta,Piso,251015.0,78.7,2.0,1.0,Buen estado,2005-01-01,5,True,False,False,True,False,,2025-02-04,40-80,3189.52
6056,Málaga,Málaga-Centro,Venta,Piso,,83.8,3.0,2.0,Buen estado,1990-01-01,Bajo,False,True,True,False,False,3.84,2025-02-04,80-120,
6057,Málaga,La Malagueta,Venta,Piso,319354.0,80.9,3.0,2.0,Buen estado,1992-01-01,8,False,False,False,True,False,5.87,2025-03-02,80-120,3947.52
6058,Málaga,El Palo,Venta,Piso,330484.0,83.0,3.0,2.0,Obra nueva,2023-01-01,Bajo,True,True,False,False,False,6.42,2024-12-02,80-120,3981.73
6059,Málaga,Málaga-Centro,Venta,Piso,371585.0,102.9,3.0,2.0,Buen estado,2004-01-01,1,True,False,False,True,False,7.23,2025-02-04,80-120,3611.13
6060,Málaga,El Palo,Venta,Piso,392075.0,95.7,3.0,2.0,Buen estado,1981-01-01,9,False,True,False,False,False,6.41,2025-03-04,80-120,4096.92
6061,Málaga,La Malagueta,Venta,Piso,171466.0,71.8,2.0,1.0,Buen estado,1962-01-01,7,True,False,True,True,True,7.13,2024-10-14,40-80,2388.11
6062,Málaga,Pedregalejo,Alquiler,Ático,202329.0,64.7,2.0,1.0,Reformado,1966-01-01,Ático,True,False,False,True,False,5.28,2024-11-27,40-80,3127.19
6063,Málaga,Málaga-Centro,Venta,Piso,362515.0,94.8,3.0,2.0,A reformar,1960-01-01,3,True,False,False,False,False,4.54,2024-11-12,80-120,3824.0
6064,Málaga,La Malagueta,Venta,Piso,,98.6,3.0,2.0,Buen estado,1977-01-01,6,False,False,True,True,True,5.91,2025-01-12,80-120,
6065,Málaga,Málaga-Centro,Venta,Piso,279115.0,77.7,2.0,1.0,Buen estado,1970-01-01,9,True,True,False,False,False,6.6,2024-10-29,40-80,3592.21
6066,Málaga,El Palo,Venta,Piso,292786.0,64.3,2.0,1.0,Buen estado,1981-01-01,7,True,False,False,False,False,1.56,2024-12-17,40-80,4553.44
6067,Málaga,La Malagueta,Alquiler,Ático,211989.0,81.5,3.0,2.0,Reformado,1983-01-01,Ático,True,True,False,True,False,5.06,2025-02-06,80-120,2601.09
6068,Málaga,Pedregalejo,Venta,Piso,301784.0,76.4,2.0,1.0,A reformar,2001-01-01,5,True,True,False,True,False,,2024-12-01,40-80,3950.05
6069,Málaga,El Palo,Venta,Piso,232425.0,84.2,3.0,2.0,Buen estado,1999-01-01,2,True,False,True,False,False,4.0,2024-11-30,80-120,2760.39
6070,Málaga,Málaga-Centro,Venta,Piso,218552.0,66.4,2.0,1.0,Buen estado,1980-01-01,1,False,True,False,False,False,2.72,2024-11-07,40-80,3291.45
6071,Málaga,Málaga-Centro,Venta,Piso,346790.0,87.4,3.0,2.0,Buen estado,1991-01-01,1,False,True,False,False,False,2.55,2024-12-11,80-120,3967.85
6072,Málaga,El Palo,Venta,Piso,272044.0,79.0,2.0,1.0,Obra nueva,2020-01-01,2,True,True,False,True,True,4.85,2024-11-23,40-80,3443.59
6073,Málaga,Málaga-Centro,Alquiler,Piso,423507.0,106.7,3.0,2.0,Buen estado,1965-01-01,6,True,True,False,True,False,6.91,2025-01-29,80-120,3969.14
6074,Málaga,La Malagueta,Alquiler,Piso,295626.0,92.4,3.0,2.0,Buen estado,1984-01-01,4,True,True,False,True,False,5.59,2025-03-29,80-120,3199.42
6075,Málaga,La Malagueta,Venta,Piso,403126.0,105.2,3.0,2.0,Buen estado,1984-01-01,6,False,False,False,True,False,6.18,2024-11-05,80-120,3832.0
6076,Málaga,Pedregalejo,Venta,Piso,272452.0,89.9,3.0,2.0,Obra nueva,2020-01-01,4,True,True,True,True,False,3.91,2024-11-14,80-120,3030.61
6077,Málaga,El Palo,Alquiler,Piso,290765.0,85.6,3.0,2.0,Buen estado,1986-01-01,5,True,True,True,False,False,3.38,2024-12-28,80-120,3396.79
6078,Málaga,La Malagueta,Venta,Piso,,74.4,2.0,1.0,Reformado,1997-01-01,8,True,False,False,True,True,7.29,2024-11-17,40-80,
6079,Málaga,El Palo,Venta,Sin_clasificar,,,1.0,1.0,Buen estado,1999-01-01,Bajo,False,False,False,False,True,3.78,2025-02-22,,
6080,Málaga,Málaga-Centro,Venta,Piso,570605.0,163.2,5.0,3.0,Obra nueva,2023-01-01,4,True,True,True,True,True,4.11,2024-10-17,160-200,3496.35
6081,Málaga,La Malagueta,Alquiler,Piso,358275.0,94.1,3.0,2.0,Buen estado,2020-01-01,5,True,True,False,True,False,3.52,2025-03-09,80-120,3807.39
6082,Málaga,La Malagueta,Alquiler,Ático,150309.0,44.1,2.0,1.0,Buen estado,1964-01-01,Ático,True,False,False,True,False,8.25,2025-03-18,40-80,3408.37
6083,Málaga,Pedregalejo,Alquiler,Piso,344325.0,90.9,3.0,2.0,Buen estado,1988-01-01,5,False,False,False,False,True,3.69,2024-10-16,80-120,3787.95
6084,Málaga,El Palo,Venta,Piso,347401.0,98.9,3.0,2.0,Obra nueva,2022-01-01,1,True,True,False,False,True,6.67,2025-03-07,80-120,3512.65
6085,Málaga,El Palo,Alquiler,Piso,280873.0,97.5,3.0,2.0,Obra nueva,2020-01-01,2,True,True,True,True,False,5.98,2025-01-08,80-120,2880.75
6086,Málaga,La Malagueta,Venta,Piso,324194.0,92.9,3.0,2.0,Buen estado,1959-01-01,7,True,False,False,False,True,6.9,2024-12-12,80-120,3489.71
6087,Málaga,Pedregalejo,Alquiler,Piso,273436.0,69.2,2.0,1.0,Buen estado,1986-01-01,9,False,False,False,True,False,7.67,,40-80,3951.39
6088,Málaga,Málaga-Centro,Venta,Piso,193587.0,62.3,2.0,1.0,Buen estado,1992-01-01,6,True,False,False,False,False,2.99,2024-10-11,40-80,3107.34
6089,Málaga,El Palo,Venta,Piso,219746.0,74.2,2.0,1.0,Reformado,1969-01-01,6,True,False,False,True,False,4.25,2024-12-24,40-80,2961.54
6090,Málaga,El Palo,Venta,Piso,225289.0,59.9,2.0,1.0,Buen estado,2002-01-01,5,True,False,False,True,False,7.11,2024-12-01,40-80,3761.09
6091,Málaga,El Palo,Venta,Piso,403300.0,133.31,4.0,2.0,Reformado,1978-01-01,8,False,False,True,False,False,,2025-01-07,120-160,3025.28
6092,Málaga,Pedregalejo,Venta,Piso,244145.0,69.6,2.0,1.0,Buen estado,2014-01-01,2,False,False,True,True,False,3.62,2024-11-09,40-80,3507.83
6093,Málaga,Málaga-Centro,Alquiler,Piso,263626.0,97.2,3.0,2.0,Buen estado,1996-01-01,5,True,True,False,False,True,4.51,2024-12-12,80-120,2712.2
6094,Málaga,Pedregalejo,Alquiler,Piso,264300.0,65.9,2.0,1.0,Buen estado,1971-01-01,6,True,True,False,True,False,7.11,2024-10-24,40-80,4010.62
6095,Málaga,La Malagueta,Venta,Piso,451313.0,103.5,3.0,2.0,Buen estado,1973-01-01,Bajo,False,False,False,True,False,3.92,2025-01-29,80-120,4360.51
6096,Málaga,La Malagueta,Venta,Piso,,49.9,2.0,1.0,Buen estado,1976-01-01,1,True,True,False,False,False,5.7,2025-04-07,40-80,
6097,Málaga,El Palo,Venta,Piso,,79.6,2.0,1.0,Buen estado,1975-01-01,Bajo,False,True,True,False,False,5.8,2024-12-03,40-80,
6098,Málaga,La Malagueta,Venta,Ático,,131.5,4.0,2.0,Buen estado,1996-01-01,Ático,False,False,True,False,False,6.62,2025-04-04,120-160,
6099,Málaga,Pedregalejo,Venta,Estudio,114158.0,30.0,0.0,1.0,Buen estado,1983-01-01,8,True,False,False,False,False,4.65,2024-12-14,0-40,3805.27
6100,Málaga,Pedregalejo,Alquiler,Piso,,90.8,3.0,2.0,Buen estado,1995-01-01,2,True,False,True,False,False,5.79,2025-04-02,80-120,
6101,Málaga,La Malagueta,Venta,Piso,173933.0,51.8,2.0,1.0,Buen estado,2007-01-01,4,False,False,False,True,False,4.97,2025-03-03,40-80,3357.78
6102,Málaga,El Palo,Alquiler,Piso,,111.4,3.0,2.0,Obra nueva,2022-01-01,5,False,False,True,False,False,5.13,2025-03-17,80-120,
6103,Málaga,Pedregalejo,Alquiler,Piso,237975.0,67.5,2.0,1.0,Reformado,1990-01-01,2,True,False,False,False,False,6.2,2025-01-31,40-80,3525.56
6104,Málaga,La Malagueta,Alquiler,Ático,108004.0,37.3,0.0,1.0,Reformado,2003-01-01,Ático,False,True,False,True,False,2.74,,0-40,2895.55
6105,Málaga,La Malagueta,Venta,Piso,438771.0,119.0,3.0,2.0,Buen estado,1983-01-01,2,True,True,True,True,False,7.09,2025-04-01,80-120,3687.15
6106,Málaga,Pedregalejo,Alquiler,Piso,166052.0,62.5,2.0,1.0,Buen estado,1994-01-01,3,True,False,True,True,True,2.86,2025-01-17,40-80,2656.83
6107,Málaga,La Malagueta,Venta,Piso,214957.0,60.3,2.0,1.0,Buen estado,1995-01-01,4,True,False,True,False,False,5.54,2024-10-16,40-80,3564.79
6108,Málaga,Pedregalejo,Alquiler,Piso,351414.0,84.1,3.0,2.0,Reformado,1994-01-01,5,False,False,False,False,False,3.08,2025-03-27,80-120,4178.53
6109,Málaga,Pedregalejo,Venta,Piso,185161.0,57.2,2.0,1.0,Buen estado,2001-01-01,8,True,False,False,True,False,5.42,2024-10-29,40-80,3237.08
6110,Málaga,Málaga-Centro,Alquiler,Piso,321862.0,84.7,3.0,2.0,Reformado,1971-01-01,2,True,False,False,False,True,4.99,2025-02-22,80-120,3800.02
6111,Málaga,La Malagueta,Venta,Ático,374344.0,106.2,3.0,2.0,Buen estado,1976-01-01,Ático,True,False,False,True,False,4.68,2025-01-03,80-120,3524.9
6112,Málaga,Pedregalejo,Venta,Piso,342586.0,92.4,3.0,2.0,Buen estado,1999-01-01,2,False,False,False,False,False,5.18,2025-01-30,80-120,3707.64
6113,Málaga,El Palo,Venta,Piso,,68.7,2.0,1.0,Buen estado,1959-01-01,9,False,True,False,False,False,5.29,2024-12-01,40-80,
6114,Málaga,Pedregalejo,Venta,Piso,260068.0,67.8,2.0,1.0,Obra nueva,2023-01-01,7,True,True,True,True,False,2.6,2024-11-27,40-80,3835.81
6115,Málaga,La Malagueta,Alquiler,Piso,293515.0,75.8,2.0,1.0,Buen estado,1951-01-01,6,False,False,False,True,False,5.48,2025-03-06,40-80,3872.23
6116,Málaga,La Malagueta,Venta,Estudio,120600.0,32.5,0.0,1.0,Buen estado,1981-01-01,Bajo,False,True,True,False,True,5.17,2024-11-13,0-40,3710.77
6117,Málaga,El Palo,Venta,Piso,377722.0,105.0,3.0,2.0,Buen estado,1977-01-01,4,False,True,True,True,True,3.52,2024-11-27,80-120,3597.35
6118,Málaga,Pedregalejo,Alquiler,Piso,353359.0,98.3,3.0,2.0,Buen estado,1987-01-01,9,True,True,False,False,False,,2025-03-28,80-120,3594.7
6119,Málaga,El Palo,Alquiler,Piso,218370.0,66.7,2.0,1.0,Buen estado,1994-01-01,7,True,True,False,False,True,4.17,2024-10-26,40-80,3273.91
6120,Málaga,Pedregalejo,Alquiler,Piso,142045.0,47.8,2.0,1.0,Buen estado,1996-01-01,Bajo,True,False,True,False,False,7.01,2025-01-08,40-80,2971.65
6121,Málaga,La Malagueta,Venta,Piso,261949.0,82.4,3.0,2.0,Buen estado,2000-01-01,8,True,True,False,False,False,5.37,2025-02-02,80-120,3178.99
6122,Málaga,La Malagueta,Venta,Piso,156287.0,48.4,2.0,1.0,A reformar,1999-01-01,Bajo,False,True,False,False,False,7.22,2025-02-07,40-80,3229.07
6123,Málaga,La Malagueta,Alquiler,Piso,226968.0,92.7,3.0,2.0,Obra nueva,2019-01-01,1,True,True,False,False,False,6.74,2024-11-11,80-120,2448.41
6124,Málaga,El Palo,Alquiler,Piso,192076.0,54.1,2.0,1.0,Buen estado,1992-01-01,1,False,False,False,False,False,5.6,2024-12-27,40-80,3550.39
6125,Málaga,Pedregalejo,Venta,Sin_clasificar,,,1.0,1.0,Buen estado,1980-01-01,7,True,False,False,False,True,3.74,2025-03-29,,
6126,Málaga,Pedregalejo,Venta,Piso,281138.0,82.4,3.0,2.0,Buen estado,1968-01-01,8,True,True,False,False,False,4.11,2024-11-16,80-120,3411.87
6127,Málaga,El Palo,Venta,Piso,389439.0,117.4,3.0,2.0,Buen estado,2002-01-01,7,False,True,False,False,False,5.98,2024-11-16,80-120,3317.2
6128,Málaga,La Malagueta,Venta,Sin_clasificar,,,,1.0,Buen estado,1982-01-01,2,True,False,False,True,False,4.34,2024-11-09,,
6129,Málaga,Pedregalejo,Venta,Piso,200593.0,62.6,2.0,1.0,A reformar,1985-01-01,5,True,False,True,False,False,4.87,2025-03-03,40-80,3204.36
6130,Málaga,El Palo,Alquiler,Piso,192224.0,61.9,2.0,1.0,Buen estado,1988-01-01,5,True,False,False,False,True,6.18,2025-03-16,40-80,3105.4
6131,Málaga,El Palo,Alquiler,Piso,250430.0,68.0,2.0,1.0,Buen estado,1985-01-01,9,True,False,False,False,True,3.45,2024-10-16,40-80,3682.79
6132,Málaga,La Malagueta,Venta,Sin_clasificar,,,5.0,1.0,Reformado,1966-01-01,8,True,False,False,True,False,5.08,2025-02-23,,
6133,Málaga,Málaga-Centro,Alquiler,Piso,274757.0,80.4,3.0,2.0,Reformado,1999-01-01,4,True,False,False,False,False,4.2,2024-10-26,80-120,3417.38
6134,Málaga,El Palo,Venta,Piso,204585.0,47.7,2.0,1.0,Obra nueva,2020-01-01,1,True,False,True,True,False,3.47,2024-12-04,40-80,4288.99
6135,Málaga,Málaga-Centro,Venta,Piso,271604.0,71.4,2.0,1.0,Buen estado,2007-01-01,7,False,True,True,False,False,3.04,2025-03-24,40-80,3803.98
6136,Málaga,Pedregalejo,Venta,Ático,297330.0,81.3,3.0,2.0,Buen estado,1967-01-01,Ático,True,False,True,False,False,5.34,2025-02-24,80-120,3657.2
6137,Málaga,Pedregalejo,Alquiler,Piso,296593.0,81.9,3.0,2.0,Buen estado,1986-01-01,1,True,True,False,False,True,3.38,2024-12-25,80-120,3621.4
6138,Málaga,Pedregalejo,Venta,Piso,298613.0,81.1,3.0,2.0,Reformado,1967-01-01,2,True,True,True,True,True,4.55,2024-12-11,80-120,3682.03
6139,Málaga,El Palo,Venta,Piso,204788.0,66.2,2.0,1.0,Buen estado,1992-01-01,7,True,False,False,False,True,5.14,2024-11-23,40-80,3093.47
6140,Málaga,El Palo,Alquiler,Piso,441260.0,112.1,3.0,2.0,Reformado,1963-01-01,4,True,False,False,True,False,7.01,2025-04-03,80-120,3936.31
6141,Málaga,La Malagueta,Venta,Ático,238902.0,54.7,2.0,1.0,Reformado,2005-01-01,Ático,True,False,True,True,True,2.91,2025-02-27,40-80,4367.5
6142,Málaga,Pedregalejo,Alquiler,Estudio,156573.0,36.1,0.0,1.0,Buen estado,1995-01-01,4,True,True,True,False,False,7.89,2025-01-19,0-40,4337.2
6143,Málaga,La Malagueta,Venta,Piso,290798.0,91.4,3.0,2.0,Buen estado,2009-01-01,3,False,False,False,False,True,2.58,2024-12-23,80-120,3181.6
6144,Málaga,La Malagueta,Alquiler,Piso,277676.0,74.8,2.0,1.0,Buen estado,1997-01-01,6,False,False,False,False,True,4.89,2025-01-31,40-80,3712.25
6145,Málaga,Pedregalejo,Alquiler,Piso,,69.9,2.0,1.0,Reformado,1979-01-01,8,True,True,False,False,False,6.01,2025-03-30,40-80,
6146,Málaga,El Palo,Venta,Piso,196908.0,47.8,2.0,1.0,Reformado,1983-01-01,5,True,False,True,True,True,5.34,2025-02-22,40-80,4119.41
6147,Málaga,Pedregalejo,Venta,Piso,203175.0,58.7,2.0,1.0,A reformar,1992-01-01,1,True,True,False,True,False,2.53,2024-10-22,40-80,3461.24
6148,Málaga,El Palo,Venta,Piso,266685.0,77.3,2.0,1.0,Buen estado,1979-01-01,2,True,True,False,False,True,3.41,2025-01-26,40-80,3450.0
6149,Málaga,Pedregalejo,Alquiler,Ático,101302.0,36.6,0.0,1.0,Buen estado,1984-01-01,Ático,False,True,False,False,True,4.51,2025-03-06,0-40,2767.81
6150,Málaga,El Palo,Venta,Piso,201266.0,62.0,2.0,1.0,Buen estado,1990-01-01,7,True,False,True,False,True,,2024-10-22,40-80,3246.23
6151,Málaga,Málaga-Centro,Alquiler,Piso,532949.0,135.4,4.0,2.0,Buen estado,2020-01-01,1,True,True,True,True,False,2.46,2025-01-27,120-160,3936.11
6152,Málaga,Pedregalejo,Venta,Piso,272627.0,71.0,2.0,1.0,Buen estado,1995-01-01,2,True,True,True,False,False,3.83,2024-12-14,40-80,3839.82
6153,Málaga,La Malagueta,Alquiler,Piso,559348.0,139.0,4.0,2.0,Buen estado,2015-01-01,7,True,False,False,True,True,6.57,2024-10-09,120-160,4024.09
6154,Málaga,Pedregalejo,Venta,Piso,,73.0,2.0,1.0,Buen estado,2009-01-01,5,True,False,False,True,False,4.61,,40-80,
6155,Málaga,El Palo,Venta,Piso,148237.0,45.5,2.0,1.0,Buen estado,2004-01-01,6,True,False,False,False,True,6.53,2025-04-05,40-80,3257.96
6156,Málaga,La Malagueta,Alquiler,Ático,373593.0,94.3,3.0,2.0,Obra nueva,2019-01-01,Ático,False,True,False,True,False,6.22,2024-11-18,80-120,3961.75
6157,Málaga,El Palo,Alquiler,Piso,241157.0,63.2,2.0,1.0,Obra nueva,2018-01-01,2,True,False,False,True,False,1.9,2025-01-10,40-80,3815.78
6158,Málaga,El Palo,Alquiler,Piso,150381.0,55.7,2.0,1.0,A reformar,2004-01-01,2,True,True,False,False,False,2.47,2024-12-11,40-80,2699.84
6159,Málaga,Málaga-Centro,Venta,Piso,380635.0,103.2,3.0,2.0,Buen estado,1980-01-01,8,True,False,False,False,False,6.09,2025-03-05,80-120,3688.32
6160,Málaga,Pedregalejo,Alquiler,Piso,343375.0,85.3,3.0,2.0,Buen estado,1978-01-01,4,False,False,False,True,False,4.08,2024-11-24,80-120,4025.5
6161,Málaga,Pedregalejo,Alquiler,Piso,371653.0,98.3,3.0,2.0,Buen estado,1983-01-01,8,True,False,True,True,False,6.54,2024-10-09,80-120,3780.8
6162,Málaga,Pedregalejo,Alquiler,Ático,322986.0,104.2,3.0,2.0,Buen estado,1958-01-01,Ático,False,True,True,False,True,6.34,2025-03-13,80-120,3099.67
6163,Málaga,Málaga-Centro,Venta,Piso,231137.0,69.4,2.0,1.0,Buen estado,1971-01-01,4,True,True,True,True,False,3.43,2024-10-27,40-80,3330.5
6164,Málaga,La Malagueta,Alquiler,Piso,399011.0,106.8,3.0,2.0,Buen estado,1960-01-01,2,True,True,False,False,False,7.01,2025-03-08,80-120,3736.06
6165,Málaga,Pedregalejo,Venta,Ático,303090.0,70.1,2.0,1.0,Buen estado,1991-01-01,Ático,True,False,False,False,False,3.28,2025-03-12,40-80,4323.68
6166,Málaga,El Palo,Alquiler,Piso,250716.0,62.5,2.0,1.0,Obra nueva,2018-01-01,7,True,True,True,False,True,3.49,,40-80,4011.46
6167,Málaga,El Palo,Venta,Piso,246250.0,68.7,2.0,1.0,Reformado,1982-01-01,1,True,False,False,False,False,4.74,2024-12-19,40-80,3584.43
6168,Málaga,La Malagueta,Venta,Piso,,79.9,2.0,1.0,A reformar,1987-01-01,4,False,False,False,True,False,5.04,2025-03-09,40-80,
6169,Málaga,Málaga-Centro,Alquiler,Piso,303615.0,73.4,2.0,1.0,A reformar,1988-01-01,4,True,True,False,False,False,4.49,2024-11-28,40-80,4136.44
6170,Málaga,El Palo,Venta,Piso,270805.0,94.0,3.0,2.0,Obra nueva,2021-01-01,3,True,True,False,True,True,4.13,2025-02-14,80-120,2880.9
6171,Málaga,El Palo,Venta,Piso,117698.0,52.6,2.0,1.0,Reformado,1970-01-01,7,True,False,False,True,True,4.81,2025-02-11,40-80,2237.6
6172,Málaga,Pedregalejo,Alquiler,Piso,249029.0,75.1,2.0,1.0,Buen estado,1971-01-01,5,False,False,False,False,False,4.84,2025-02-14,40-80,3315.97
6173,Málaga,El Palo,Venta,Piso,273217.0,98.0,3.0,2.0,Buen estado,1965-01-01,8,True,True,False,True,False,5.66,2025-02-13,80-120,2787.93
6174,Málaga,Pedregalejo,Venta,Piso,295077.0,70.8,2.0,1.0,Buen estado,1954-01-01,3,False,False,True,True,False,5.35,2025-03-18,40-80,4167.75
6175,Málaga,Málaga-Centro,Venta,Piso,304698.0,92.3,3.0,2.0,Buen estado,1985-01-01,8,True,True,False,False,False,5.05,2025-02-06,80-120,3301.17
6176,Málaga,La Malagueta,Venta,Piso,328500.0,86.8,3.0,2.0,Buen estado,1982-01-01,2,True,False,False,True,False,5.31,2024-10-30,80-120,3784.56
6177,Málaga,La Malagueta,Venta,Piso,318212.0,82.4,3.0,2.0,Buen estado,1976-01-01,9,True,False,False,False,False,4.24,2025-02-20,80-120,3861.8
6178,Málaga,La Malagueta,Venta,Piso,458974.0,126.9,4.0,2.0,Buen estado,1971-01-01,7,False,False,False,True,False,3.36,2025-04-05,120-160,3616.82
6179,Málaga,Málaga-Centro,Venta,Piso,327008.0,75.6,2.0,1.0,Buen estado,1961-01-01,Bajo,False,False,True,False,False,4.05,2024-12-22,40-80,4325.5
6180,Málaga,Pedregalejo,Alquiler,Piso,244970.0,84.7,3.0,2.0,Obra nueva,2021-01-01,7,True,False,False,False,True,0.84,2025-02-09,80-120,2892.21
6181,Málaga,Málaga-Centro,Venta,Piso,173044.0,46.0,2.0,1.0,Buen estado,1993-01-01,7,True,True,True,True,False,2.93,2025-03-24,40-80,3761.83
6182,Málaga,El Palo,Venta,Piso,424651.0,107.3,3.0,2.0,Buen estado,1992-01-01,9,True,False,False,True,False,7.1,2024-12-07,80-120,3957.6
6183,Málaga,Málaga-Centro,Alquiler,Piso,154644.0,43.8,2.0,1.0,Obra nueva,2020-01-01,5,True,False,True,True,True,,2025-01-29,40-80,3530.68
6184,Málaga,El Palo,Venta,Piso,296119.0,72.8,2.0,1.0,Buen estado,1969-01-01,7,False,True,True,True,True,5.78,2025-01-19,40-80,4067.57
6185,Málaga,Pedregalejo,Alquiler,Piso,203989.0,49.9,2.0,1.0,Buen estado,1998-01-01,4,True,False,True,True,False,6.54,2025-02-09,40-80,4087.96
6186,Málaga,El Palo,Venta,Ático,281681.0,75.1,2.0,1.0,Buen estado,1971-01-01,Ático,True,False,False,True,False,5.65,2025-01-04,40-80,3750.75
6187,Málaga,La Malagueta,Venta,Piso,286770.0,80.6,3.0,2.0,Reformado,1968-01-01,2,True,False,True,False,False,4.3,2024-10-27,80-120,3557.94
6188,Málaga,El Palo,Venta,Piso,311892.0,80.1,3.0,2.0,Buen estado,1993-01-01,8,True,False,False,True,False,4.83,2025-02-12,80-120,3893.78
6189,Málaga,La Malagueta,Venta,Piso,325427.0,104.7,3.0,2.0,A reformar,1996-01-01,7,False,True,True,True,False,1.63,2025-01-09,80-120,3108.19
6190,Málaga,Pedregalejo,Alquiler,Piso,184613.0,70.3,2.0,1.0,Buen estado,1970-01-01,1,True,False,False,False,True,5.29,2025-04-02,40-80,2626.07
6191,Málaga,Pedregalejo,Venta,Piso,256949.0,74.6,2.0,1.0,Buen estado,1966-01-01,9,False,False,False,False,False,6.77,2025-02-23,40-80,3444.36
6192,Málaga,El Palo,Alquiler,Ático,272400.0,91.4,3.0,2.0,Buen estado,1995-01-01,Ático,True,True,False,False,True,8.13,2024-12-18,80-120,2980.31
6193,Málaga,Málaga-Centro,Venta,Piso,369864.0,90.8,3.0,2.0,Buen estado,2009-01-01,6,True,True,False,False,False,2.7,2025-01-27,80-120,4073.39
6194,Málaga,La Malagueta,Venta,Piso,338109.0,88.1,3.0,2.0,Obra nueva,2018-01-01,4,True,True,True,True,True,4.87,2024-12-11,80-120,3837.79
6195,Málaga,Málaga-Centro,Venta,Piso,255633.0,71.6,2.0,1.0,Buen estado,2004-01-01,9,False,True,True,True,False,3.38,2024-12-09,40-80,3570.29
6196,Málaga,La Malagueta,Alquiler,Piso,343157.0,87.8,3.0,2.0,Buen estado,1983-01-01,1,False,False,False,False,False,4.57,2025-02-16,80-120,3908.39
6197,Málaga,Pedregalejo,Venta,Sin_clasificar,,,1.0,1.0,Buen estado,2016-01-01,8,False,False,False,False,False,3.76,2024-12-30,,
6198,Málaga,Pedregalejo,Venta,Piso,378649.0,92.5,3.0,2.0,Buen estado,2001-01-01,4,False,False,False,True,False,8.5,2025-01-08,80-120,4093.5
6199,Málaga,La Malagueta,Venta,Piso,276729.0,89.7,3.0,2.0,Buen estado,1977-01-01,3,False,False,False,False,False,6.81,2025-01-22,80-120,3085.05
6200,Málaga,El Palo,Alquiler,Piso,295188.0,86.8,3.0,2.0,Obra nueva,2022-01-01,3,True,True,False,True,False,7.55,2024-12-29,80-120,3400.78
6201,Zaragoza,Zaragoza_Centro,Alquiler,Piso,313591.0,102.1,3.0,2.0,Reformado,1993-01-01,3,False,False,False,True,False,3.98,2025-03-24,80-120,3071.41
6202,Zaragoza,San José,Alquiler,Sin_clasificar,,,3.0,2.0,Buen estado,1971-01-01,5,False,True,False,False,False,5.19,2025-01-18,,
6203,Zaragoza,San José,Alquiler,Ático,148874.0,57.3,2.0,1.0,Reformado,1970-01-01,Ático,True,False,False,False,False,2.55,2024-11-30,40-80,2598.15
6204,Zaragoza,Delicias,Alquiler,Sin_clasificar,,,1.0,2.0,Buen estado,1993-01-01,4,True,True,False,False,False,4.93,2024-10-26,,
6205,Zaragoza,San José,Venta,Ático,118830.0,49.1,2.0,1.0,Buen estado,1977-01-01,Ático,True,True,True,False,False,2.74,2025-01-16,40-80,2420.16
6206,Zaragoza,Zaragoza_Centro,Venta,Piso,245731.0,107.2,3.0,2.0,Obra nueva,2018-01-01,6,True,True,False,True,True,3.66,2024-11-11,80-120,2292.27
6207,Zaragoza,Delicias,Alquiler,Piso,248646.0,104.6,3.0,2.0,Buen estado,1981-01-01,7,False,False,False,True,True,5.23,2025-01-24,80-120,2377.11
6208,Zaragoza,La Romareda,Venta,Piso,262621.0,92.1,3.0,2.0,Reformado,1975-01-01,8,False,False,True,False,False,3.56,2024-12-20,80-120,2851.48
6209,Zaragoza,La Romareda,Venta,Piso,113643.0,44.9,2.0,1.0,Obra nueva,2021-01-01,9,True,True,False,True,True,4.65,2025-02-03,40-80,2531.02
6210,Zaragoza,La Romareda,Venta,Piso,151033.0,66.2,2.0,1.0,Obra nueva,2018-01-01,1,False,False,False,True,False,3.9,2024-10-10,40-80,2281.47
6211,Zaragoza,La Romareda,Venta,Piso,227380.0,76.6,2.0,1.0,Obra nueva,2018-01-01,9,True,False,True,False,True,4.35,2024-10-23,40-80,2968.41
6212,Zaragoza,Delicias,Alquiler,Piso,190952.0,71.4,2.0,1.0,Reformado,1968-01-01,Bajo,False,False,True,True,True,7.36,,40-80,2674.4
6213,Zaragoza,San José,Venta,Piso,198511.0,84.5,3.0,2.0,Buen estado,1967-01-01,5,True,True,False,False,True,5.12,2025-03-21,80-120,2349.24
6214,Zaragoza,Zaragoza_Centro,Venta,Piso,295011.0,89.6,3.0,2.0,Reformado,1986-01-01,6,False,False,False,False,False,4.26,2024-11-21,80-120,3292.53
6215,Zaragoza,Delicias,Alquiler,Piso,169564.0,59.1,2.0,1.0,Buen estado,1996-01-01,2,True,False,False,True,False,5.11,2024-11-16,40-80,2869.1
6216,Zaragoza,Zaragoza_Centro,Venta,Ático,219169.0,78.6,2.0,1.0,Buen estado,2001-01-01,Ático,False,False,False,True,False,4.49,2024-12-08,40-80,2788.41
6217,Zaragoza,La Romareda,Alquiler,Piso,194330.0,87.9,3.0,2.0,Buen estado,1995-01-01,4,True,False,False,False,False,2.74,2024-11-26,80-120,2210.81
6218,Zaragoza,La Romareda,Venta,Piso,247598.0,84.2,3.0,2.0,Buen estado,1955-01-01,1,False,False,True,False,True,4.29,2024-12-18,80-120,2940.59
6219,Zaragoza,Zaragoza_Centro,Venta,Piso,184558.0,70.3,2.0,1.0,Buen estado,1991-01-01,9,False,False,False,False,False,7.24,2025-02-20,40-80,2625.29
6220,Zaragoza,Delicias,Venta,Piso,176267.0,74.4,2.0,1.0,Buen estado,1996-01-01,2,True,False,False,True,True,6.8,,40-80,2369.18
6221,Zaragoza,Delicias,Venta,Piso,179503.0,73.9,2.0,1.0,Buen estado,2017-01-01,4,True,False,False,False,True,4.86,2025-01-11,40-80,2429.0
6222,Zaragoza,Zaragoza_Centro,Alquiler,Piso,267952.0,94.1,3.0,2.0,Buen estado,1998-01-01,3,True,False,False,True,False,5.45,2024-11-25,80-120,2847.52
6223,Zaragoza,Zaragoza_Centro,Alquiler,Piso,180285.0,62.4,2.0,1.0,Reformado,1971-01-01,9,False,False,True,False,False,6.09,2025-02-05,40-80,2889.18
6224,Zaragoza,Zaragoza_Centro,Venta,Sin_clasificar,,,3.0,2.0,Buen estado,1991-01-01,3,False,True,True,False,False,3.55,2024-10-31,,
6225,Zaragoza,Zaragoza_Centro,Alquiler,Ático,179374.0,59.7,2.0,1.0,Buen estado,1967-01-01,Ático,True,False,False,False,False,2.45,,40-80,3004.59
6226,Zaragoza,La Romareda,Venta,Piso,213883.0,71.0,2.0,1.0,Buen estado,2017-01-01,2,True,False,False,False,True,7.0,,40-80,3012.44
6227,Zaragoza,San José,Venta,Piso,204271.0,78.9,2.0,1.0,Buen estado,1983-01-01,5,False,False,False,False,True,5.36,2024-12-13,40-80,2588.99
6228,Zaragoza,San José,Venta,Piso,255402.0,86.7,3.0,2.0,Buen estado,2013-01-01,7,False,False,True,True,False,4.87,2024-12-05,80-120,2945.81
6229,Zaragoza,Delicias,Venta,Piso,151641.0,60.8,2.0,1.0,Buen estado,1977-01-01,7,True,True,False,False,False,,2024-11-02,40-80,2494.1
6230,Zaragoza,La Romareda,Alquiler,Ático,369256.0,112.4,3.0,2.0,Buen estado,1968-01-01,Ático,True,True,True,False,False,8.61,2024-12-11,80-120,3285.2
6231,Zaragoza,La Romareda,Alquiler,Piso,284493.0,126.3,4.0,2.0,Reformado,1992-01-01,9,False,False,False,True,False,4.41,2024-12-16,120-160,2252.52
6232,Zaragoza,La Romareda,Venta,Piso,173015.0,78.1,2.0,1.0,Buen estado,1985-01-01,1,True,True,False,True,False,5.37,2025-01-05,40-80,2215.3
6233,Zaragoza,Zaragoza_Centro,Alquiler,Piso,227160.0,87.9,3.0,2.0,Reformado,1987-01-01,3,False,False,False,True,False,5.47,2025-03-20,80-120,2584.3
6234,Zaragoza,La Romareda,Venta,Piso,303941.0,115.0,3.0,2.0,Buen estado,2014-01-01,8,True,True,True,True,False,3.74,2025-03-14,80-120,2642.97
6235,Zaragoza,Delicias,Venta,Piso,273488.0,81.0,3.0,2.0,Obra nueva,2021-01-01,3,True,True,False,True,True,1.55,2024-12-03,80-120,3376.4
6236,Zaragoza,Zaragoza_Centro,Alquiler,Piso,150009.0,56.1,2.0,1.0,Buen estado,2005-01-01,Bajo,True,False,False,True,False,7.5,2024-12-04,40-80,2673.96
6237,Zaragoza,San José,Alquiler,Piso,216513.0,102.0,3.0,2.0,Buen estado,1994-01-01,7,False,True,False,False,False,5.61,2025-01-05,80-120,2122.68
6238,Zaragoza,La Romareda,Venta,Ático,280509.0,89.5,3.0,2.0,Buen estado,1976-01-01,Ático,True,True,False,False,True,2.23,2024-10-31,80-120,3134.18
6239,Zaragoza,Delicias,Alquiler,Ático,173694.0,69.1,2.0,1.0,Obra nueva,2021-01-01,Ático,True,False,True,True,False,5.98,2024-11-25,40-80,2513.66
6240,Zaragoza,La Romareda,Venta,Ático,126161.0,60.4,2.0,1.0,Buen estado,1968-01-01,Ático,True,True,False,False,False,8.12,2025-03-30,40-80,2088.76
6241,Zaragoza,Delicias,Venta,Piso,198826.0,84.7,3.0,2.0,Obra nueva,2020-01-01,3,True,True,False,True,True,,2025-01-17,80-120,2347.41
6242,Zaragoza,Delicias,Alquiler,Piso,213469.0,89.4,3.0,2.0,Buen estado,1960-01-01,3,True,False,False,False,False,5.53,2024-11-19,80-120,2387.8
6243,Zaragoza,San José,Venta,Piso,128837.0,67.0,2.0,1.0,Buen estado,1982-01-01,Bajo,True,False,False,True,False,5.46,2025-03-19,40-80,1922.94
6244,Zaragoza,Zaragoza_Centro,Venta,Piso,150898.0,61.7,2.0,1.0,Reformado,1976-01-01,7,True,False,True,True,False,6.21,2025-01-18,40-80,2445.67
6245,Zaragoza,La Romareda,Venta,Ático,256969.0,76.8,2.0,1.0,Buen estado,1963-01-01,Ático,False,True,False,True,False,4.01,2025-02-15,40-80,3345.95
6246,Zaragoza,San José,Alquiler,Piso,104591.0,71.5,2.0,1.0,Buen estado,1990-01-01,Bajo,False,True,False,False,False,5.4,2025-03-12,40-80,1462.81
6247,Zaragoza,La Romareda,Venta,Piso,167996.0,67.5,2.0,1.0,Buen estado,1993-01-01,Bajo,True,True,False,True,False,5.54,2024-10-20,40-80,2488.83
6248,Zaragoza,Zaragoza_Centro,Alquiler,Piso,224648.0,83.3,3.0,2.0,Buen estado,1981-01-01,2,True,True,False,True,False,5.83,2025-01-04,80-120,2696.85
6249,Zaragoza,San José,Venta,Piso,207058.0,72.6,2.0,1.0,Buen estado,1976-01-01,5,True,True,False,False,True,4.17,2024-12-20,40-80,2852.04
6250,Zaragoza,San José,Venta,Piso,,86.9,3.0,2.0,Buen estado,1979-01-01,8,True,False,True,True,False,7.46,2025-03-26,80-120,
6251,Zaragoza,Delicias,Alquiler,Piso,201895.0,86.2,3.0,2.0,Buen estado,2006-01-01,4,True,False,False,False,False,7.16,2025-01-24,80-120,2342.17
6252,Zaragoza,La Romareda,Venta,Ático,181366.0,78.9,2.0,1.0,Obra nueva,2020-01-01,Ático,True,True,False,False,True,4.51,2025-03-29,40-80,2298.68
6253,Zaragoza,San José,Alquiler,Piso,340702.0,93.4,3.0,2.0,Reformado,1977-01-01,1,False,True,True,True,False,5.09,2025-01-02,80-120,3647.77
6254,Zaragoza,Delicias,Alquiler,Piso,331159.0,101.6,3.0,2.0,Buen estado,2001-01-01,7,False,False,False,True,False,5.34,2024-12-28,80-120,3259.44
6255,Zaragoza,San José,Venta,Piso,238275.0,93.2,3.0,2.0,Obra nueva,2022-01-01,5,False,False,False,True,True,4.62,2024-11-05,80-120,2556.6
6256,Zaragoza,San José,Venta,Piso,176453.0,64.4,2.0,1.0,Buen estado,1993-01-01,9,False,False,False,True,True,1.42,2025-01-09,40-80,2739.95
6257,Zaragoza,San José,Venta,Ático,404442.0,108.9,3.0,2.0,Buen estado,1987-01-01,Ático,False,False,True,False,False,7.14,2024-12-06,80-120,3713.88
6258,Zaragoza,La Romareda,Venta,Piso,72599.0,61.5,2.0,1.0,Buen estado,1968-01-01,6,False,True,True,True,False,8.72,2024-12-17,40-80,1180.47
6259,Zaragoza,Delicias,Venta,Piso,265153.0,79.0,2.0,1.0,Buen estado,1978-01-01,2,True,False,False,False,True,4.48,2024-11-10,40-80,3356.37
6260,Zaragoza,Delicias,Venta,Piso,287911.0,118.3,3.0,2.0,Buen estado,1961-01-01,9,False,False,False,False,False,5.95,2025-03-20,80-120,2433.74
6261,Zaragoza,Delicias,Alquiler,Sin_clasificar,,,2.0,1.0,Buen estado,2011-01-01,3,False,True,True,True,False,4.47,2025-02-10,,
6262,Zaragoza,San José,Venta,Piso,212639.0,74.3,2.0,1.0,Buen estado,1977-01-01,6,False,True,True,False,True,6.28,2024-12-26,40-80,2861.9
6263,Zaragoza,La Romareda,Venta,Piso,332016.0,92.1,3.0,2.0,Buen estado,1963-01-01,8,False,True,True,False,False,5.22,2024-10-28,80-120,3604.95
6264,Zaragoza,La Romareda,Alquiler,Piso,341618.0,125.6,4.0,2.0,Buen estado,1971-01-01,2,True,True,True,False,True,6.49,2024-11-09,120-160,2719.89
6265,Zaragoza,Zaragoza_Centro,Venta,Piso,233730.0,80.0,3.0,2.0,Buen estado,1984-01-01,2,False,False,False,True,True,,2024-12-27,80-120,2921.62
6266,Zaragoza,La Romareda,Venta,Piso,259236.0,90.1,3.0,2.0,Buen estado,2020-01-01,Bajo,True,True,False,True,False,,2024-10-31,80-120,2877.2
6267,Zaragoza,Delicias,Venta,Piso,212025.0,125.6,4.0,2.0,Buen estado,2005-01-01,Bajo,True,False,True,True,False,6.38,2025-02-03,120-160,1688.1
6268,Zaragoza,San José,Venta,Piso,292064.0,105.7,3.0,2.0,Obra nueva,2019-01-01,9,True,True,True,True,True,3.82,2024-10-22,80-120,2763.14
6269,Zaragoza,San José,Venta,Piso,176223.0,52.6,2.0,1.0,A reformar,1998-01-01,4,True,True,False,True,False,4.82,,40-80,3350.25
6270,Zaragoza,San José,Venta,Piso,,82.5,3.0,2.0,Buen estado,1968-01-01,7,True,False,False,True,False,4.48,2025-02-15,80-120,
6271,Zaragoza,La Romareda,Venta,Piso,212139.0,80.0,3.0,2.0,A reformar,1991-01-01,6,False,True,False,False,True,7.24,2025-03-13,80-120,2651.74
6272,Zaragoza,Delicias,Venta,Piso,337885.0,95.4,3.0,2.0,Reformado,1996-01-01,Bajo,True,False,False,False,False,5.02,,80-120,3541.77
6273,Zaragoza,Delicias,Venta,Ático,232791.0,83.8,3.0,2.0,Buen estado,1986-01-01,Ático,False,False,False,True,False,7.18,2025-01-08,80-120,2777.94
6274,Zaragoza,Zaragoza_Centro,Venta,Ático,202387.0,71.4,2.0,1.0,Buen estado,1975-01-01,Ático,True,False,False,False,True,3.62,2025-01-26,40-80,2834.55
6275,Zaragoza,La Romareda,Venta,Piso,274916.0,102.8,3.0,2.0,Buen estado,1986-01-01,9,True,False,False,False,False,2.5,2024-11-15,80-120,2674.28
6276,Zaragoza,La Romareda,Alquiler,Piso,158723.0,51.6,2.0,1.0,Buen estado,1969-01-01,2,True,True,False,False,True,7.12,2025-02-10,40-80,3076.03
6277,Zaragoza,La Romareda,Venta,Piso,195811.0,84.6,3.0,2.0,Obra nueva,2021-01-01,8,True,True,False,True,True,4.05,2025-03-13,80-120,2314.55
6278,Zaragoza,La Romareda,Venta,Piso,228726.0,88.6,3.0,2.0,Buen estado,2009-01-01,7,True,False,True,True,True,4.27,2024-11-23,80-120,2581.56
6279,Zaragoza,La Romareda,Alquiler,Piso,316852.0,96.3,3.0,2.0,Buen estado,1997-01-01,4,True,True,False,False,False,3.72,2025-01-27,80-120,3290.26
6280,Zaragoza,San José,Venta,Sin_clasificar,,,3.0,2.0,Buen estado,1985-01-01,4,True,False,False,True,False,5.2,2025-03-11,,
6281,Zaragoza,San José,Venta,Piso,265618.0,96.9,3.0,2.0,Buen estado,1976-01-01,8,False,False,False,True,False,6.5,2025-01-18,80-120,2741.16
6282,Zaragoza,La Romareda,Venta,Piso,138244.0,59.0,2.0,1.0,Obra nueva,2023-01-01,8,True,True,False,True,True,7.26,2025-04-05,40-80,2343.12
6283,Zaragoza,San José,Alquiler,Piso,318294.0,109.2,3.0,2.0,Buen estado,2017-01-01,4,False,False,False,False,True,2.55,2025-03-12,80-120,2914.78
6284,Zaragoza,Delicias,Alquiler,Ático,204424.0,69.3,2.0,1.0,Buen estado,1981-01-01,Ático,True,False,True,True,True,3.27,2025-03-31,40-80,2949.84
6285,Zaragoza,Delicias,Venta,Piso,195949.0,67.9,2.0,1.0,Buen estado,1948-01-01,5,True,True,False,True,True,,2025-01-23,40-80,2885.85
6286,Zaragoza,Zaragoza_Centro,Venta,Piso,220704.0,61.2,2.0,1.0,Buen estado,1979-01-01,8,True,True,True,False,False,5.1,2025-02-24,40-80,3606.27
6287,Zaragoza,La Romareda,Venta,Piso,,45.1,2.0,1.0,Buen estado,1963-01-01,3,True,False,True,False,False,4.69,2025-02-25,40-80,
6288,Zaragoza,Zaragoza_Centro,Venta,Piso,220835.0,74.7,2.0,1.0,Buen estado,1972-01-01,7,True,False,False,True,True,5.23,2025-01-24,40-80,2956.29
6289,Zaragoza,Zaragoza_Centro,Alquiler,Piso,,77.6,2.0,1.0,Obra nueva,2019-01-01,7,False,True,True,True,False,4.3,2025-02-12,40-80,
6290,Zaragoza,La Romareda,Venta,Ático,210907.0,80.4,3.0,2.0,Obra nueva,2018-01-01,Ático,True,True,False,True,True,5.43,2024-11-18,80-120,2623.22
6291,Zaragoza,La Romareda,Alquiler,Piso,179364.0,90.3,3.0,2.0,Buen estado,1996-01-01,1,True,False,False,True,False,5.39,2025-02-14,80-120,1986.31
6292,Zaragoza,Delicias,Venta,Piso,,97.5,3.0,2.0,Buen estado,1982-01-01,9,True,False,False,True,False,5.5,2024-11-03,80-120,
6293,Zaragoza,Delicias,Venta,Sin_clasificar,,,3.0,3.0,Buen estado,1953-01-01,6,False,False,False,False,False,4.98,2025-03-21,,
6294,Zaragoza,La Romareda,Venta,Piso,160758.0,59.0,2.0,1.0,Buen estado,1987-01-01,8,True,False,False,False,True,6.96,2024-11-23,40-80,2724.71
6295,Zaragoza,Zaragoza_Centro,Venta,Piso,171251.0,61.8,2.0,1.0,Buen estado,1967-01-01,8,True,False,True,False,True,6.84,2025-03-10,40-80,2771.05
6296,Zaragoza,San José,Venta,Piso,253550.0,97.6,3.0,2.0,Buen estado,1961-01-01,9,True,True,False,False,True,5.04,2025-01-06,80-120,2597.85
6297,Zaragoza,Zaragoza_Centro,Alquiler,Piso,281020.0,89.7,3.0,2.0,Buen estado,1989-01-01,7,True,False,False,True,False,6.14,2025-02-10,80-120,3132.89
6298,Zaragoza,Delicias,Venta,Piso,288777.0,98.5,3.0,2.0,Buen estado,1989-01-01,Bajo,False,False,False,True,False,4.2,2025-04-05,80-120,2931.75
6299,Zaragoza,Zaragoza_Centro,Venta,Piso,176230.0,67.6,2.0,1.0,Buen estado,1980-01-01,1,True,True,False,False,False,3.54,2025-02-04,40-80,2606.95
6300,Zaragoza,San José,Alquiler,Piso,189578.0,66.4,2.0,1.0,Reformado,1973-01-01,2,True,True,False,False,True,3.35,2024-12-23,40-80,2855.09
6301,Zaragoza,Delicias,Venta,Piso,181325.0,73.8,2.0,1.0,Buen estado,2005-01-01,8,True,True,False,False,False,4.34,2025-02-09,40-80,2456.98
6302,Zaragoza,Zaragoza_Centro,Venta,Piso,197966.0,61.0,2.0,1.0,Buen estado,1985-01-01,7,True,False,False,False,True,6.46,2024-12-25,40-80,3245.34
6303,Zaragoza,San José,Venta,Piso,288782.0,105.9,3.0,2.0,A reformar,1968-01-01,Bajo,False,False,True,False,False,6.45,2025-04-03,80-120,2726.93
6304,Zaragoza,San José,Venta,Piso,158917.0,42.8,2.0,1.0,Buen estado,1993-01-01,2,True,True,True,False,True,5.81,2024-10-17,40-80,3713.01
6305,Zaragoza,Delicias,Venta,Piso,104836.0,54.8,2.0,1.0,Buen estado,2000-01-01,8,False,True,False,True,True,4.94,2024-10-11,40-80,1913.07
6306,Zaragoza,La Romareda,Venta,Piso,205617.0,71.2,2.0,1.0,Buen estado,1980-01-01,2,True,True,True,True,False,,2024-11-30,40-80,2887.88
6307,Zaragoza,La Romareda,Venta,Piso,246524.0,82.9,3.0,2.0,Buen estado,1990-01-01,5,True,True,False,True,True,3.59,2025-03-11,80-120,2973.75
6308,Zaragoza,La Romareda,Venta,Piso,309610.0,110.0,3.0,2.0,Buen estado,1958-01-01,2,True,False,False,True,False,4.01,2025-04-01,80-120,2814.64
6309,Zaragoza,Delicias,Venta,Piso,200320.0,71.3,2.0,1.0,Buen estado,1998-01-01,2,True,True,False,False,False,3.65,2025-03-25,40-80,2809.54
6310,Zaragoza,Zaragoza_Centro,Alquiler,Piso,199788.0,67.0,2.0,1.0,Buen estado,2002-01-01,6,False,False,False,False,False,5.95,2025-02-05,40-80,2981.91
6311,Zaragoza,Delicias,Alquiler,Piso,270828.0,103.0,3.0,2.0,A reformar,1990-01-01,3,False,True,False,False,False,5.3,2024-11-20,80-120,2629.4
6312,Zaragoza,San José,Venta,Sin_clasificar,,,3.0,1.0,Obra nueva,2018-01-01,6,True,True,False,False,False,5.55,2025-01-31,,
6313,Zaragoza,Zaragoza_Centro,Venta,Piso,198334.0,86.8,3.0,2.0,Reformado,1980-01-01,8,False,True,False,True,True,4.18,2025-01-22,80-120,2284.95
6314,Zaragoza,La Romareda,Alquiler,Piso,235327.0,79.4,2.0,1.0,Buen estado,1978-01-01,5,False,True,False,False,True,6.03,2024-11-26,40-80,2963.82
6315,Zaragoza,San José,Alquiler,Piso,171887.0,68.5,2.0,1.0,Buen estado,1976-01-01,3,True,False,True,False,False,7.98,2024-10-13,40-80,2509.3
6316,Zaragoza,La Romareda,Venta,Piso,,129.3,4.0,2.0,Buen estado,1999-01-01,7,False,True,False,False,True,5.12,2025-04-02,120-160,
6317,Zaragoza,Delicias,Venta,Ático,151869.0,63.3,2.0,1.0,Buen estado,2004-01-01,Ático,False,False,True,True,True,9.6,2024-10-12,40-80,2399.19
6318,Zaragoza,Delicias,Alquiler,Piso,253826.0,102.5,3.0,2.0,Buen estado,1994-01-01,1,True,True,False,False,False,4.74,2024-10-24,80-120,2476.35
6319,Zaragoza,Delicias,Venta,Piso,251462.0,79.7,2.0,1.0,Buen estado,2003-01-01,8,True,True,True,True,False,4.99,2024-12-14,40-80,3155.11
6320,Zaragoza,Delicias,Venta,Piso,223648.0,70.2,2.0,1.0,Reformado,1982-01-01,7,True,True,False,False,True,5.97,2024-10-24,40-80,3185.87
6321,Zaragoza,La Romareda,Alquiler,Piso,285904.0,89.9,3.0,2.0,Buen estado,1954-01-01,9,True,True,False,True,False,6.77,2025-02-11,80-120,3180.24
6322,Zaragoza,Zaragoza_Centro,Alquiler,Ático,264996.0,72.2,2.0,1.0,Obra nueva,2018-01-01,Ático,True,False,False,False,False,,2025-02-01,40-80,3670.3
6323,Zaragoza,San José,Venta,Piso,,94.0,3.0,2.0,Buen estado,1966-01-01,8,False,True,False,False,False,5.85,2024-12-07,80-120,
6324,Zaragoza,Delicias,Venta,Piso,247604.0,87.2,3.0,2.0,Buen estado,1971-01-01,2,True,True,False,False,False,7.7,2025-01-30,80-120,2839.5
6325,Zaragoza,La Romareda,Venta,Piso,259618.0,116.0,3.0,2.0,Buen estado,1992-01-01,2,False,False,False,True,False,4.5,2025-02-26,80-120,2238.09
6326,Zaragoza,La Romareda,Venta,Piso,327737.0,86.6,3.0,2.0,Buen estado,2005-01-01,3,False,True,True,False,False,5.42,2024-11-11,80-120,3784.49
6327,Zaragoza,Zaragoza_Centro,Venta,Piso,215415.0,74.7,2.0,1.0,Buen estado,1997-01-01,3,True,False,False,False,False,3.54,2024-12-13,40-80,2883.73
6328,Zaragoza,Zaragoza_Centro,Venta,Piso,260010.0,84.6,3.0,2.0,Buen estado,2020-01-01,Bajo,True,True,True,False,False,6.25,2024-10-27,80-120,3073.4
6329,Zaragoza,Zaragoza_Centro,Venta,Piso,151332.0,45.1,2.0,1.0,Buen estado,1986-01-01,5,True,False,True,False,True,4.56,2024-10-25,40-80,3355.48
6330,Zaragoza,Zaragoza_Centro,Venta,Piso,540367.0,184.49,5.0,3.0,Obra nueva,2021-01-01,1,True,False,False,False,False,3.03,2024-10-31,160-200,2928.98
6331,Zaragoza,San José,Venta,Piso,245735.0,77.8,2.0,1.0,Buen estado,2006-01-01,7,True,True,False,True,False,4.02,2025-03-03,40-80,3158.55
6332,Zaragoza,San José,Alquiler,Ático,279056.0,78.3,2.0,1.0,A reformar,1986-01-01,Ático,False,False,False,True,False,6.49,2025-03-26,40-80,3563.93
6333,Zaragoza,Zaragoza_Centro,Venta,Piso,249515.0,71.4,2.0,1.0,Obra nueva,2018-01-01,7,True,True,True,False,True,3.66,2025-03-27,40-80,3494.61
6334,Zaragoza,Zaragoza_Centro,Venta,Piso,149831.0,44.4,2.0,1.0,Buen estado,1996-01-01,3,False,False,True,False,False,5.79,2025-02-24,40-80,3374.57
6335,Zaragoza,Zaragoza_Centro,Venta,Piso,322679.0,91.6,3.0,2.0,Buen estado,1958-01-01,4,True,False,False,False,False,4.86,2025-01-02,80-120,3522.7
6336,Zaragoza,San José,Venta,Piso,124427.0,69.7,2.0,1.0,Buen estado,1983-01-01,6,True,False,False,True,False,5.7,2024-10-27,40-80,1785.18
6337,Zaragoza,Delicias,Venta,Piso,281049.0,105.4,3.0,2.0,Obra nueva,2018-01-01,7,True,True,False,True,True,6.77,2024-10-18,80-120,2666.5
6338,Zaragoza,La Romareda,Alquiler,Piso,200473.0,76.7,2.0,1.0,Buen estado,1957-01-01,1,False,True,False,True,True,7.64,2025-02-09,40-80,2613.73
6339,Zaragoza,San José,Alquiler,Ático,283849.0,91.7,3.0,2.0,Reformado,1998-01-01,Ático,False,False,False,True,False,5.56,2024-11-30,80-120,3095.41
6340,Zaragoza,Zaragoza_Centro,Venta,Piso,142689.0,75.8,2.0,1.0,A reformar,1972-01-01,4,False,False,False,False,False,4.45,2025-02-01,40-80,1882.44
6341,Zaragoza,La Romareda,Venta,Sin_clasificar,,,1.0,2.0,Buen estado,1991-01-01,3,True,False,False,True,False,5.31,2024-11-16,,
6342,Zaragoza,Zaragoza_Centro,Venta,Piso,148108.0,53.5,2.0,1.0,Buen estado,1981-01-01,2,True,False,False,True,False,4.11,2025-02-22,40-80,2768.37
6343,Zaragoza,Delicias,Venta,Piso,305415.0,105.3,3.0,2.0,Obra nueva,2020-01-01,8,False,True,True,False,False,3.52,2025-02-13,80-120,2900.43
6344,Zaragoza,La Romareda,Alquiler,Piso,346779.0,125.5,4.0,2.0,Buen estado,1989-01-01,3,True,False,True,False,False,4.15,2024-12-03,120-160,2763.18
6345,Zaragoza,Delicias,Alquiler,Piso,198628.0,87.2,3.0,2.0,Buen estado,1963-01-01,2,False,True,False,False,False,6.9,2025-04-06,80-120,2277.84
6346,Zaragoza,Delicias,Venta,Piso,376977.0,88.0,3.0,2.0,Buen estado,1998-01-01,8,True,True,False,False,False,3.31,2025-01-19,80-120,4283.83
6347,Zaragoza,San José,Venta,Piso,335024.0,97.6,3.0,2.0,Buen estado,1999-01-01,6,False,True,False,False,True,5.65,2024-12-21,80-120,3432.62
6348,Zaragoza,Delicias,Venta,Piso,295472.0,85.4,3.0,2.0,Buen estado,1993-01-01,8,True,False,False,False,False,2.68,2024-12-07,80-120,3459.86
6349,Zaragoza,Delicias,Alquiler,Piso,409526.0,158.06,4.0,2.0,Buen estado,1982-01-01,2,True,False,True,False,False,6.03,2024-12-09,120-160,2590.95
6350,Zaragoza,Zaragoza_Centro,Venta,Piso,230286.0,121.6,4.0,2.0,Buen estado,1974-01-01,6,False,True,False,True,False,3.68,2024-11-20,120-160,1893.8
6351,Zaragoza,La Romareda,Venta,Piso,300625.0,109.3,3.0,2.0,A reformar,1984-01-01,3,False,True,False,False,True,4.28,2024-12-08,80-120,2750.46
6352,Zaragoza,Delicias,Alquiler,Piso,134428.0,70.2,2.0,1.0,Buen estado,1964-01-01,Bajo,False,True,False,True,False,3.99,2024-11-04,40-80,1914.93
6353,Zaragoza,San José,Venta,Piso,229751.0,77.6,2.0,1.0,Obra nueva,2018-01-01,4,True,True,False,True,True,,2025-04-03,40-80,2960.71
6354,Zaragoza,La Romareda,Venta,Sin_clasificar,,,1.0,3.0,Buen estado,1966-01-01,5,True,False,False,False,True,2.91,,,
6355,Zaragoza,San José,Venta,Piso,272808.0,114.6,3.0,2.0,Reformado,1997-01-01,8,True,False,False,False,False,4.98,2025-01-24,80-120,2380.52
6356,Zaragoza,La Romareda,Alquiler,Estudio,100788.0,36.5,0.0,1.0,Buen estado,1989-01-01,4,False,False,False,False,True,3.29,2024-12-18,0-40,2761.32
6357,Zaragoza,Delicias,Venta,Ático,300366.0,79.6,2.0,1.0,Buen estado,1949-01-01,Ático,False,False,False,True,False,3.51,2024-12-26,40-80,3773.44
6358,Zaragoza,La Romareda,Venta,Piso,270531.0,88.2,3.0,2.0,Buen estado,1976-01-01,1,True,False,True,True,False,5.01,2024-11-04,80-120,3067.24
6359,Zaragoza,San José,Venta,Piso,191358.0,81.1,3.0,2.0,Buen estado,2007-01-01,9,True,False,True,True,False,6.67,2025-01-02,80-120,2359.53
6360,Zaragoza,San José,Venta,Piso,298724.0,98.8,3.0,2.0,Obra nueva,2023-01-01,8,False,True,False,True,True,4.48,2025-02-22,80-120,3023.52
6361,Zaragoza,Delicias,Venta,Piso,207551.0,87.7,3.0,2.0,Buen estado,1998-01-01,3,False,True,False,True,True,3.67,2025-02-15,80-120,2366.6
6362,Zaragoza,Zaragoza_Centro,Alquiler,Piso,246327.0,78.0,2.0,1.0,Buen estado,1965-01-01,1,False,False,False,True,True,6.54,2025-01-21,40-80,3158.04
6363,Zaragoza,Delicias,Alquiler,Piso,227439.0,80.2,3.0,2.0,Buen estado,1987-01-01,4,True,False,False,False,False,4.81,2025-03-27,80-120,2835.9
6364,Zaragoza,San José,Venta,Piso,252371.0,94.8,3.0,2.0,Reformado,1985-01-01,7,True,True,False,False,True,,2024-11-22,80-120,2662.14
6365,Zaragoza,Delicias,Venta,Piso,252250.0,97.8,3.0,2.0,Buen estado,1993-01-01,9,True,True,False,True,False,4.79,2025-03-16,80-120,2579.24
6366,Zaragoza,San José,Venta,Piso,173216.0,72.9,2.0,1.0,Obra nueva,2020-01-01,3,True,True,True,False,False,4.44,2024-10-09,40-80,2376.08
6367,Zaragoza,Zaragoza_Centro,Venta,Ático,226530.0,83.7,3.0,2.0,Buen estado,2007-01-01,Ático,True,False,False,False,False,6.26,2024-10-28,80-120,2706.45
6368,Zaragoza,La Romareda,Alquiler,Ático,214457.0,71.8,2.0,1.0,Buen estado,1983-01-01,Ático,False,False,False,True,False,8.05,2024-12-08,40-80,2986.87
6369,Zaragoza,Zaragoza_Centro,Venta,Piso,153205.0,63.2,2.0,1.0,Reformado,1986-01-01,2,True,False,False,False,True,5.15,2024-12-14,40-80,2424.13
6370,Zaragoza,Delicias,Alquiler,Piso,451745.0,101.6,3.0,2.0,Buen estado,1980-01-01,8,False,False,False,True,True,6.31,2024-11-01,80-120,4446.31
6371,Zaragoza,La Romareda,Venta,Piso,198600.0,81.8,3.0,2.0,Reformado,1962-01-01,3,False,True,True,False,False,4.11,2025-02-08,80-120,2427.87
6372,Zaragoza,San José,Alquiler,Piso,289936.0,88.0,3.0,2.0,Obra nueva,2023-01-01,1,True,True,False,True,True,4.95,2024-12-16,80-120,3294.73
6373,Zaragoza,San José,Venta,Piso,280337.0,84.4,3.0,2.0,Obra nueva,2021-01-01,1,True,False,False,True,False,3.31,2024-10-15,80-120,3321.53
6374,Zaragoza,San José,Alquiler,Piso,173936.0,75.0,2.0,1.0,Buen estado,1990-01-01,7,True,True,True,False,False,3.23,2024-12-27,40-80,2319.15
6375,Zaragoza,Zaragoza_Centro,Alquiler,Piso,213364.0,63.0,2.0,1.0,Reformado,1998-01-01,1,False,True,False,True,True,6.04,2025-02-18,40-80,3386.73
6376,Zaragoza,San José,Venta,Sin_clasificar,,,3.0,3.0,Buen estado,1956-01-01,5,True,False,False,True,True,6.11,2024-10-11,,
6377,Zaragoza,San José,Venta,Piso,226935.0,69.5,2.0,1.0,Buen estado,1968-01-01,5,True,True,True,False,True,4.31,2025-03-06,40-80,3265.25
6378,Zaragoza,Zaragoza_Centro,Venta,Piso,152544.0,71.6,2.0,1.0,Buen estado,1987-01-01,2,False,False,True,False,False,4.14,2024-11-26,40-80,2130.5
6379,Zaragoza,Zaragoza_Centro,Venta,Piso,195643.0,54.4,2.0,1.0,Buen estado,1986-01-01,Bajo,True,False,False,True,False,5.88,2024-11-25,40-80,3596.38
6380,Zaragoza,San José,Venta,Piso,132480.0,47.6,2.0,1.0,Buen estado,1995-01-01,6,True,False,True,False,False,6.17,2025-02-16,40-80,2783.19
6381,Zaragoza,La Romareda,Venta,Piso,240079.0,63.5,2.0,1.0,Buen estado,1993-01-01,8,True,False,False,False,True,4.24,2025-01-17,40-80,3780.77
6382,Zaragoza,Zaragoza_Centro,Venta,Piso,241252.0,79.2,2.0,1.0,Buen estado,1979-01-01,2,True,False,False,True,True,,2025-01-12,40-80,3046.11
6383,Zaragoza,Zaragoza_Centro,Alquiler,Piso,151076.0,48.0,2.0,1.0,Obra nueva,2022-01-01,9,True,True,True,True,False,5.19,2025-03-20,40-80,3147.42
6384,Zaragoza,San José,Venta,Piso,244499.0,76.8,2.0,1.0,Buen estado,1991-01-01,Bajo,False,False,False,False,False,6.08,2025-03-23,40-80,3183.58
6385,Zaragoza,Zaragoza_Centro,Venta,Piso,222629.0,90.2,3.0,2.0,Buen estado,2000-01-01,4,True,True,False,True,True,4.67,2025-01-17,80-120,2468.17
6386,Zaragoza,Zaragoza_Centro,Venta,Piso,291305.0,89.1,3.0,2.0,Buen estado,2020-01-01,3,True,False,False,False,False,6.28,2025-04-07,80-120,3269.42
6387,Zaragoza,San José,Venta,Piso,154074.0,59.6,2.0,1.0,Buen estado,1988-01-01,2,False,False,True,False,False,6.37,2025-02-18,40-80,2585.13
6388,Zaragoza,Delicias,Alquiler,Piso,,72.9,2.0,1.0,Buen estado,1969-01-01,7,True,True,True,False,True,4.48,2024-12-30,40-80,
6389,Zaragoza,San José,Venta,Piso,231492.0,69.9,2.0,1.0,Obra nueva,2021-01-01,9,True,True,True,True,True,5.11,,40-80,3311.76
6390,Zaragoza,La Romareda,Venta,Piso,213357.0,69.2,2.0,1.0,Buen estado,1981-01-01,7,True,True,False,True,False,4.77,2025-03-05,40-80,3083.19
6391,Zaragoza,San José,Venta,Piso,226346.0,83.2,3.0,2.0,Buen estado,1975-01-01,3,True,True,False,False,False,4.68,,80-120,2720.5
6392,Zaragoza,San José,Venta,Piso,202204.0,82.8,3.0,2.0,Obra nueva,2018-01-01,Bajo,True,True,True,True,True,6.04,2025-01-11,80-120,2442.08
6393,Zaragoza,La Romareda,Venta,Piso,241034.0,76.0,2.0,1.0,Buen estado,2012-01-01,5,False,False,True,False,True,6.88,2024-10-10,40-80,3171.5
6394,Zaragoza,Delicias,Alquiler,Piso,125307.0,49.5,2.0,1.0,Buen estado,2000-01-01,3,False,True,False,False,False,4.96,2025-01-04,40-80,2531.45
6395,Zaragoza,San José,Alquiler,Piso,276819.0,106.7,3.0,2.0,Buen estado,1966-01-01,8,True,False,False,False,True,4.31,2025-03-19,80-120,2594.37
6396,Zaragoza,San José,Venta,Piso,161391.0,61.4,2.0,1.0,Buen estado,1975-01-01,Bajo,True,False,True,False,True,4.96,2025-03-16,40-80,2628.52
6397,Zaragoza,San José,Venta,Piso,247551.0,101.1,3.0,2.0,Buen estado,1955-01-01,6,False,False,False,True,False,7.18,2024-10-13,80-120,2448.58
6398,Zaragoza,San José,Venta,Piso,250603.0,98.1,3.0,2.0,Buen estado,1975-01-01,Bajo,False,True,False,False,False,5.67,2024-10-31,80-120,2554.57
6399,Zaragoza,Delicias,Venta,Piso,166308.0,56.4,2.0,1.0,Buen estado,1994-01-01,4,True,True,False,True,False,1.84,2025-03-25,40-80,2948.72
6400,Zaragoza,Delicias,Alquiler,Piso,287219.0,102.6,3.0,2.0,Reformado,2009-01-01,2,False,False,False,False,False,6.41,2024-12-19,80-120,2799.41
6401,Zaragoza,Delicias,Venta,Piso,242841.0,90.9,3.0,2.0,Buen estado,1982-01-01,9,True,True,False,True,False,4.24,2025-03-20,80-120,2671.52
6402,Zaragoza,La Romareda,Venta,Piso,235985.0,72.9,2.0,1.0,Buen estado,1993-01-01,4,True,False,False,False,False,5.65,2025-03-22,40-80,3237.11
6403,Zaragoza,La Romareda,Venta,Piso,151496.0,51.3,2.0,1.0,Obra nueva,2022-01-01,5,True,True,False,True,True,5.51,2024-10-18,40-80,2953.14
6404,Zaragoza,San José,Alquiler,Piso,243812.0,108.6,3.0,2.0,Buen estado,1969-01-01,5,False,False,False,False,True,4.99,2024-12-30,80-120,2245.05
6405,Zaragoza,San José,Alquiler,Piso,202564.0,72.9,2.0,1.0,Reformado,1983-01-01,8,True,True,False,False,False,8.06,2025-01-07,40-80,2778.66
6406,Zaragoza,La Romareda,Venta,Piso,65125.0,51.6,2.0,1.0,Reformado,1986-01-01,8,True,True,False,False,False,3.86,2024-12-22,40-80,1262.11
6407,Zaragoza,San José,Venta,Piso,,103.0,3.0,2.0,Buen estado,1962-01-01,1,False,False,True,False,False,3.51,2025-03-26,80-120,
6408,Zaragoza,San José,Alquiler,Piso,196383.0,61.6,2.0,1.0,Reformado,2006-01-01,7,True,True,False,True,False,4.98,2025-03-08,40-80,3188.04
6409,Zaragoza,La Romareda,Venta,Piso,228424.0,76.2,2.0,1.0,Obra nueva,2021-01-01,5,True,True,True,False,False,5.79,2024-11-19,40-80,2997.69
6410,Zaragoza,La Romareda,Alquiler,Piso,252792.0,93.1,3.0,2.0,Buen estado,1970-01-01,9,True,False,True,False,True,5.37,2025-03-02,80-120,2715.27
6411,Zaragoza,Zaragoza_Centro,Venta,Sin_clasificar,,,2.0,3.0,Buen estado,1964-01-01,5,True,True,False,False,True,6.72,2024-12-16,,
6412,Zaragoza,Zaragoza_Centro,Venta,Piso,312228.0,97.2,3.0,2.0,Buen estado,1999-01-01,1,False,False,False,False,True,4.87,2025-01-04,80-120,3212.22
6413,Zaragoza,Zaragoza_Centro,Alquiler,Piso,115466.0,47.6,2.0,1.0,Buen estado,2005-01-01,5,False,False,False,False,False,4.02,2025-02-06,40-80,2425.76
6414,Zaragoza,Delicias,Venta,Piso,264634.0,94.9,3.0,2.0,Buen estado,1991-01-01,3,False,False,False,False,False,3.03,2025-03-30,80-120,2788.56
6415,Zaragoza,San José,Venta,Piso,145659.0,55.8,2.0,1.0,Buen estado,1992-01-01,4,False,True,False,False,False,6.92,2025-01-23,40-80,2610.38
6416,Zaragoza,Zaragoza_Centro,Venta,Piso,76856.0,52.9,2.0,1.0,Obra nueva,2018-01-01,4,False,False,False,True,True,5.18,2024-10-24,40-80,1452.85
6417,Zaragoza,Delicias,Venta,Piso,313916.0,103.9,3.0,2.0,Buen estado,1995-01-01,4,True,True,False,False,True,3.83,2025-01-21,80-120,3021.33
6418,Zaragoza,Zaragoza_Centro,Venta,Piso,201444.0,72.9,2.0,1.0,Buen estado,1960-01-01,3,True,True,False,False,False,6.09,2025-01-31,40-80,2763.29
6419,Zaragoza,La Romareda,Venta,Piso,,56.4,2.0,1.0,Reformado,1972-01-01,9,False,True,False,True,False,5.36,2024-11-26,40-80,
6420,Zaragoza,La Romareda,Venta,Piso,,111.6,3.0,2.0,Buen estado,1971-01-01,9,True,False,False,True,False,6.92,2024-10-25,80-120,
6421,Zaragoza,San José,Venta,Piso,126559.0,66.2,2.0,1.0,Buen estado,1975-01-01,3,False,True,True,True,False,5.04,2024-11-29,40-80,1911.77
6422,Zaragoza,La Romareda,Venta,Piso,318505.0,90.5,3.0,2.0,Buen estado,1990-01-01,1,True,False,False,False,False,4.45,2025-02-21,80-120,3519.39
6423,Zaragoza,Delicias,Venta,Piso,165593.0,64.5,2.0,1.0,Reformado,1998-01-01,Bajo,False,False,False,False,False,3.65,2025-03-28,40-80,2567.33
6424,Zaragoza,La Romareda,Venta,Piso,236665.0,107.0,3.0,2.0,Reformado,1986-01-01,1,False,True,False,True,False,5.98,2024-12-04,80-120,2211.82
6425,Zaragoza,San José,Alquiler,Piso,231840.0,92.7,3.0,2.0,Obra nueva,2023-01-01,1,False,True,False,True,True,5.82,2024-10-17,80-120,2500.97
6426,Zaragoza,La Romareda,Alquiler,Piso,265230.0,105.3,3.0,2.0,A reformar,1981-01-01,6,False,True,False,False,True,5.02,2025-02-13,80-120,2518.8
6427,Zaragoza,San José,Alquiler,Piso,254309.0,71.6,2.0,1.0,Reformado,1983-01-01,5,False,False,False,False,True,3.48,2025-02-02,40-80,3551.8
6428,Zaragoza,San José,Venta,Sin_clasificar,,,,3.0,Buen estado,1974-01-01,Bajo,True,True,False,True,False,7.05,2024-12-01,,
6429,Zaragoza,Delicias,Alquiler,Piso,313681.0,107.8,3.0,2.0,Buen estado,2007-01-01,4,True,True,False,False,False,6.76,2024-11-29,80-120,2909.84
6430,Zaragoza,Delicias,Alquiler,Piso,161423.0,60.5,2.0,1.0,Buen estado,1997-01-01,Bajo,True,True,True,False,False,5.47,2024-11-13,40-80,2668.15
6431,Zaragoza,San José,Venta,Piso,147309.0,57.9,2.0,1.0,Buen estado,1990-01-01,3,False,False,False,True,False,3.98,,40-80,2544.2
6432,Zaragoza,La Romareda,Venta,Piso,222049.0,88.0,3.0,2.0,Buen estado,1975-01-01,1,False,False,False,True,False,7.2,2024-11-30,80-120,2523.28
6433,Zaragoza,Delicias,Venta,Ático,,,1.0,2.0,Buen estado,1980-01-01,Ático,False,False,False,True,False,4.94,2025-02-19,,
6434,Zaragoza,Delicias,Venta,Piso,404334.0,107.59,3.0,2.0,Buen estado,1991-01-01,2,False,False,True,True,False,5.89,2025-01-13,80-120,3758.1
6435,Zaragoza,Delicias,Venta,Piso,286634.0,96.2,3.0,2.0,Obra nueva,2018-01-01,6,True,False,False,True,False,6.05,2025-01-29,80-120,2979.56
6436,Zaragoza,Delicias,Alquiler,Piso,155887.0,85.2,3.0,2.0,A reformar,1977-01-01,4,True,True,False,True,True,6.68,2024-12-26,80-120,1829.66
6437,Zaragoza,San José,Venta,Piso,85112.0,49.9,2.0,1.0,Reformado,2013-01-01,6,True,False,False,False,True,2.84,2024-12-21,40-80,1705.65
6438,Zaragoza,La Romareda,Alquiler,Piso,223329.0,60.8,2.0,1.0,Buen estado,2010-01-01,9,True,False,False,False,False,8.07,2025-02-02,40-80,3673.17
6439,Zaragoza,La Romareda,Venta,Piso,142209.0,57.0,2.0,1.0,Buen estado,1968-01-01,9,True,False,False,True,True,4.74,2024-12-31,40-80,2494.89
6440,Zaragoza,San José,Alquiler,Piso,214934.0,76.6,2.0,1.0,Buen estado,2011-01-01,2,False,True,False,True,False,4.58,2024-12-06,40-80,2805.93
6441,Zaragoza,Delicias,Venta,Piso,302426.0,97.6,3.0,2.0,Buen estado,1996-01-01,1,True,False,False,False,False,3.74,2024-11-19,80-120,3098.63
6442,Zaragoza,Delicias,Venta,Piso,247109.0,91.1,3.0,2.0,Buen estado,2006-01-01,8,True,False,False,False,True,6.18,2025-03-12,80-120,2712.5
6443,Zaragoza,Zaragoza_Centro,Venta,Piso,209094.0,91.0,3.0,2.0,Obra nueva,2020-01-01,9,True,True,True,True,False,4.05,2025-01-08,80-120,2297.74
6444,Zaragoza,Zaragoza_Centro,Venta,Piso,269107.0,95.7,3.0,2.0,Buen estado,1998-01-01,1,True,False,False,False,False,5.42,2025-04-07,80-120,2811.99
6445,Zaragoza,Delicias,Venta,Piso,228760.0,77.1,2.0,1.0,Buen estado,1986-01-01,4,False,False,False,False,True,4.17,2024-12-24,40-80,2967.06
6446,Zaragoza,San José,Venta,Piso,280325.0,118.6,3.0,2.0,Buen estado,1987-01-01,9,True,True,True,True,False,4.78,2024-10-10,80-120,2363.62
6447,Zaragoza,Zaragoza_Centro,Venta,Piso,144367.0,59.3,2.0,1.0,Buen estado,2008-01-01,2,False,False,False,False,False,3.68,2025-02-20,40-80,2434.52
6448,Zaragoza,San José,Venta,Piso,249268.0,91.7,3.0,2.0,Buen estado,1993-01-01,Bajo,False,False,False,False,True,6.02,2024-10-26,80-120,2718.3
6449,Zaragoza,San José,Alquiler,Piso,152746.0,69.6,2.0,1.0,Buen estado,1963-01-01,Bajo,False,False,True,False,False,7.25,2024-11-09,40-80,2194.63
6450,Zaragoza,Delicias,Venta,Ático,196716.0,61.2,2.0,1.0,Obra nueva,2022-01-01,Ático,True,True,False,False,False,3.09,2024-12-06,40-80,3214.31
6451,Zaragoza,San José,Venta,Piso,265558.0,94.1,3.0,2.0,A reformar,1975-01-01,Bajo,True,False,False,True,True,7.07,2024-11-10,80-120,2822.08
6452,Zaragoza,Zaragoza_Centro,Venta,Sin_clasificar,,,1.0,3.0,Buen estado,1969-01-01,7,True,False,False,False,False,2.77,2025-02-09,,
6453,Zaragoza,Zaragoza_Centro,Alquiler,Piso,222499.0,65.8,2.0,1.0,Buen estado,1957-01-01,6,False,False,False,False,True,6.19,2024-10-19,40-80,3381.44
6454,Zaragoza,La Romareda,Venta,Piso,355532.0,105.6,3.0,2.0,Buen estado,1959-01-01,Bajo,True,True,True,False,True,5.88,2025-02-10,80-120,3366.78
6455,Zaragoza,La Romareda,Alquiler,Piso,284047.0,96.8,3.0,2.0,Buen estado,2009-01-01,4,True,False,False,False,True,5.69,2025-01-06,80-120,2934.37
6456,Zaragoza,San José,Venta,Ático,204097.0,83.9,3.0,2.0,Buen estado,1972-01-01,Ático,False,True,False,True,False,5.82,2024-11-23,80-120,2432.62
6457,Zaragoza,La Romareda,Alquiler,Ático,194556.0,68.0,2.0,1.0,Obra nueva,2021-01-01,Ático,True,True,False,True,False,1.53,2025-02-14,40-80,2861.12
6458,Zaragoza,Delicias,Alquiler,Piso,195181.0,65.4,2.0,1.0,Buen estado,1980-01-01,6,False,True,False,False,False,,2025-01-17,40-80,2984.42
6459,Zaragoza,Zaragoza_Centro,Venta,Piso,249233.0,81.3,3.0,2.0,Buen estado,1999-01-01,5,True,False,False,False,True,5.0,2025-01-10,80-120,3065.6
6460,Zaragoza,San José,Venta,Piso,214944.0,95.6,3.0,2.0,Buen estado,1983-01-01,8,False,False,False,False,True,5.07,2025-03-07,80-120,2248.37
6461,Zaragoza,Delicias,Alquiler,Piso,,81.1,3.0,2.0,Buen estado,1992-01-01,3,True,False,False,False,True,4.16,2025-01-16,80-120,
6462,Zaragoza,Delicias,Venta,Piso,240762.0,87.6,3.0,2.0,Buen estado,2013-01-01,5,False,False,False,False,False,4.92,2024-12-28,80-120,2748.42
6463,Zaragoza,Zaragoza_Centro,Venta,Piso,331661.0,77.9,2.0,1.0,Reformado,1971-01-01,3,True,True,False,True,False,3.0,2024-12-01,40-80,4257.52
6464,Zaragoza,Delicias,Venta,Piso,285338.0,76.0,2.0,1.0,Buen estado,2010-01-01,5,True,True,True,True,False,4.23,2024-10-28,40-80,3754.45
6465,Zaragoza,La Romareda,Venta,Piso,193120.0,87.1,3.0,2.0,Buen estado,1991-01-01,2,False,False,True,False,False,2.72,2024-10-29,80-120,2217.22
6466,Zaragoza,La Romareda,Venta,Piso,341759.0,123.5,4.0,2.0,Buen estado,1958-01-01,4,True,False,False,False,False,4.1,2025-02-28,120-160,2767.28
6467,Zaragoza,San José,Venta,Piso,201378.0,80.1,3.0,2.0,Buen estado,1996-01-01,9,True,True,False,False,True,5.41,2025-02-15,80-120,2514.08
6468,Zaragoza,San José,Alquiler,Piso,129613.0,42.2,2.0,1.0,Buen estado,1979-01-01,3,True,True,False,True,False,6.59,2024-10-23,40-80,3071.4
6469,Zaragoza,Delicias,Venta,Piso,199885.0,65.0,2.0,1.0,Buen estado,2010-01-01,3,True,True,False,True,True,6.2,2025-01-16,40-80,3075.15
6470,Zaragoza,La Romareda,Venta,Piso,152070.0,64.5,2.0,1.0,Buen estado,1966-01-01,1,True,False,False,False,False,6.45,2025-01-25,40-80,2357.67
6471,Zaragoza,Delicias,Venta,Piso,,93.9,3.0,2.0,Buen estado,2007-01-01,7,False,False,True,False,True,4.07,2024-12-20,80-120,
6472,Zaragoza,San José,Venta,Piso,124439.0,51.3,2.0,1.0,Buen estado,1975-01-01,7,False,True,False,False,False,4.32,2025-01-16,40-80,2425.71
6473,Zaragoza,La Romareda,Alquiler,Piso,200250.0,64.0,2.0,1.0,Buen estado,1980-01-01,8,True,True,True,False,False,1.27,2025-01-25,40-80,3128.91
6474,Zaragoza,La Romareda,Venta,Piso,201534.0,81.5,3.0,2.0,Buen estado,1984-01-01,8,True,True,True,True,False,2.02,2025-01-09,80-120,2472.81
6475,Zaragoza,Delicias,Venta,Piso,187641.0,71.1,2.0,1.0,Buen estado,1980-01-01,2,True,True,True,False,True,6.46,2024-11-22,40-80,2639.11
6476,Zaragoza,La Romareda,Venta,Piso,272591.0,97.6,3.0,2.0,Buen estado,1995-01-01,3,True,False,True,False,False,4.42,2025-03-22,80-120,2792.94
6477,Zaragoza,Delicias,Venta,Piso,328401.0,104.0,3.0,2.0,Buen estado,1969-01-01,4,False,False,False,True,True,5.36,2024-11-20,80-120,3157.7
6478,Zaragoza,Delicias,Alquiler,Piso,212223.0,77.4,2.0,1.0,Buen estado,1979-01-01,Bajo,True,False,True,True,True,2.33,2024-10-18,40-80,2741.9
6479,Zaragoza,La Romareda,Alquiler,Piso,419792.0,100.3,3.0,2.0,Buen estado,1994-01-01,3,True,False,False,False,True,6.28,2024-11-10,80-120,4185.36
6480,Zaragoza,Delicias,Alquiler,Piso,259911.0,77.7,2.0,1.0,Buen estado,1983-01-01,6,True,True,False,True,True,6.57,2024-11-30,40-80,3345.06
6481,Zaragoza,Delicias,Venta,Piso,120763.0,61.4,2.0,1.0,Obra nueva,2021-01-01,1,True,False,True,True,False,6.1,2024-11-07,40-80,1966.82
6482,Zaragoza,La Romareda,Venta,Piso,218125.0,62.7,2.0,1.0,A reformar,2010-01-01,Bajo,True,False,False,False,True,3.38,2025-04-02,40-80,3478.87
6483,Zaragoza,San José,Alquiler,Estudio,93471.0,34.0,0.0,1.0,Obra nueva,2020-01-01,8,True,True,False,False,False,5.27,2025-03-28,0-40,2749.15
6484,Zaragoza,San José,Alquiler,Piso,209018.0,67.5,2.0,1.0,Buen estado,1984-01-01,3,False,False,False,False,False,5.21,2025-03-24,40-80,3096.56
6485,Zaragoza,Zaragoza_Centro,Alquiler,Piso,263379.0,82.7,3.0,2.0,Reformado,1983-01-01,8,True,True,False,False,False,,2024-10-29,80-120,3184.75
6486,Zaragoza,San José,Venta,Ático,,,4.0,2.0,Obra nueva,2019-01-01,Ático,True,True,True,False,False,4.52,2025-01-17,,
6487,Zaragoza,San José,Venta,Piso,124589.0,44.7,2.0,1.0,Buen estado,1995-01-01,9,True,True,False,False,False,2.22,2024-12-25,40-80,2787.23
6488,Zaragoza,San José,Venta,Piso,271887.0,109.9,3.0,2.0,Buen estado,1969-01-01,6,True,False,True,False,False,4.63,2024-12-31,80-120,2473.95
6489,Zaragoza,Delicias,Venta,Piso,238375.0,96.1,3.0,2.0,A reformar,2020-01-01,7,True,True,True,False,False,4.19,2025-03-14,80-120,2480.49
6490,Zaragoza,Zaragoza_Centro,Alquiler,Piso,211459.0,77.5,2.0,1.0,Buen estado,1965-01-01,Bajo,False,False,False,False,False,4.44,2024-12-05,40-80,2728.5
6491,Zaragoza,San José,Venta,Ático,340446.0,102.8,3.0,2.0,Buen estado,1979-01-01,Ático,True,True,True,False,False,3.93,2024-11-05,80-120,3311.73
6492,Zaragoza,La Romareda,Venta,Piso,166936.0,52.3,2.0,1.0,Buen estado,2015-01-01,7,True,True,True,False,False,5.19,2025-04-03,40-80,3191.89
6493,Zaragoza,Delicias,Venta,Piso,228990.0,71.3,2.0,1.0,Buen estado,1978-01-01,5,True,False,True,False,False,4.88,2024-10-21,40-80,3211.64
6494,Zaragoza,La Romareda,Venta,Piso,109801.0,58.9,2.0,1.0,Buen estado,1990-01-01,Bajo,True,True,False,False,False,5.56,2025-02-02,40-80,1864.19
6495,Zaragoza,Zaragoza_Centro,Venta,Piso,359962.0,100.0,3.0,2.0,Buen estado,1967-01-01,2,True,True,False,True,False,5.48,2024-12-20,80-120,3599.62
6496,Zaragoza,Delicias,Alquiler,Piso,151815.0,77.2,2.0,1.0,Buen estado,1990-01-01,2,True,True,False,False,False,5.08,2025-03-11,40-80,1966.52
6497,Zaragoza,La Romareda,Venta,Piso,224285.0,73.9,2.0,1.0,Reformado,1964-01-01,1,True,False,False,True,False,6.0,2024-12-31,40-80,3034.98
6498,Zaragoza,Zaragoza_Centro,Venta,Piso,357550.0,107.3,3.0,2.0,Buen estado,1983-01-01,4,False,False,True,True,False,5.64,2025-03-05,80-120,3332.25
6499,Zaragoza,Zaragoza_Centro,Venta,Piso,168748.0,78.6,2.0,1.0,Buen estado,1988-01-01,5,True,True,False,True,False,3.7,2025-01-29,40-80,2146.92
6500,Zaragoza,San José,Alquiler,Piso,166744.0,80.2,3.0,2.0,Reformado,1974-01-01,2,False,False,False,True,True,5.34,2024-11-12,80-120,2079.1
6501,Zaragoza,San José,Venta,Piso,316630.0,90.1,3.0,2.0,Buen estado,1967-01-01,4,False,True,False,True,False,4.56,2025-03-02,80-120,3514.21
6502,Zaragoza,Zaragoza_Centro,Alquiler,Piso,281436.0,92.7,3.0,2.0,Buen estado,1969-01-01,8,True,True,False,False,True,4.86,2024-12-15,80-120,3035.99
6503,Zaragoza,Delicias,Venta,Piso,418157.0,116.6,3.0,2.0,Obra nueva,2023-01-01,5,True,False,True,False,True,4.96,2025-02-03,80-120,3586.25
6504,Zaragoza,San José,Alquiler,Piso,187608.0,67.3,2.0,1.0,Reformado,1999-01-01,1,False,False,False,False,False,6.1,2024-12-08,40-80,2787.64
6505,Zaragoza,San José,Venta,Sin_clasificar,,,3.0,2.0,Obra nueva,2018-01-01,9,True,True,False,True,True,6.16,2024-11-01,,
6506,Zaragoza,Delicias,Venta,Piso,261368.0,101.1,3.0,2.0,Obra nueva,2022-01-01,3,True,True,False,False,True,6.01,2024-11-14,80-120,2585.24
6507,Zaragoza,La Romareda,Venta,Piso,176798.0,77.7,2.0,1.0,Obra nueva,2020-01-01,9,False,True,True,True,False,5.93,2024-11-26,40-80,2275.39
6508,Zaragoza,San José,Alquiler,Piso,183119.0,68.5,2.0,1.0,Buen estado,2003-01-01,4,True,False,False,False,False,6.53,2024-10-31,40-80,2673.27
6509,Zaragoza,La Romareda,Venta,Piso,257441.0,86.5,3.0,2.0,Buen estado,1997-01-01,8,False,True,False,True,False,5.57,2024-12-31,80-120,2976.2
6510,Zaragoza,La Romareda,Venta,Piso,245102.0,69.0,2.0,1.0,Buen estado,1969-01-01,Bajo,False,False,False,True,True,6.19,2025-01-29,40-80,3552.2
6511,Zaragoza,La Romareda,Venta,Piso,214438.0,93.6,3.0,2.0,Reformado,1963-01-01,3,False,False,True,True,True,4.72,2025-03-20,80-120,2291.0
6512,Zaragoza,La Romareda,Venta,Piso,344377.0,121.0,4.0,2.0,Reformado,1997-01-01,2,True,False,False,False,False,4.89,2024-10-11,120-160,2846.09
6513,Zaragoza,San José,Venta,Piso,207982.0,92.2,3.0,2.0,A reformar,1987-01-01,7,True,True,False,False,False,6.07,2024-11-19,80-120,2255.77
6514,Zaragoza,Zaragoza_Centro,Venta,Piso,148875.0,54.7,2.0,1.0,Buen estado,1977-01-01,4,False,False,False,False,True,4.65,2025-02-14,40-80,2721.66
6515,Zaragoza,La Romareda,Alquiler,Piso,249234.0,103.2,3.0,2.0,Buen estado,1980-01-01,Bajo,True,False,False,False,False,6.31,2025-02-03,80-120,2415.06
6516,Zaragoza,Zaragoza_Centro,Venta,Ático,242220.0,81.0,3.0,2.0,Buen estado,1993-01-01,Ático,True,False,False,False,False,1.63,2024-12-31,80-120,2990.37
6517,Zaragoza,San José,Alquiler,Piso,280638.0,93.8,3.0,2.0,Obra nueva,2022-01-01,6,True,True,True,False,True,3.32,2025-02-11,80-120,2991.88
6518,Zaragoza,San José,Venta,Piso,183790.0,71.7,2.0,1.0,Obra nueva,2019-01-01,9,True,True,True,False,False,4.87,2024-12-10,40-80,2563.32
6519,Zaragoza,Zaragoza_Centro,Venta,Piso,301756.0,95.9,3.0,2.0,Buen estado,1971-01-01,5,False,True,True,False,True,5.21,2024-12-17,80-120,3146.57
6520,Zaragoza,San José,Alquiler,Piso,236355.0,87.2,3.0,2.0,Buen estado,1997-01-01,3,False,True,True,True,False,7.1,2025-03-27,80-120,2710.49
6521,Zaragoza,Zaragoza_Centro,Alquiler,Piso,131429.0,46.2,2.0,1.0,Buen estado,1965-01-01,8,False,False,False,False,False,6.59,2024-11-09,40-80,2844.78
6522,Zaragoza,Zaragoza_Centro,Alquiler,Piso,252749.0,115.1,3.0,2.0,A reformar,1989-01-01,2,True,True,False,True,True,2.73,2025-03-08,80-120,2195.91
6523,Zaragoza,La Romareda,Venta,Piso,272425.0,81.8,3.0,2.0,Buen estado,1991-01-01,4,True,True,False,True,False,4.04,2025-02-12,80-120,3330.38
6524,Zaragoza,Zaragoza_Centro,Venta,Piso,176295.0,64.9,2.0,1.0,Buen estado,1980-01-01,4,True,True,False,True,False,3.99,2024-10-12,40-80,2716.41
6525,Zaragoza,Zaragoza_Centro,Alquiler,Piso,137020.0,56.3,2.0,1.0,Obra nueva,2022-01-01,7,True,True,True,True,False,7.43,2024-10-12,40-80,2433.75
6526,Zaragoza,Zaragoza_Centro,Venta,Piso,247508.0,99.2,3.0,2.0,Buen estado,1975-01-01,Bajo,True,True,False,True,False,5.32,2025-02-01,80-120,2495.04
6527,Zaragoza,La Romareda,Venta,Piso,219732.0,75.3,2.0,1.0,Buen estado,1975-01-01,7,True,False,False,True,False,5.94,2024-12-07,40-80,2918.09
6528,Zaragoza,Delicias,Alquiler,Piso,240181.0,91.0,3.0,2.0,Obra nueva,2022-01-01,3,True,True,True,True,True,6.41,2025-03-04,80-120,2639.35
6529,Zaragoza,Zaragoza_Centro,Venta,Piso,,77.1,2.0,1.0,Buen estado,1984-01-01,9,True,False,False,True,False,5.45,2025-02-21,40-80,
6530,Zaragoza,Delicias,Alquiler,Piso,319502.0,100.1,3.0,2.0,Buen estado,1993-01-01,3,True,True,True,False,False,5.13,2024-11-14,80-120,3191.83
6531,Zaragoza,Zaragoza_Centro,Venta,Ático,235896.0,77.4,2.0,1.0,Buen estado,1987-01-01,Ático,False,False,False,False,True,4.13,2025-02-24,40-80,3047.75
6532,Zaragoza,Delicias,Venta,Piso,244414.0,81.0,3.0,2.0,Buen estado,2001-01-01,1,False,False,False,True,False,6.28,2024-11-04,80-120,3017.46
6533,Zaragoza,Zaragoza_Centro,Alquiler,Piso,,123.1,4.0,2.0,Buen estado,1987-01-01,5,True,False,False,True,False,6.23,2025-03-11,120-160,
6534,Zaragoza,Delicias,Alquiler,Ático,258297.0,81.9,3.0,2.0,Buen estado,1965-01-01,Ático,True,False,False,False,True,3.67,2025-03-05,80-120,3153.81
6535,Zaragoza,Delicias,Venta,Piso,175408.0,50.0,2.0,1.0,Buen estado,1967-01-01,9,True,True,True,False,False,5.96,2025-03-17,40-80,3508.16
6536,Zaragoza,Zaragoza_Centro,Alquiler,Piso,322530.0,71.5,2.0,1.0,Obra nueva,2019-01-01,8,True,True,True,False,False,4.04,2025-02-24,40-80,4510.91
6537,Zaragoza,San José,Venta,Piso,295871.0,97.1,3.0,2.0,Buen estado,1998-01-01,6,True,True,False,False,True,,2024-10-18,80-120,3047.08
6538,Zaragoza,San José,Alquiler,Piso,126282.0,47.2,2.0,1.0,Buen estado,1994-01-01,5,True,True,True,False,True,6.62,2024-10-27,40-80,2675.47
6539,Zaragoza,La Romareda,Alquiler,Piso,253778.0,97.2,3.0,2.0,Buen estado,1983-01-01,3,True,True,False,True,False,6.88,2025-03-02,80-120,2610.88
6540,Zaragoza,San José,Venta,Ático,172757.0,77.1,2.0,1.0,Buen estado,1974-01-01,Ático,True,False,False,True,False,5.08,2025-04-06,40-80,2240.69
6541,Zaragoza,La Romareda,Venta,Piso,225837.0,78.9,2.0,1.0,Buen estado,1975-01-01,3,True,True,False,False,False,4.0,2024-11-19,40-80,2862.32
6542,Zaragoza,La Romareda,Venta,Piso,186903.0,63.8,2.0,1.0,Obra nueva,2023-01-01,Bajo,True,True,False,True,True,3.61,2024-11-24,40-80,2929.51
6543,Zaragoza,San José,Alquiler,Piso,338669.0,93.4,3.0,2.0,Buen estado,1971-01-01,Bajo,True,False,False,False,False,3.27,2025-02-06,80-120,3626.01
6544,Zaragoza,Zaragoza_Centro,Venta,Piso,373174.0,114.7,3.0,2.0,Buen estado,1989-01-01,5,True,True,False,False,True,6.44,2024-11-08,80-120,3253.48
6545,Zaragoza,La Romareda,Venta,Piso,206213.0,93.5,3.0,2.0,Buen estado,1997-01-01,7,False,False,False,False,True,4.42,2025-02-16,80-120,2205.49
6546,Zaragoza,San José,Venta,Piso,343382.0,90.1,3.0,2.0,Buen estado,1981-01-01,7,False,False,False,False,False,7.29,2025-02-12,80-120,3811.12
6547,Zaragoza,Zaragoza_Centro,Venta,Piso,269855.0,77.9,2.0,1.0,Obra nueva,2023-01-01,8,True,True,False,False,True,5.49,2025-02-27,40-80,3464.12
6548,Zaragoza,La Romareda,Alquiler,Piso,178967.0,78.1,2.0,1.0,Buen estado,1974-01-01,2,True,False,False,True,False,6.23,2025-02-21,40-80,2291.51
6549,Zaragoza,San José,Venta,Piso,100112.0,53.0,2.0,1.0,Buen estado,1974-01-01,8,False,False,False,True,False,5.91,2025-03-17,40-80,1888.91
6550,Zaragoza,La Romareda,Venta,Piso,190910.0,73.7,2.0,1.0,Buen estado,1983-01-01,Bajo,True,False,False,True,False,6.44,2025-01-13,40-80,2590.37
6551,Zaragoza,San José,Venta,Ático,125318.0,51.9,2.0,1.0,Buen estado,1986-01-01,Ático,True,True,False,False,True,4.42,2024-11-21,40-80,2414.61
6552,Zaragoza,Delicias,Alquiler,Piso,203433.0,84.0,3.0,2.0,Reformado,1998-01-01,6,True,False,False,True,False,4.94,2024-12-30,80-120,2421.82
6553,Zaragoza,Delicias,Alquiler,Piso,187084.0,69.9,2.0,1.0,Buen estado,1993-01-01,6,False,False,False,False,False,4.83,2024-12-20,40-80,2676.45
6554,Zaragoza,San José,Venta,Piso,214717.0,77.9,2.0,1.0,Buen estado,1993-01-01,4,False,True,False,True,True,,2024-12-28,40-80,2756.32
6555,Zaragoza,La Romareda,Venta,Piso,228226.0,78.6,2.0,1.0,Buen estado,1986-01-01,4,False,False,True,False,False,5.42,2024-12-24,40-80,2903.64
6556,Zaragoza,La Romareda,Alquiler,Piso,239509.0,93.1,3.0,2.0,Obra nueva,2023-01-01,9,True,False,False,True,True,,2025-03-04,80-120,2572.6
6557,Zaragoza,Zaragoza_Centro,Alquiler,Piso,407957.0,120.9,4.0,2.0,Buen estado,1995-01-01,1,True,False,False,False,True,6.21,,120-160,3374.33
6558,Zaragoza,Zaragoza_Centro,Venta,Piso,160296.0,61.2,2.0,1.0,Reformado,1995-01-01,3,True,False,False,False,False,6.31,2025-02-25,40-80,2619.22
6559,Zaragoza,Delicias,Venta,Piso,218283.0,79.2,2.0,1.0,Buen estado,1977-01-01,6,False,True,False,False,True,5.37,2025-02-12,40-80,2756.1
6560,Zaragoza,Zaragoza_Centro,Venta,Piso,233018.0,81.1,3.0,2.0,Buen estado,1976-01-01,8,True,True,True,False,False,,2024-10-11,80-120,2873.22
6561,Zaragoza,La Romareda,Venta,Estudio,109138.0,38.2,0.0,1.0,Buen estado,1961-01-01,9,True,True,False,True,False,5.24,2024-12-05,0-40,2857.02
6562,Zaragoza,Delicias,Venta,Piso,164926.0,52.9,2.0,1.0,Buen estado,1972-01-01,7,True,False,False,False,True,4.77,,40-80,3117.69
6563,Zaragoza,San José,Venta,Estudio,61013.0,30.0,0.0,1.0,Buen estado,1990-01-01,5,False,True,False,True,False,6.88,2025-01-13,0-40,2033.77
6564,Zaragoza,La Romareda,Venta,Piso,184273.0,52.0,2.0,1.0,Obra nueva,2022-01-01,2,True,True,True,True,True,5.18,2024-12-10,40-80,3543.71
6565,Zaragoza,Delicias,Venta,Piso,255721.0,80.3,3.0,2.0,Buen estado,2000-01-01,5,True,False,True,False,False,4.18,2025-02-01,80-120,3184.57
6566,Zaragoza,Zaragoza_Centro,Venta,Piso,211788.0,68.3,2.0,1.0,Reformado,1963-01-01,5,True,False,True,False,False,8.62,2025-02-06,40-80,3100.85
6567,Zaragoza,La Romareda,Venta,Ático,117695.0,41.7,2.0,1.0,Buen estado,1969-01-01,Ático,True,False,False,True,True,,2024-11-29,40-80,2822.42
6568,Zaragoza,La Romareda,Alquiler,Piso,301257.0,98.5,3.0,2.0,Obra nueva,2019-01-01,7,False,True,False,True,False,5.14,2024-10-31,80-120,3058.45
6569,Zaragoza,San José,Venta,Piso,292842.0,100.8,3.0,2.0,Buen estado,1981-01-01,2,True,False,False,False,False,5.46,2025-04-03,80-120,2905.18
6570,Zaragoza,San José,Venta,Estudio,83944.0,36.6,0.0,1.0,Obra nueva,2021-01-01,6,False,False,False,False,True,4.4,2024-11-24,0-40,2293.55
6571,Zaragoza,La Romareda,Venta,Sin_clasificar,,,2.0,2.0,Buen estado,1983-01-01,5,True,False,False,False,False,6.01,2025-03-24,,
6572,Zaragoza,Delicias,Venta,Piso,366243.0,113.9,3.0,2.0,Obra nueva,2023-01-01,2,True,True,True,False,True,6.58,2025-01-22,80-120,3215.48
6573,Zaragoza,Zaragoza_Centro,Venta,Estudio,126074.0,37.7,0.0,1.0,Reformado,1997-01-01,9,True,True,False,False,False,5.57,2024-11-17,0-40,3344.14
6574,Zaragoza,La Romareda,Alquiler,Piso,236150.0,86.5,3.0,2.0,Buen estado,1968-01-01,2,True,True,False,False,False,,2025-04-06,80-120,2730.06
6575,Zaragoza,La Romareda,Venta,Piso,260406.0,96.6,3.0,2.0,Buen estado,1962-01-01,6,True,True,False,False,False,4.92,2024-11-25,80-120,2695.71
6576,Zaragoza,Delicias,Venta,Piso,291099.0,90.7,3.0,2.0,Reformado,1978-01-01,1,False,False,False,True,False,5.98,2025-02-14,80-120,3209.47
6577,Zaragoza,Delicias,Venta,Piso,293028.0,103.5,3.0,2.0,Buen estado,1995-01-01,8,True,True,True,True,False,5.7,,80-120,2831.19
6578,Zaragoza,La Romareda,Venta,Piso,315376.0,95.6,3.0,2.0,Reformado,1975-01-01,3,False,False,False,False,False,7.59,2024-10-30,80-120,3298.91
6579,Zaragoza,Delicias,Alquiler,Piso,289734.0,83.0,3.0,2.0,Buen estado,1960-01-01,6,False,False,False,True,False,5.37,,80-120,3490.77
6580,Zaragoza,Zaragoza_Centro,Venta,Piso,202790.0,65.5,2.0,1.0,Buen estado,1964-01-01,6,True,False,False,True,False,3.57,2025-02-07,40-80,3096.03
6581,Zaragoza,La Romareda,Venta,Piso,227639.0,84.8,3.0,2.0,Buen estado,1974-01-01,4,False,False,False,True,False,5.98,2025-01-31,80-120,2684.42
6582,Zaragoza,San José,Venta,Piso,188973.0,69.8,2.0,1.0,Obra nueva,2022-01-01,9,True,True,False,True,False,5.28,2025-01-28,40-80,2707.35
6583,Zaragoza,La Romareda,Venta,Piso,189827.0,66.1,2.0,1.0,Obra nueva,2020-01-01,Bajo,True,False,True,True,True,5.42,2025-02-20,40-80,2871.82
6584,Zaragoza,San José,Venta,Piso,140708.0,63.7,2.0,1.0,Reformado,1962-01-01,5,False,False,False,True,False,2.68,2025-01-15,40-80,2208.92
6585,Zaragoza,Delicias,Alquiler,Sin_clasificar,,,4.0,2.0,Buen estado,1982-01-01,Bajo,True,False,False,False,False,4.42,2025-04-02,,
6586,Zaragoza,La Romareda,Venta,Piso,205606.0,59.4,2.0,1.0,Reformado,2001-01-01,8,False,True,False,False,True,5.76,2025-01-29,40-80,3461.38
6587,Zaragoza,La Romareda,Venta,Piso,299673.0,112.7,3.0,2.0,Buen estado,1969-01-01,6,True,False,False,False,False,4.09,2025-02-05,80-120,2659.03
6588,Zaragoza,La Romareda,Venta,Piso,158263.0,51.3,2.0,1.0,Buen estado,1978-01-01,Bajo,True,False,False,False,False,2.07,,40-80,3085.05
6589,Zaragoza,Delicias,Venta,Piso,326713.0,83.6,3.0,2.0,Buen estado,2003-01-01,6,True,False,True,False,False,6.33,2024-11-16,80-120,3908.05
6590,Zaragoza,Zaragoza_Centro,Venta,Piso,260645.0,68.8,2.0,1.0,Reformado,1990-01-01,4,True,True,False,False,True,3.35,2025-03-13,40-80,3788.44
6591,Zaragoza,Zaragoza_Centro,Venta,Piso,163504.0,52.0,2.0,1.0,Obra nueva,2023-01-01,7,True,True,False,True,False,6.21,,40-80,3144.31
6592,Zaragoza,Zaragoza_Centro,Venta,Piso,205349.0,73.2,2.0,1.0,A reformar,1993-01-01,4,True,False,False,True,False,4.22,2025-03-24,40-80,2805.31
6593,Zaragoza,La Romareda,Alquiler,Piso,183295.0,88.4,3.0,2.0,Buen estado,1981-01-01,1,False,True,False,False,True,4.74,2024-10-24,80-120,2073.47
6594,Zaragoza,Zaragoza_Centro,Venta,Piso,143832.0,66.1,2.0,1.0,Buen estado,1964-01-01,2,False,True,False,True,True,4.15,2024-11-14,40-80,2175.98
6595,Zaragoza,Delicias,Venta,Piso,209193.0,88.6,3.0,2.0,Buen estado,1990-01-01,Bajo,False,True,False,False,False,5.03,2025-02-22,80-120,2361.09
6596,Zaragoza,Delicias,Venta,Piso,310116.0,109.1,3.0,2.0,Reformado,1968-01-01,6,True,False,False,False,False,5.39,2024-11-16,80-120,2842.49
6597,Zaragoza,La Romareda,Alquiler,Ático,228784.0,85.7,3.0,2.0,Obra nueva,2018-01-01,Ático,True,True,False,True,False,4.75,2024-10-09,80-120,2669.59
6598,Zaragoza,Delicias,Venta,Piso,339849.0,114.6,3.0,2.0,Buen estado,1996-01-01,6,False,False,False,False,False,,2024-10-20,80-120,2965.52
6599,Zaragoza,Zaragoza_Centro,Venta,Piso,242035.0,77.1,2.0,1.0,Buen estado,1985-01-01,6,True,False,False,False,False,4.57,2025-03-09,40-80,3139.23
6600,Zaragoza,Zaragoza_Centro,Venta,Piso,258476.0,107.1,3.0,2.0,Buen estado,1962-01-01,5,False,True,True,False,True,3.14,2024-11-29,80-120,2413.41
6601,Zaragoza,Zaragoza_Centro,Alquiler,Piso,314327.0,108.7,3.0,2.0,Reformado,1981-01-01,2,True,True,False,True,True,6.6,2024-12-27,80-120,2891.69
6602,Zaragoza,Delicias,Venta,Sin_clasificar,,,1.0,1.0,Buen estado,1980-01-01,7,True,True,False,False,False,5.77,2025-02-25,,
6603,Zaragoza,Delicias,Venta,Sin_clasificar,,,1.0,1.0,Reformado,1972-01-01,2,True,True,False,False,False,4.93,2024-10-28,,
6604,Zaragoza,San José,Venta,Piso,249776.0,93.2,3.0,2.0,Reformado,2006-01-01,4,True,False,True,True,False,1.24,2024-11-17,80-120,2680.0
6605,Zaragoza,La Romareda,Alquiler,Piso,597790.0,203.85,6.0,3.0,Buen estado,1997-01-01,4,True,True,False,False,False,6.35,2024-10-12,200-240,2932.5
6606,Zaragoza,San José,Venta,Ático,214995.0,87.2,3.0,2.0,Reformado,1965-01-01,Ático,False,True,False,False,True,4.87,2025-02-04,80-120,2465.54
6607,Zaragoza,La Romareda,Venta,Ático,474316.0,121.6,4.0,2.0,Buen estado,1970-01-01,Ático,True,True,False,True,False,7.03,2025-03-26,120-160,3900.62
6608,Zaragoza,Zaragoza_Centro,Alquiler,Piso,140792.0,52.3,2.0,1.0,Obra nueva,2021-01-01,6,True,True,True,False,False,4.3,2025-01-30,40-80,2692.01
6609,Zaragoza,Zaragoza_Centro,Venta,Ático,213163.0,67.4,2.0,1.0,Reformado,1969-01-01,Ático,True,True,False,False,False,6.35,2024-11-28,40-80,3162.66
6610,Zaragoza,Zaragoza_Centro,Venta,Piso,252375.0,79.7,2.0,1.0,Buen estado,2000-01-01,5,False,False,True,False,True,5.17,2025-01-08,40-80,3166.56
6611,Zaragoza,Delicias,Alquiler,Piso,348602.0,106.3,3.0,2.0,Buen estado,1997-01-01,8,True,False,False,False,False,2.63,2025-04-04,80-120,3279.42
6612,Zaragoza,La Romareda,Venta,Piso,243576.0,75.2,2.0,1.0,Buen estado,1974-01-01,Bajo,True,False,False,False,False,5.93,2024-11-24,40-80,3239.04
6613,Zaragoza,Zaragoza_Centro,Venta,Estudio,81204.0,30.0,0.0,1.0,Buen estado,1961-01-01,9,True,True,False,False,False,,2025-04-01,0-40,2706.8
6614,Zaragoza,Delicias,Venta,Piso,205472.0,79.7,2.0,1.0,Reformado,1999-01-01,8,True,False,False,True,False,2.42,2024-10-09,40-80,2578.07
6615,Zaragoza,Zaragoza_Centro,Alquiler,Piso,132674.0,58.2,2.0,1.0,Buen estado,1992-01-01,2,True,False,False,True,False,7.47,2025-01-02,40-80,2279.62
6616,Zaragoza,Zaragoza_Centro,Alquiler,Piso,114899.0,55.6,2.0,1.0,Buen estado,1970-01-01,3,True,False,False,False,False,4.97,2024-11-12,40-80,2066.53
6617,Zaragoza,Delicias,Alquiler,Piso,,70.6,2.0,1.0,Buen estado,1967-01-01,9,True,True,False,False,True,5.82,2024-12-23,40-80,
6618,Zaragoza,La Romareda,Venta,Piso,254147.0,64.9,2.0,1.0,Buen estado,1954-01-01,2,True,True,True,False,False,5.83,2025-01-10,40-80,3915.98
6619,Zaragoza,Zaragoza_Centro,Alquiler,Piso,105691.0,54.2,2.0,1.0,Buen estado,1954-01-01,6,True,False,False,False,False,5.98,2024-11-16,40-80,1950.02
6620,Zaragoza,La Romareda,Venta,Piso,191291.0,69.0,2.0,1.0,Buen estado,1979-01-01,Bajo,True,True,False,True,False,5.01,2025-03-31,40-80,2772.33
6621,Zaragoza,La Romareda,Venta,Piso,252450.0,87.0,3.0,2.0,Buen estado,2019-01-01,9,True,True,False,True,False,5.34,2025-03-07,80-120,2901.72
6622,Zaragoza,Delicias,Venta,Piso,273039.0,104.4,3.0,2.0,Obra nueva,2023-01-01,8,True,True,False,True,False,5.04,2024-10-13,80-120,2615.32
6623,Zaragoza,La Romareda,Venta,Piso,129204.0,47.4,2.0,1.0,Buen estado,1994-01-01,4,True,False,False,False,False,5.3,2024-11-02,40-80,2725.82
6624,Zaragoza,Delicias,Venta,Ático,190987.0,59.8,2.0,1.0,Obra nueva,2022-01-01,Ático,True,False,True,False,True,2.43,2024-10-20,40-80,3193.76
6625,Zaragoza,Delicias,Alquiler,Piso,,98.4,3.0,2.0,Buen estado,1991-01-01,4,True,False,True,True,False,7.04,2025-03-29,80-120,
6626,Zaragoza,San José,Venta,Piso,234264.0,102.2,3.0,2.0,Buen estado,1989-01-01,5,True,False,False,True,False,5.82,2024-11-08,80-120,2292.21
6627,Zaragoza,La Romareda,Alquiler,Piso,180591.0,62.9,2.0,1.0,Buen estado,1969-01-01,Bajo,False,False,False,False,False,5.08,2025-03-15,40-80,2871.08
6628,Zaragoza,Zaragoza_Centro,Venta,Piso,,70.6,2.0,1.0,Buen estado,1980-01-01,3,True,True,False,False,False,7.39,2025-03-03,40-80,
6629,Zaragoza,Zaragoza_Centro,Venta,Piso,186546.0,75.6,2.0,1.0,Buen estado,2011-01-01,4,False,True,False,False,True,8.43,2024-10-11,40-80,2467.54
6630,Zaragoza,Zaragoza_Centro,Venta,Ático,352546.0,85.0,3.0,2.0,Buen estado,1970-01-01,Ático,True,True,False,True,True,4.15,2025-02-15,80-120,4147.6
6631,Zaragoza,Delicias,Alquiler,Piso,315413.0,124.6,4.0,2.0,Buen estado,1963-01-01,7,True,True,True,False,False,5.78,2024-12-01,120-160,2531.4
6632,Zaragoza,San José,Venta,Piso,341843.0,98.6,3.0,2.0,Buen estado,1965-01-01,6,False,True,False,True,True,7.38,2024-10-10,80-120,3466.97
6633,Zaragoza,San José,Venta,Piso,132220.0,48.4,2.0,1.0,Obra nueva,2020-01-01,7,True,False,False,False,False,,2024-12-15,40-80,2731.82
6634,Zaragoza,Zaragoza_Centro,Venta,Piso,96173.0,44.2,2.0,1.0,Buen estado,1999-01-01,3,True,True,True,True,False,3.43,2025-01-28,40-80,2175.86
6635,Zaragoza,La Romareda,Venta,Piso,187336.0,69.7,2.0,1.0,Obra nueva,2019-01-01,8,True,True,False,True,False,6.93,2025-03-31,40-80,2687.75
6636,Zaragoza,Delicias,Venta,Piso,230634.0,78.8,2.0,1.0,Buen estado,1996-01-01,5,True,False,False,False,False,,2024-11-07,40-80,2926.83
6637,Zaragoza,San José,Venta,Piso,220752.0,71.5,2.0,1.0,Obra nueva,2020-01-01,7,True,True,False,True,True,2.44,2025-01-29,40-80,3087.44
6638,Zaragoza,Delicias,Venta,Piso,209540.0,83.9,3.0,2.0,Buen estado,1965-01-01,4,True,True,False,True,False,3.87,2025-03-01,80-120,2497.5
6639,Zaragoza,Zaragoza_Centro,Venta,Piso,199405.0,80.8,3.0,2.0,Buen estado,1965-01-01,6,True,False,False,True,True,4.35,2025-02-06,80-120,2467.88
6640,Zaragoza,Zaragoza_Centro,Venta,Piso,163645.0,54.9,2.0,1.0,Obra nueva,2022-01-01,1,True,True,False,True,True,1.82,2024-12-11,40-80,2980.78
6641,Zaragoza,Delicias,Venta,Piso,100623.0,41.2,2.0,1.0,Buen estado,1991-01-01,9,True,True,False,False,True,3.9,2025-02-17,40-80,2442.31
6642,Zaragoza,La Romareda,Alquiler,Estudio,109552.0,33.6,0.0,1.0,Buen estado,1997-01-01,9,True,True,False,False,False,5.11,2025-01-08,0-40,3260.48
6643,Zaragoza,La Romareda,Venta,Piso,181681.0,68.9,2.0,1.0,Buen estado,1966-01-01,6,True,True,False,False,True,5.49,2024-10-19,40-80,2636.88
6644,Zaragoza,Delicias,Venta,Piso,210039.0,70.9,2.0,1.0,Buen estado,2007-01-01,7,True,False,False,False,False,5.09,2024-12-08,40-80,2962.47
6645,Zaragoza,Delicias,Alquiler,Piso,167861.0,64.6,2.0,1.0,Buen estado,1991-01-01,9,True,False,False,False,True,6.76,2025-03-12,40-80,2598.47
6646,Zaragoza,San José,Alquiler,Piso,,67.2,2.0,1.0,A reformar,1966-01-01,4,False,True,False,True,False,,2025-02-11,40-80,
6647,Zaragoza,La Romareda,Venta,Piso,214792.0,98.5,3.0,2.0,Reformado,2000-01-01,Bajo,True,False,False,False,False,3.57,2024-12-18,80-120,2180.63
6648,Zaragoza,Zaragoza_Centro,Venta,Piso,282573.0,108.1,3.0,2.0,Buen estado,1986-01-01,9,True,True,True,True,False,7.4,2024-12-27,80-120,2614.0
6649,Zaragoza,Delicias,Alquiler,Piso,144298.0,90.1,3.0,2.0,Reformado,1982-01-01,9,False,True,False,False,False,2.69,2025-02-08,80-120,1601.53
6650,Zaragoza,San José,Venta,Ático,305895.0,101.2,3.0,2.0,Obra nueva,2018-01-01,Ático,True,False,False,True,True,4.86,2024-11-29,80-120,3022.68
6651,Zaragoza,Delicias,Venta,Piso,197807.0,74.9,2.0,1.0,Reformado,1995-01-01,6,True,False,False,False,True,5.7,,40-80,2640.95
6652,Zaragoza,Zaragoza_Centro,Alquiler,Piso,232129.0,67.5,2.0,1.0,Obra nueva,2020-01-01,1,True,True,False,True,False,4.0,2025-04-07,40-80,3438.95
6653,Zaragoza,San José,Alquiler,Piso,197195.0,88.2,3.0,2.0,Buen estado,1993-01-01,4,False,True,False,True,False,5.5,2024-12-02,80-120,2235.77
6654,Zaragoza,Zaragoza_Centro,Venta,Sin_clasificar,,,6.0,1.0,Buen estado,1958-01-01,1,False,True,False,False,False,3.82,2025-04-02,,
6655,Zaragoza,San José,Venta,Piso,261746.0,96.7,3.0,2.0,Buen estado,1978-01-01,6,True,True,True,True,True,4.15,2025-03-05,80-120,2706.78
6656,Zaragoza,Zaragoza_Centro,Venta,Piso,319943.0,117.9,3.0,2.0,Buen estado,1969-01-01,6,False,False,False,True,True,5.86,2024-12-11,80-120,2713.68
6657,Zaragoza,Delicias,Alquiler,Piso,251499.0,78.5,2.0,1.0,Buen estado,1987-01-01,5,True,False,False,True,False,5.91,2025-01-29,40-80,3203.81
6658,Zaragoza,San José,Venta,Piso,259246.0,75.9,2.0,1.0,Reformado,1980-01-01,6,True,False,True,False,True,7.16,2024-12-31,40-80,3415.63
6659,Zaragoza,San José,Venta,Piso,280913.0,93.4,3.0,2.0,Buen estado,1962-01-01,2,True,True,True,False,False,4.7,2025-03-08,80-120,3007.63
6660,Zaragoza,Zaragoza_Centro,Venta,Ático,166569.0,58.9,2.0,1.0,Buen estado,1977-01-01,Ático,False,False,False,False,False,4.67,2025-02-22,40-80,2828.0
6661,Zaragoza,Delicias,Alquiler,Ático,372222.0,98.5,3.0,2.0,Buen estado,2017-01-01,Ático,False,False,False,True,False,3.4,2025-03-07,80-120,3778.9
6662,Zaragoza,Zaragoza_Centro,Venta,Piso,250607.0,81.7,3.0,2.0,Buen estado,1997-01-01,4,False,True,False,False,True,4.11,2024-11-03,80-120,3067.41
6663,Zaragoza,Delicias,Venta,Piso,195733.0,84.9,3.0,2.0,Buen estado,2018-01-01,5,True,True,False,True,True,4.93,,80-120,2305.45
6664,Zaragoza,San José,Alquiler,Piso,239602.0,117.2,3.0,2.0,Obra nueva,2019-01-01,7,True,True,False,True,True,5.31,2025-01-23,80-120,2044.39
6665,Zaragoza,La Romareda,Venta,Piso,219504.0,74.7,2.0,1.0,Buen estado,1961-01-01,7,False,True,False,False,False,,2024-10-14,40-80,2938.47
6666,Zaragoza,San José,Alquiler,Piso,296792.0,92.5,3.0,2.0,Buen estado,1968-01-01,4,False,True,False,False,False,4.22,2024-12-13,80-120,3208.56
6667,Zaragoza,Zaragoza_Centro,Venta,Piso,161367.0,67.5,2.0,1.0,Buen estado,1997-01-01,4,False,True,True,True,False,6.8,2024-10-18,40-80,2390.62
6668,Zaragoza,San José,Venta,Piso,316381.0,90.7,3.0,2.0,Buen estado,1979-01-01,1,False,False,False,True,False,4.91,2024-10-22,80-120,3488.21
6669,Zaragoza,San José,Venta,Piso,336094.0,115.1,3.0,2.0,Buen estado,1974-01-01,9,True,False,False,False,False,8.48,,80-120,2920.02
6670,Zaragoza,La Romareda,Venta,Piso,230945.0,72.7,2.0,1.0,Buen estado,1988-01-01,8,True,False,False,False,True,3.5,2025-02-14,40-80,3176.69
6671,Zaragoza,Delicias,Alquiler,Piso,248414.0,99.4,3.0,2.0,Buen estado,1996-01-01,3,False,True,False,False,True,5.39,2024-12-16,80-120,2499.13
6672,Zaragoza,Delicias,Alquiler,Piso,286021.0,89.8,3.0,2.0,Buen estado,1976-01-01,9,False,True,False,False,True,4.8,2024-11-16,80-120,3185.09
6673,Zaragoza,Delicias,Venta,Piso,220337.0,79.4,2.0,1.0,Reformado,1988-01-01,7,False,False,False,False,True,6.01,2025-04-03,40-80,2775.03
6674,Zaragoza,La Romareda,Alquiler,Piso,179310.0,61.6,2.0,1.0,Obra nueva,2020-01-01,4,False,True,True,True,True,4.88,2025-01-31,40-80,2910.88
6675,Zaragoza,Delicias,Venta,Ático,198138.0,64.5,2.0,1.0,Obra nueva,2023-01-01,Ático,True,False,False,False,False,5.41,2024-12-10,40-80,3071.91
6676,Zaragoza,San José,Alquiler,Piso,126519.0,44.9,2.0,1.0,Obra nueva,2020-01-01,3,True,True,True,False,False,4.75,2025-03-08,40-80,2817.8
6677,Zaragoza,La Romareda,Venta,Piso,221839.0,75.8,2.0,1.0,Buen estado,1997-01-01,6,True,False,False,True,False,6.74,2025-04-04,40-80,2926.64
6678,Zaragoza,San José,Venta,Piso,,78.9,2.0,1.0,Buen estado,1999-01-01,6,False,True,False,True,True,6.08,2024-10-09,40-80,
6679,Zaragoza,Zaragoza_Centro,Venta,Piso,,64.9,2.0,1.0,Obra nueva,2020-01-01,Bajo,True,False,True,False,True,5.84,2024-11-18,40-80,
6680,Zaragoza,Delicias,Venta,Piso,286467.0,80.7,3.0,2.0,Buen estado,1984-01-01,1,False,False,False,True,False,,2024-11-29,80-120,3549.78
6681,Zaragoza,Zaragoza_Centro,Venta,Piso,214759.0,73.9,2.0,1.0,Buen estado,1967-01-01,5,False,False,False,True,False,4.53,2024-11-15,40-80,2906.08
6682,Zaragoza,San José,Alquiler,Piso,268087.0,97.9,3.0,2.0,Buen estado,1987-01-01,2,False,False,False,False,True,3.54,2025-01-31,80-120,2738.38
6683,Zaragoza,San José,Venta,Piso,120826.0,60.7,2.0,1.0,Obra nueva,2020-01-01,Bajo,True,True,True,False,True,4.88,2025-01-22,40-80,1990.54
6684,Zaragoza,Delicias,Venta,Piso,251584.0,73.7,2.0,1.0,Buen estado,1983-01-01,9,False,False,False,True,True,,2024-10-15,40-80,3413.62
6685,Zaragoza,Delicias,Venta,Piso,308688.0,92.2,3.0,2.0,Buen estado,2007-01-01,6,True,True,False,True,False,6.2,2025-02-04,80-120,3348.03
6686,Zaragoza,San José,Venta,Piso,126828.0,59.5,2.0,1.0,Obra nueva,2021-01-01,Bajo,False,True,False,False,True,4.43,2024-11-14,40-80,2131.56
6687,Zaragoza,Delicias,Venta,Piso,191112.0,88.3,3.0,2.0,Buen estado,1964-01-01,3,True,True,False,False,False,5.14,2025-03-05,80-120,2164.35
6688,Zaragoza,Zaragoza_Centro,Venta,Piso,231986.0,76.0,2.0,1.0,Buen estado,1990-01-01,7,False,True,False,True,True,3.16,2024-11-10,40-80,3052.45
6689,Zaragoza,Delicias,Venta,Sin_clasificar,,,1.0,2.0,Buen estado,1963-01-01,7,True,False,False,True,False,4.64,2025-02-17,,
6690,Zaragoza,La Romareda,Alquiler,Piso,137445.0,74.0,2.0,1.0,Buen estado,1987-01-01,9,True,True,True,True,False,3.47,2024-10-14,40-80,1857.36
6691,Zaragoza,San José,Venta,Piso,115405.0,48.1,2.0,1.0,Obra nueva,2023-01-01,5,True,True,True,True,True,5.86,2024-10-17,40-80,2399.27
6692,Zaragoza,La Romareda,Venta,Piso,325639.0,90.2,3.0,2.0,Buen estado,1969-01-01,9,True,False,True,False,False,6.77,2025-02-06,80-120,3610.19
6693,Zaragoza,La Romareda,Venta,Piso,164618.0,68.5,2.0,1.0,Obra nueva,2023-01-01,Bajo,False,True,True,False,False,3.46,2025-01-27,40-80,2403.18
6694,Zaragoza,San José,Venta,Ático,174498.0,89.1,3.0,2.0,Buen estado,1992-01-01,Ático,True,False,True,False,True,4.67,2024-10-10,80-120,1958.45
6695,Zaragoza,Delicias,Venta,Ático,181341.0,76.5,2.0,1.0,Buen estado,1980-01-01,Ático,False,True,False,True,False,3.91,2025-03-24,40-80,2370.47
6696,Zaragoza,Zaragoza_Centro,Venta,Piso,201623.0,86.7,3.0,2.0,Buen estado,1990-01-01,3,False,False,True,False,False,5.98,2025-01-02,80-120,2325.52
6697,Zaragoza,La Romareda,Alquiler,Piso,187974.0,75.1,2.0,1.0,Buen estado,1988-01-01,6,True,False,True,False,True,6.32,2024-10-27,40-80,2502.98
6698,Zaragoza,San José,Venta,Piso,293222.0,77.9,2.0,1.0,Buen estado,1982-01-01,1,True,False,False,False,False,4.82,2024-12-09,40-80,3764.08
6699,Zaragoza,Zaragoza_Centro,Alquiler,Estudio,112139.0,38.4,0.0,1.0,Buen estado,1957-01-01,3,False,False,True,True,True,2.22,2025-01-13,0-40,2920.29
6700,Zaragoza,San José,Alquiler,Piso,285721.0,99.7,3.0,2.0,Reformado,1978-01-01,8,True,True,False,False,False,1.94,2025-01-15,80-120,2865.81
6701,Zaragoza,Delicias,Venta,Piso,166673.0,58.6,2.0,1.0,Buen estado,1964-01-01,1,True,False,False,True,False,4.31,2024-12-28,40-80,2844.25
6702,Zaragoza,Zaragoza_Centro,Venta,Piso,200116.0,65.4,2.0,1.0,Obra nueva,2023-01-01,5,True,True,False,True,True,7.87,2025-02-13,40-80,3059.88
6703,Zaragoza,Zaragoza_Centro,Venta,Piso,127312.0,95.6,3.0,2.0,Buen estado,2000-01-01,5,True,False,True,False,False,2.74,2024-10-18,80-120,1331.72
6704,Zaragoza,San José,Venta,Piso,274896.0,79.2,2.0,1.0,Buen estado,1946-01-01,1,False,False,False,False,False,5.99,2024-11-10,40-80,3470.91
6705,Zaragoza,La Romareda,Venta,Piso,,120.0,4.0,2.0,Buen estado,2002-01-01,8,True,False,True,False,False,4.01,2025-03-08,120-160,
6706,Zaragoza,San José,Venta,Piso,140273.0,69.5,2.0,1.0,Buen estado,1963-01-01,6,False,False,True,False,False,3.2,2025-03-10,40-80,2018.32
6707,Zaragoza,La Romareda,Alquiler,Piso,160484.0,73.0,2.0,1.0,Buen estado,1966-01-01,Bajo,False,False,False,False,False,7.76,2025-01-15,40-80,2198.41
6708,Zaragoza,La Romareda,Venta,Piso,209922.0,76.1,2.0,1.0,Buen estado,1996-01-01,7,True,True,True,True,False,5.06,2025-03-08,40-80,2758.5
6709,Zaragoza,San José,Venta,Piso,318519.0,92.5,3.0,2.0,Reformado,1970-01-01,3,True,False,False,True,False,8.66,2025-02-07,80-120,3443.45
6710,Zaragoza,Delicias,Venta,Piso,179328.0,76.0,2.0,1.0,Obra nueva,2019-01-01,7,False,True,True,True,True,2.11,2024-11-28,40-80,2359.58
6711,Zaragoza,Delicias,Alquiler,Piso,203475.0,80.7,3.0,2.0,Reformado,1980-01-01,8,True,True,False,False,False,5.61,2025-03-23,80-120,2521.38
6712,Zaragoza,Zaragoza_Centro,Venta,Piso,258252.0,93.2,3.0,2.0,Buen estado,2007-01-01,2,True,False,False,True,False,1.9,,80-120,2770.94
6713,Zaragoza,La Romareda,Alquiler,Estudio,87074.0,30.4,0.0,1.0,Buen estado,1996-01-01,4,False,False,False,False,False,5.24,2025-04-01,0-40,2864.28
6714,Zaragoza,San José,Venta,Piso,300182.0,97.5,3.0,2.0,Buen estado,1986-01-01,6,True,True,True,False,True,3.91,2025-01-02,80-120,3078.79
6715,Zaragoza,La Romareda,Venta,Piso,379393.0,126.9,4.0,2.0,Obra nueva,2020-01-01,7,True,True,True,True,True,3.61,2024-10-19,120-160,2989.7
6716,Zaragoza,Zaragoza_Centro,Alquiler,Sin_clasificar,,,2.0,1.0,Buen estado,1965-01-01,1,False,True,False,False,True,7.49,2024-11-20,,
6717,Zaragoza,San José,Venta,Piso,253999.0,95.7,3.0,2.0,Buen estado,1981-01-01,8,False,True,False,True,False,5.74,2025-03-11,80-120,2654.12
6718,Zaragoza,Delicias,Venta,Piso,335125.0,120.8,4.0,2.0,Reformado,1977-01-01,8,False,False,False,True,False,,2025-03-28,120-160,2774.21
6719,Zaragoza,Zaragoza_Centro,Alquiler,Piso,226564.0,63.4,2.0,1.0,Buen estado,1979-01-01,7,False,True,False,False,False,6.12,2025-03-11,40-80,3573.56
6720,Zaragoza,La Romareda,Venta,Piso,243386.0,72.5,2.0,1.0,Reformado,1980-01-01,5,True,False,False,True,True,6.17,2025-02-17,40-80,3357.05
6721,Zaragoza,Zaragoza_Centro,Venta,Piso,,75.7,2.0,1.0,A reformar,1987-01-01,Bajo,False,False,False,False,False,4.1,2025-02-25,40-80,
6722,Zaragoza,Zaragoza_Centro,Venta,Piso,246962.0,84.0,3.0,2.0,Buen estado,1974-01-01,Bajo,True,True,False,True,False,4.76,2025-01-04,80-120,2940.02
6723,Zaragoza,Zaragoza_Centro,Venta,Piso,216091.0,76.7,2.0,1.0,Buen estado,1997-01-01,Bajo,False,False,False,False,False,4.79,2025-01-03,40-80,2817.35
6724,Zaragoza,San José,Alquiler,Ático,251178.0,111.2,3.0,2.0,Buen estado,1978-01-01,Ático,True,True,False,True,False,3.13,2025-02-18,80-120,2258.79
6725,Zaragoza,San José,Alquiler,Piso,,76.1,2.0,1.0,Buen estado,1976-01-01,2,True,True,False,True,False,4.91,2024-11-05,40-80,
6726,Zaragoza,La Romareda,Alquiler,Piso,222502.0,90.5,3.0,2.0,Obra nueva,2022-01-01,4,True,False,True,True,True,5.96,2025-01-24,80-120,2458.59
6727,Zaragoza,Zaragoza_Centro,Alquiler,Piso,279538.0,75.7,2.0,1.0,Buen estado,1989-01-01,4,False,True,False,False,False,5.63,,40-80,3692.71
6728,Zaragoza,San José,Alquiler,Piso,562660.0,95.1,3.0,2.0,Buen estado,1976-01-01,1,True,False,True,True,False,8.44,2024-11-16,80-120,5916.51
6729,Zaragoza,Delicias,Venta,Piso,248549.0,88.3,3.0,2.0,Buen estado,1978-01-01,2,True,True,False,False,True,7.42,2024-10-22,80-120,2814.82
6730,Zaragoza,San José,Alquiler,Piso,,75.1,2.0,1.0,Buen estado,1969-01-01,8,False,True,False,True,False,3.06,2024-12-15,40-80,
6731,Zaragoza,Delicias,Venta,Piso,230574.0,101.7,3.0,2.0,Buen estado,1957-01-01,9,True,False,False,True,True,6.03,2024-11-16,80-120,2267.2
6732,Zaragoza,Zaragoza_Centro,Venta,Piso,351664.0,113.6,3.0,2.0,Obra nueva,2023-01-01,6,True,True,True,True,True,6.14,2025-01-11,80-120,3095.63
6733,Zaragoza,San José,Alquiler,Piso,240474.0,84.7,3.0,2.0,Obra nueva,2018-01-01,6,True,True,True,True,False,8.33,2025-01-17,80-120,2839.13
6734,Zaragoza,Delicias,Venta,Piso,208578.0,66.8,2.0,1.0,Buen estado,1953-01-01,1,True,False,False,False,False,5.7,2024-12-02,40-80,3122.43
6735,Zaragoza,Zaragoza_Centro,Venta,Piso,311306.0,103.0,3.0,2.0,Buen estado,1958-01-01,Bajo,True,True,True,False,True,4.58,2024-12-25,80-120,3022.39
6736,Zaragoza,La Romareda,Alquiler,Ático,312488.0,100.5,3.0,2.0,Obra nueva,2020-01-01,Ático,True,False,False,False,True,4.68,2024-11-03,80-120,3109.33
6737,Zaragoza,San José,Venta,Piso,217252.0,75.3,2.0,1.0,Buen estado,2012-01-01,9,True,False,True,False,True,3.3,2024-12-30,40-80,2885.15
6738,Zaragoza,La Romareda,Alquiler,Piso,335192.0,100.8,3.0,2.0,Buen estado,1991-01-01,3,True,False,False,True,False,,2024-10-14,80-120,3325.32
6739,Zaragoza,San José,Alquiler,Piso,383185.0,85.8,3.0,2.0,Reformado,1952-01-01,8,True,True,True,False,False,5.38,2025-02-11,80-120,4466.03
6740,Zaragoza,San José,Venta,Piso,167771.0,67.1,2.0,1.0,Buen estado,1980-01-01,3,True,False,False,True,False,,2025-03-29,40-80,2500.31
6741,Zaragoza,Delicias,Alquiler,Piso,176312.0,58.5,2.0,1.0,Buen estado,1977-01-01,4,True,True,False,False,False,6.49,2024-12-30,40-80,3013.88
6742,Zaragoza,San José,Venta,Piso,,109.3,3.0,2.0,Buen estado,1971-01-01,8,False,True,True,False,True,2.92,2024-11-29,80-120,
6743,Zaragoza,La Romareda,Venta,Piso,231511.0,72.5,2.0,1.0,Buen estado,2000-01-01,5,True,False,True,True,True,4.17,2024-12-17,40-80,3193.26
6744,Zaragoza,Delicias,Alquiler,Piso,201340.0,87.0,3.0,2.0,Buen estado,1968-01-01,8,False,False,False,True,False,4.75,2025-01-07,80-120,2314.25
6745,Zaragoza,Zaragoza_Centro,Venta,Piso,471772.0,156.29,4.0,2.0,Buen estado,1969-01-01,5,True,False,False,False,True,6.45,2025-01-14,120-160,3018.57
6746,Zaragoza,La Romareda,Venta,Piso,212411.0,91.61,3.0,2.0,Buen estado,1962-01-01,2,True,False,False,True,False,0.93,2025-02-03,80-120,2318.64
6747,Zaragoza,San José,Venta,Piso,224930.0,80.1,3.0,2.0,Buen estado,2011-01-01,3,False,True,False,True,True,5.66,2024-10-30,80-120,2808.11
6748,Zaragoza,La Romareda,Venta,Piso,258593.0,73.4,2.0,1.0,Buen estado,1998-01-01,8,True,False,True,True,False,3.51,2024-11-30,40-80,3523.07
6749,Zaragoza,Delicias,Alquiler,Piso,259842.0,103.97,3.0,2.0,Buen estado,1964-01-01,8,True,True,False,True,True,5.14,2024-10-17,80-120,2499.2
6750,Zaragoza,La Romareda,Alquiler,Piso,406118.0,113.4,3.0,2.0,Obra nueva,2019-01-01,8,True,False,True,False,False,5.61,2024-10-13,80-120,3581.29
6751,Zaragoza,Zaragoza_Centro,Alquiler,Piso,192231.0,88.2,3.0,2.0,Buen estado,1983-01-01,Bajo,True,True,False,False,True,6.51,2025-01-24,80-120,2179.49
6752,Zaragoza,La Romareda,Venta,Piso,193025.0,73.5,2.0,1.0,Reformado,1987-01-01,2,False,True,True,False,False,,2025-01-15,40-80,2626.19
6753,Zaragoza,Delicias,Venta,Sin_clasificar,,,2.0,1.0,Buen estado,2012-01-01,3,False,False,False,True,False,3.73,2024-12-19,,
6754,Zaragoza,Zaragoza_Centro,Alquiler,Piso,224840.0,71.3,2.0,1.0,Buen estado,1979-01-01,3,True,True,True,False,True,5.5,2025-03-17,40-80,3153.44
6755,Zaragoza,Zaragoza_Centro,Venta,Piso,244869.0,71.2,2.0,1.0,Reformado,1994-01-01,1,True,False,False,True,True,4.82,2025-02-21,40-80,3439.17
6756,Zaragoza,San José,Alquiler,Piso,365310.0,80.3,3.0,2.0,A reformar,1989-01-01,9,True,False,False,True,False,4.49,2025-03-21,80-120,4549.32
6757,Zaragoza,Zaragoza_Centro,Alquiler,Piso,339835.0,87.3,3.0,2.0,Buen estado,1976-01-01,4,True,False,False,True,False,5.74,2025-02-06,80-120,3892.73
6758,Zaragoza,San José,Venta,Piso,419531.0,115.0,3.0,2.0,Buen estado,1988-01-01,1,True,True,True,True,True,4.54,2024-10-29,80-120,3648.1
6759,Zaragoza,Zaragoza_Centro,Venta,Piso,223877.0,96.3,3.0,2.0,Buen estado,1988-01-01,3,True,True,False,True,False,3.4,2025-02-05,80-120,2324.79
6760,Zaragoza,La Romareda,Venta,Piso,210473.0,65.4,2.0,1.0,Buen estado,1994-01-01,7,True,False,False,True,False,4.24,2025-02-06,40-80,3218.24
6761,Zaragoza,San José,Alquiler,Piso,234080.0,91.7,3.0,2.0,Buen estado,1996-01-01,3,True,True,True,True,False,5.69,2024-12-20,80-120,2552.67
6762,Zaragoza,La Romareda,Venta,Piso,248872.0,69.6,2.0,1.0,Buen estado,1994-01-01,9,True,True,True,True,False,3.13,2024-11-11,40-80,3575.75
6763,Zaragoza,La Romareda,Venta,Piso,100582.0,51.3,2.0,1.0,Obra nueva,2021-01-01,7,True,False,True,True,False,7.58,2024-11-24,40-80,1960.66
6764,Zaragoza,San José,Venta,Piso,216972.0,79.8,2.0,1.0,Buen estado,1975-01-01,Bajo,True,True,True,False,False,7.38,2024-11-20,40-80,2718.95
6765,Zaragoza,Zaragoza_Centro,Venta,Piso,181586.0,67.4,2.0,1.0,Reformado,1984-01-01,2,False,False,False,False,False,5.03,2024-11-01,40-80,2694.15
6766,Zaragoza,Zaragoza_Centro,Alquiler,Piso,241294.0,68.0,2.0,1.0,Buen estado,1981-01-01,Bajo,True,True,True,True,False,3.1,2024-12-06,40-80,3548.44
6767,Zaragoza,San José,Venta,Sin_clasificar,,,4.0,2.0,Obra nueva,2023-01-01,8,False,True,False,True,False,4.47,2025-02-11,,
6768,Zaragoza,Delicias,Venta,Piso,318397.0,116.6,3.0,2.0,Obra nueva,2023-01-01,4,True,False,True,True,False,6.56,2025-02-04,80-120,2730.68
6769,Zaragoza,Delicias,Alquiler,Piso,231809.0,74.1,2.0,1.0,Reformado,2000-01-01,8,True,False,False,True,True,3.87,2024-12-11,40-80,3128.33
6770,Zaragoza,Delicias,Venta,Piso,192714.0,54.8,2.0,1.0,Buen estado,1988-01-01,7,False,False,False,False,True,3.16,2024-10-23,40-80,3516.68
6771,Zaragoza,San José,Venta,Piso,330008.0,109.3,3.0,2.0,Obra nueva,2023-01-01,9,True,True,True,False,False,2.42,2024-11-23,80-120,3019.29
6772,Zaragoza,Delicias,Venta,Sin_clasificar,,,2.0,2.0,Buen estado,2009-01-01,5,False,False,False,False,False,4.31,2024-12-27,,
6773,Zaragoza,San José,Venta,Ático,247963.0,77.8,2.0,1.0,Buen estado,1985-01-01,Ático,False,True,True,False,False,7.11,2025-02-07,40-80,3187.19
6774,Zaragoza,Delicias,Venta,Piso,211988.0,85.4,3.0,2.0,Buen estado,1970-01-01,8,True,False,True,False,True,4.79,2025-03-28,80-120,2482.3
6775,Zaragoza,Zaragoza_Centro,Venta,Piso,259657.0,93.8,3.0,2.0,Buen estado,1976-01-01,6,True,False,False,True,True,,2024-12-03,80-120,2768.2
6776,Zaragoza,San José,Alquiler,Piso,210794.0,63.7,2.0,1.0,Buen estado,1980-01-01,9,True,True,False,True,False,6.74,2024-12-31,40-80,3309.17
6777,Zaragoza,Delicias,Alquiler,Piso,218680.0,63.2,2.0,1.0,Obra nueva,2019-01-01,1,False,True,True,True,False,,2024-11-07,40-80,3460.13
6778,Zaragoza,Delicias,Alquiler,Piso,311569.0,97.0,3.0,2.0,A reformar,1995-01-01,5,True,False,False,False,False,5.3,2025-03-19,80-120,3212.05
6779,Zaragoza,Zaragoza_Centro,Venta,Piso,269456.0,95.3,3.0,2.0,Buen estado,1981-01-01,7,False,True,False,True,True,3.39,2025-03-04,80-120,2827.45
6780,Zaragoza,San José,Venta,Sin_clasificar,,,5.0,1.0,Buen estado,1992-01-01,9,False,True,False,False,True,,2025-01-14,,
6781,Zaragoza,Delicias,Venta,Piso,140412.0,51.4,2.0,1.0,Reformado,1951-01-01,7,True,False,False,False,False,4.26,2025-03-31,40-80,2731.75
6782,Zaragoza,San José,Venta,Ático,86002.0,37.9,0.0,1.0,Buen estado,2012-01-01,Ático,False,False,False,False,True,4.6,2024-11-17,0-40,2269.18
6783,Zaragoza,La Romareda,Venta,Piso,253228.0,106.1,3.0,2.0,Buen estado,2005-01-01,Bajo,False,False,False,True,False,5.53,2024-10-16,80-120,2386.69
6784,Zaragoza,Zaragoza_Centro,Alquiler,Piso,268021.0,99.6,3.0,2.0,Obra nueva,2023-01-01,6,True,True,True,True,True,4.4,2025-03-10,80-120,2690.97
6785,Zaragoza,Zaragoza_Centro,Venta,Piso,327555.0,110.8,3.0,2.0,Buen estado,1978-01-01,5,True,False,False,True,False,6.18,2025-03-08,80-120,2956.27
6786,Zaragoza,Delicias,Venta,Piso,,103.1,3.0,2.0,Obra nueva,2018-01-01,9,False,False,False,False,False,4.55,2025-04-06,80-120,
6787,Zaragoza,San José,Venta,Ático,352032.0,121.0,4.0,2.0,Obra nueva,2018-01-01,Ático,True,True,False,True,False,5.2,2025-02-16,120-160,2909.36
6788,Zaragoza,Zaragoza_Centro,Venta,Piso,361275.0,108.0,3.0,2.0,Reformado,1963-01-01,8,True,True,False,True,True,6.41,,80-120,3345.14
6789,Zaragoza,San José,Alquiler,Piso,314026.0,90.8,3.0,2.0,Buen estado,2000-01-01,7,True,False,False,False,False,4.51,2025-03-30,80-120,3458.44
6790,Zaragoza,Delicias,Alquiler,Piso,301201.0,93.4,3.0,2.0,Buen estado,1999-01-01,6,True,False,True,True,False,8.49,2025-01-25,80-120,3224.85
6791,Zaragoza,Delicias,Alquiler,Piso,161277.0,70.8,2.0,1.0,Buen estado,2000-01-01,8,True,True,False,True,False,4.59,2024-11-28,40-80,2277.92
6792,Zaragoza,Zaragoza_Centro,Alquiler,Piso,293987.0,88.3,3.0,2.0,Buen estado,1978-01-01,9,True,True,False,False,False,3.85,2025-02-04,80-120,3329.41
6793,Zaragoza,La Romareda,Alquiler,Piso,205659.0,82.4,3.0,2.0,Buen estado,1968-01-01,4,True,False,False,False,False,4.95,2024-11-30,80-120,2495.86
6794,Zaragoza,La Romareda,Venta,Ático,273824.0,114.7,3.0,2.0,Buen estado,1968-01-01,Ático,False,False,False,True,False,4.61,2025-01-31,80-120,2387.31
6795,Zaragoza,San José,Venta,Piso,218466.0,55.1,2.0,1.0,Reformado,1988-01-01,2,True,True,False,False,False,5.7,2025-01-16,40-80,3964.9
6796,Zaragoza,Delicias,Venta,Ático,121897.0,36.5,0.0,1.0,Buen estado,1996-01-01,Ático,True,False,False,True,False,3.81,2024-10-26,0-40,3339.64
6797,Zaragoza,Zaragoza_Centro,Venta,Piso,180908.0,80.6,3.0,2.0,Buen estado,1996-01-01,1,False,True,False,False,False,4.34,2024-12-13,80-120,2244.52
6798,Zaragoza,Zaragoza_Centro,Venta,Ático,129662.0,50.3,2.0,1.0,Buen estado,1967-01-01,Ático,True,False,False,False,False,2.66,2025-03-18,40-80,2577.77
6799,Zaragoza,La Romareda,Alquiler,Ático,187050.0,75.7,2.0,1.0,Obra nueva,2018-01-01,Ático,False,True,True,True,False,7.23,2025-03-05,40-80,2470.94
6800,Zaragoza,Zaragoza_Centro,Venta,Sin_clasificar,,,3.0,1.0,Buen estado,1988-01-01,6,False,False,True,False,True,5.03,2025-03-12,,
6801,Zaragoza,San José,Alquiler,Piso,356281.0,131.08,4.0,2.0,Buen estado,1991-01-01,1,True,True,False,False,True,3.84,2025-02-03,120-160,2718.04
6802,Zaragoza,Zaragoza_Centro,Alquiler,Piso,223820.0,71.8,2.0,1.0,Obra nueva,2020-01-01,6,True,True,False,False,False,5.03,2025-01-25,40-80,3117.27
6803,Zaragoza,La Romareda,Alquiler,Piso,267989.0,91.0,3.0,2.0,Buen estado,1992-01-01,5,True,False,False,False,False,,2024-11-28,80-120,2944.93
6804,Zaragoza,San José,Alquiler,Piso,247373.0,112.2,3.0,2.0,Buen estado,2003-01-01,2,False,True,False,False,True,6.86,2025-01-09,80-120,2204.75
6805,Zaragoza,Delicias,Venta,Sin_clasificar,,,4.0,1.0,Reformado,1961-01-01,7,False,True,False,True,False,3.81,2024-11-30,,
6806,Zaragoza,Delicias,Alquiler,Sin_clasificar,,,1.0,3.0,Buen estado,2003-01-01,1,True,True,False,True,False,1.51,2024-10-23,,
6807,Zaragoza,San José,Venta,Piso,167571.0,89.0,3.0,2.0,Buen estado,1982-01-01,4,True,False,False,True,True,4.59,2025-02-04,80-120,1882.82
6808,Zaragoza,San José,Venta,Piso,243571.0,95.0,3.0,2.0,Obra nueva,2018-01-01,2,True,True,True,False,True,2.69,2025-04-01,80-120,2563.91
6809,Zaragoza,San José,Venta,Piso,198424.0,69.6,2.0,1.0,Buen estado,1968-01-01,9,False,True,True,False,False,8.87,2024-11-30,40-80,2850.92
6810,Zaragoza,San José,Venta,Piso,120285.0,52.0,2.0,1.0,Obra nueva,2021-01-01,2,True,True,True,False,True,2.95,2025-01-29,40-80,2313.17
6811,Zaragoza,Delicias,Venta,Piso,203657.0,73.4,2.0,1.0,Buen estado,1981-01-01,Bajo,True,False,False,False,True,4.99,2025-03-07,40-80,2774.62
6812,Zaragoza,Delicias,Venta,Piso,219396.0,83.2,3.0,2.0,Buen estado,1978-01-01,6,False,False,False,True,False,4.35,2024-12-03,80-120,2636.97
6813,Zaragoza,Zaragoza_Centro,Venta,Piso,233043.0,84.7,3.0,2.0,Buen estado,1991-01-01,1,False,False,False,True,False,4.18,2024-10-22,80-120,2751.39
6814,Zaragoza,Delicias,Venta,Piso,208376.0,84.0,3.0,2.0,Buen estado,1970-01-01,8,True,False,False,False,False,4.3,2025-02-04,80-120,2480.67
6815,Zaragoza,Zaragoza_Centro,Alquiler,Piso,151239.0,74.9,2.0,1.0,Buen estado,1999-01-01,1,True,False,False,False,False,4.06,2024-11-30,40-80,2019.21
6816,Zaragoza,Delicias,Alquiler,Piso,,79.3,2.0,1.0,Buen estado,1940-01-01,7,False,False,False,False,False,3.54,2025-03-19,40-80,
6817,Zaragoza,La Romareda,Venta,Ático,204580.0,73.4,2.0,1.0,Buen estado,1995-01-01,Ático,True,True,False,False,False,5.42,2024-11-19,40-80,2787.19
6818,Zaragoza,Delicias,Venta,Piso,65459.0,43.1,2.0,1.0,Buen estado,1988-01-01,7,True,False,False,False,False,4.94,2025-04-05,40-80,1518.77
6819,Zaragoza,Zaragoza_Centro,Venta,Piso,209995.0,74.5,2.0,1.0,Buen estado,2002-01-01,Bajo,True,False,False,True,True,5.45,2025-02-07,40-80,2818.72
6820,Zaragoza,Zaragoza_Centro,Alquiler,Piso,257642.0,82.9,3.0,2.0,Reformado,1974-01-01,6,True,False,False,True,False,4.91,2025-03-13,80-120,3107.86
6821,Zaragoza,Zaragoza_Centro,Venta,Piso,237628.0,71.4,2.0,1.0,Buen estado,1987-01-01,7,True,False,True,False,False,5.2,2024-10-11,40-80,3328.12
6822,Zaragoza,Zaragoza_Centro,Venta,Piso,109228.0,42.2,2.0,1.0,Buen estado,1986-01-01,1,True,True,False,True,False,3.9,2024-12-02,40-80,2588.34
6823,Zaragoza,La Romareda,Venta,Piso,166834.0,53.2,2.0,1.0,Buen estado,1998-01-01,4,True,False,True,False,False,,2025-01-24,40-80,3135.98
6824,Zaragoza,Zaragoza_Centro,Venta,Piso,227311.0,110.6,3.0,2.0,Obra nueva,2022-01-01,4,True,True,False,True,False,6.13,2024-10-28,80-120,2055.25
6825,Zaragoza,Delicias,Venta,Piso,353939.0,98.9,3.0,2.0,Buen estado,2015-01-01,9,False,True,False,True,False,6.94,2024-10-26,80-120,3578.76
6826,Zaragoza,Delicias,Venta,Piso,359248.0,96.8,3.0,2.0,Buen estado,1955-01-01,9,True,False,False,False,False,5.58,2025-01-07,80-120,3711.24
6827,Zaragoza,San José,Alquiler,Piso,228488.0,74.3,2.0,1.0,Buen estado,1986-01-01,5,False,True,False,False,True,5.36,2025-01-03,40-80,3075.21
6828,Zaragoza,La Romareda,Venta,Piso,274607.0,85.1,3.0,2.0,Buen estado,1963-01-01,2,True,False,True,False,True,5.9,2025-04-03,80-120,3226.87
6829,Zaragoza,Delicias,Venta,Piso,232107.0,106.7,3.0,2.0,Reformado,1982-01-01,6,True,True,False,True,True,1.65,2024-11-27,80-120,2175.32
6830,Zaragoza,Zaragoza_Centro,Alquiler,Piso,148402.0,66.0,2.0,1.0,Buen estado,2007-01-01,2,False,True,False,False,False,1.32,2025-03-13,40-80,2248.52
6831,Zaragoza,La Romareda,Alquiler,Piso,201577.0,76.9,2.0,1.0,Buen estado,1984-01-01,7,True,True,True,False,False,2.64,2025-02-20,40-80,2621.29
6832,Zaragoza,San José,Venta,Piso,149843.0,85.7,3.0,2.0,Buen estado,1977-01-01,9,False,False,False,True,False,2.97,2025-03-24,80-120,1748.46
6833,Zaragoza,San José,Venta,Ático,,,1.0,,Buen estado,2014-01-01,Ático,False,False,True,False,False,4.88,2024-12-27,,
6834,Zaragoza,San José,Venta,Piso,324203.0,100.9,3.0,2.0,Buen estado,2004-01-01,Bajo,True,False,False,True,False,4.75,2025-02-02,80-120,3213.11
6835,Zaragoza,La Romareda,Alquiler,Piso,183206.0,75.8,2.0,1.0,Obra nueva,2018-01-01,8,True,True,True,True,False,4.69,2025-01-07,40-80,2416.97
6836,Zaragoza,Zaragoza_Centro,Venta,Piso,131287.0,50.4,2.0,1.0,Buen estado,1972-01-01,5,True,False,True,True,False,2.95,2025-01-20,40-80,2604.9
6837,Zaragoza,Delicias,Alquiler,Ático,191207.0,83.9,3.0,2.0,Obra nueva,2023-01-01,Ático,True,False,True,False,True,5.48,2025-01-03,80-120,2278.99
6838,Zaragoza,Zaragoza_Centro,Venta,Piso,180649.0,67.4,2.0,1.0,Buen estado,1981-01-01,Bajo,False,False,True,True,False,4.54,2025-03-01,40-80,2680.25
6839,Zaragoza,San José,Venta,Piso,312170.0,97.4,3.0,2.0,A reformar,1977-01-01,4,False,False,True,False,False,5.22,2025-02-13,80-120,3205.03
6840,Zaragoza,San José,Venta,Estudio,109034.0,39.0,0.0,1.0,Buen estado,1988-01-01,8,True,False,True,False,True,3.1,2025-01-26,0-40,2795.74
6841,Zaragoza,San José,Venta,Piso,105713.0,79.6,2.0,1.0,Buen estado,1995-01-01,6,False,False,False,False,True,5.97,2025-01-01,40-80,1328.05
6842,Zaragoza,La Romareda,Alquiler,Piso,,59.5,2.0,1.0,Obra nueva,2021-01-01,4,False,True,True,True,False,5.06,2025-03-04,40-80,
6843,Zaragoza,San José,Alquiler,Piso,139467.0,57.8,2.0,1.0,Buen estado,1967-01-01,2,False,True,False,False,False,4.54,,40-80,2412.92
6844,Zaragoza,San José,Alquiler,Piso,181772.0,53.2,2.0,1.0,Buen estado,2002-01-01,1,False,False,False,True,False,2.0,2025-01-05,40-80,3416.77
6845,Zaragoza,Zaragoza_Centro,Venta,Ático,312680.0,82.3,3.0,2.0,Buen estado,2005-01-01,Ático,True,True,False,True,True,4.91,2025-02-13,80-120,3799.27
6846,Zaragoza,La Romareda,Venta,Piso,166929.0,76.7,2.0,1.0,Buen estado,1984-01-01,2,True,False,False,True,False,6.14,2024-11-07,40-80,2176.39
6847,Zaragoza,Delicias,Venta,Piso,195249.0,65.9,2.0,1.0,Buen estado,1965-01-01,7,True,False,False,False,False,3.85,2024-11-11,40-80,2962.81
6848,Zaragoza,San José,Venta,Piso,291799.0,96.8,3.0,2.0,Reformado,2002-01-01,9,True,False,False,False,False,8.39,2025-01-26,80-120,3014.45
6849,Zaragoza,La Romareda,Venta,Piso,235908.0,90.6,3.0,2.0,Reformado,1964-01-01,7,False,False,True,False,True,2.92,2025-02-01,80-120,2603.84
6850,Zaragoza,La Romareda,Alquiler,Piso,292259.0,104.9,3.0,2.0,Buen estado,1987-01-01,8,True,True,False,True,False,5.08,2024-12-29,80-120,2786.07
6851,Zaragoza,Zaragoza_Centro,Venta,Piso,249836.0,95.2,3.0,2.0,Obra nueva,2021-01-01,3,True,True,False,False,False,4.99,2025-01-16,80-120,2624.33
6852,Zaragoza,San José,Venta,Sin_clasificar,,,1.0,1.0,Buen estado,2004-01-01,8,True,False,True,True,False,5.13,2025-01-06,,
6853,Zaragoza,San José,Alquiler,Ático,173957.0,47.9,2.0,1.0,Buen estado,1986-01-01,Ático,False,True,False,True,False,4.39,2025-01-05,40-80,3631.67
6854,Zaragoza,Delicias,Venta,Piso,305630.0,91.2,3.0,2.0,Obra nueva,2022-01-01,8,True,True,False,False,True,3.01,2024-12-12,80-120,3351.21
6855,Zaragoza,Delicias,Venta,Piso,319361.0,105.8,3.0,2.0,Buen estado,1983-01-01,6,True,False,False,False,False,6.77,2024-10-25,80-120,3018.53
6856,Zaragoza,San José,Venta,Piso,,67.0,2.0,1.0,Buen estado,1984-01-01,7,False,False,True,True,False,,2024-12-12,40-80,
6857,Zaragoza,San José,Venta,Sin_clasificar,,,1.0,1.0,Buen estado,1949-01-01,2,True,False,True,True,False,6.26,2024-10-29,,
6858,Zaragoza,La Romareda,Venta,Piso,256537.0,102.3,3.0,2.0,Buen estado,1982-01-01,5,False,True,True,False,True,2.8,2025-01-15,80-120,2507.69
6859,Zaragoza,Zaragoza_Centro,Alquiler,Piso,146250.0,54.9,2.0,1.0,Buen estado,1986-01-01,8,True,False,False,True,False,5.35,2025-03-02,40-80,2663.93
6860,Zaragoza,San José,Venta,Piso,307017.0,114.7,3.0,2.0,Reformado,1985-01-01,8,False,True,False,False,False,4.4,2024-12-04,80-120,2676.7
6861,Zaragoza,La Romareda,Alquiler,Piso,162718.0,60.5,2.0,1.0,Buen estado,2003-01-01,Bajo,True,True,False,False,False,5.36,2024-10-24,40-80,2689.55
6862,Zaragoza,Delicias,Venta,Piso,255206.0,98.8,3.0,2.0,Buen estado,1974-01-01,1,True,False,False,False,False,6.73,2025-01-29,80-120,2583.06
6863,Zaragoza,La Romareda,Venta,Piso,263086.0,87.6,3.0,2.0,Buen estado,1993-01-01,5,False,True,False,False,True,5.07,2025-03-03,80-120,3003.26
6864,Zaragoza,Zaragoza_Centro,Venta,Piso,249575.0,99.7,3.0,2.0,Reformado,1988-01-01,4,False,True,False,True,False,2.4,2025-01-21,80-120,2503.26
6865,Zaragoza,La Romareda,Alquiler,Sin_clasificar,,,3.0,3.0,Buen estado,2011-01-01,2,False,False,True,True,False,9.02,2024-11-26,,
6866,Zaragoza,La Romareda,Venta,Piso,105362.0,49.3,2.0,1.0,Buen estado,1994-01-01,6,False,False,False,True,False,7.73,,40-80,2137.16
6867,Zaragoza,La Romareda,Venta,Piso,181833.0,76.6,2.0,1.0,Buen estado,1985-01-01,5,True,True,True,False,False,4.22,2025-03-14,40-80,2373.8
6868,Zaragoza,San José,Venta,Piso,214252.0,108.8,3.0,2.0,Buen estado,2013-01-01,8,False,True,True,False,False,5.31,2024-10-14,80-120,1969.23
6869,Zaragoza,San José,Alquiler,Piso,274496.0,103.5,3.0,2.0,Buen estado,1963-01-01,1,True,True,True,False,True,8.69,,80-120,2652.14
6870,Zaragoza,San José,Alquiler,Ático,349405.0,99.2,3.0,2.0,Buen estado,1978-01-01,Ático,False,False,False,False,True,5.58,2024-12-31,80-120,3522.23
6871,Zaragoza,San José,Venta,Piso,245081.0,95.6,3.0,2.0,Buen estado,1988-01-01,7,False,False,False,False,False,4.37,2024-11-26,80-120,2563.61
6872,Zaragoza,San José,Alquiler,Piso,206838.0,66.8,2.0,1.0,Buen estado,1978-01-01,7,True,True,False,True,True,3.76,2025-02-02,40-80,3096.38
6873,Zaragoza,La Romareda,Venta,Piso,200416.0,65.9,2.0,1.0,Obra nueva,2021-01-01,6,False,False,False,True,True,3.34,2025-01-22,40-80,3041.21
6874,Zaragoza,Zaragoza_Centro,Venta,Estudio,59138.0,30.0,0.0,1.0,A reformar,1991-01-01,8,True,False,False,True,False,4.95,2024-12-31,0-40,1971.27
6875,Zaragoza,Delicias,Alquiler,Ático,200099.0,67.3,2.0,1.0,Obra nueva,2023-01-01,Ático,True,True,False,True,True,7.72,2024-12-22,40-80,2973.24
6876,Zaragoza,Delicias,Alquiler,Sin_clasificar,,,,1.0,Buen estado,1978-01-01,2,False,False,False,False,True,6.44,2025-03-11,,
6877,Zaragoza,San José,Venta,Piso,191396.0,66.9,2.0,1.0,A reformar,1977-01-01,Bajo,True,True,False,True,True,4.56,2025-04-02,40-80,2860.93
6878,Zaragoza,Zaragoza_Centro,Venta,Piso,276224.0,89.0,3.0,2.0,Buen estado,1971-01-01,2,False,False,False,True,True,3.36,2025-04-03,80-120,3103.64
6879,Zaragoza,La Romareda,Venta,Piso,187758.0,69.0,2.0,1.0,Buen estado,2010-01-01,5,True,True,True,True,False,4.97,2024-12-22,40-80,2721.13
6880,Zaragoza,San José,Venta,Piso,196896.0,77.0,2.0,1.0,Buen estado,1980-01-01,1,True,False,False,False,False,7.18,2025-01-06,40-80,2557.09
6881,Zaragoza,San José,Venta,Piso,246312.0,74.3,2.0,1.0,Buen estado,1974-01-01,3,True,False,False,False,True,7.61,2025-03-07,40-80,3315.1
6882,Zaragoza,San José,Venta,Piso,316226.0,96.5,3.0,2.0,Buen estado,1950-01-01,1,True,True,False,True,True,6.94,2025-03-09,80-120,3276.95
6883,Zaragoza,San José,Venta,Piso,225699.0,61.3,2.0,1.0,Buen estado,1984-01-01,4,False,False,False,True,False,4.19,2024-10-10,40-80,3681.88
6884,Zaragoza,San José,Venta,Piso,216691.0,90.1,3.0,2.0,Buen estado,1984-01-01,8,True,True,False,False,False,1.02,2024-10-09,80-120,2405.01
6885,Zaragoza,Delicias,Venta,Piso,280041.0,107.2,3.0,2.0,Buen estado,1955-01-01,7,True,True,False,True,False,4.68,2024-11-14,80-120,2612.32
6886,Zaragoza,San José,Venta,Piso,205263.0,84.5,3.0,2.0,Reformado,1961-01-01,Bajo,True,False,True,True,False,5.31,2025-02-02,80-120,2429.15
6887,Zaragoza,Zaragoza_Centro,Venta,Piso,126989.0,53.7,2.0,1.0,Reformado,1991-01-01,6,True,True,False,True,False,5.11,2025-03-13,40-80,2364.79
6888,Zaragoza,San José,Venta,Piso,161232.0,43.6,2.0,1.0,Buen estado,1974-01-01,1,True,True,False,True,False,3.32,2024-12-29,40-80,3697.98
6889,Zaragoza,San José,Venta,Estudio,93950.0,37.0,0.0,1.0,Obra nueva,2019-01-01,7,True,True,False,False,True,7.65,,0-40,2539.19
6890,Zaragoza,Delicias,Venta,Piso,105312.0,41.9,2.0,1.0,Obra nueva,2019-01-01,1,True,False,False,False,False,4.59,2024-12-21,40-80,2513.41
6891,Zaragoza,La Romareda,Venta,Piso,151955.0,51.5,2.0,1.0,Buen estado,2002-01-01,3,True,True,True,True,False,7.0,2024-10-09,40-80,2950.58
6892,Zaragoza,San José,Venta,Piso,121601.0,52.0,2.0,1.0,Obra nueva,2022-01-01,5,True,True,False,True,False,,2025-02-21,40-80,2338.48
6893,Zaragoza,La Romareda,Venta,Piso,,45.3,2.0,1.0,Buen estado,2017-01-01,8,True,False,False,False,True,8.66,2024-11-30,40-80,
6894,Zaragoza,San José,Alquiler,Piso,233448.0,104.7,3.0,2.0,Reformado,1962-01-01,6,False,True,True,False,False,5.96,2025-01-30,80-120,2229.68
6895,Zaragoza,La Romareda,Venta,Piso,271739.0,118.6,3.0,2.0,Buen estado,2004-01-01,6,True,True,False,True,False,4.67,2024-10-20,80-120,2291.22
6896,Zaragoza,San José,Venta,Piso,133896.0,50.4,2.0,1.0,Reformado,1987-01-01,9,True,False,False,False,False,6.11,2025-01-08,40-80,2656.67
6897,Zaragoza,San José,Alquiler,Piso,257958.0,80.2,3.0,2.0,Obra nueva,2020-01-01,4,True,True,True,False,False,5.6,2024-11-03,80-120,3216.43
6898,Zaragoza,Zaragoza_Centro,Venta,Piso,179548.0,69.1,2.0,1.0,Buen estado,2005-01-01,7,True,False,True,False,False,3.54,2025-02-09,40-80,2598.38
6899,Zaragoza,La Romareda,Venta,Piso,296569.0,109.5,3.0,2.0,Buen estado,1952-01-01,5,True,True,False,False,False,4.23,2025-04-03,80-120,2708.39
6900,Zaragoza,Zaragoza_Centro,Venta,Piso,224601.0,102.9,3.0,2.0,Buen estado,1983-01-01,5,True,False,True,True,True,6.15,2025-02-21,80-120,2182.71
6901,Zaragoza,San José,Venta,Piso,163438.0,72.2,2.0,1.0,Buen estado,1962-01-01,5,True,True,False,False,True,6.21,2025-02-06,40-80,2263.68
6902,Zaragoza,La Romareda,Venta,Piso,273765.0,96.0,3.0,2.0,Buen estado,2003-01-01,1,True,False,False,False,False,7.85,2024-10-13,80-120,2851.72
6903,Zaragoza,Delicias,Venta,Piso,121187.0,70.9,2.0,1.0,Buen estado,1977-01-01,4,True,False,False,True,True,1.36,2025-03-06,40-80,1709.27
6904,Zaragoza,La Romareda,Venta,Piso,195576.0,67.0,2.0,1.0,Buen estado,1978-01-01,1,True,False,True,False,True,3.28,2025-01-26,40-80,2919.04
6905,Zaragoza,Zaragoza_Centro,Venta,Sin_clasificar,,,1.0,1.0,Buen estado,1981-01-01,6,False,True,False,False,True,5.83,2024-10-31,,
6906,Zaragoza,La Romareda,Venta,Ático,229927.0,87.5,3.0,2.0,Buen estado,2004-01-01,Ático,False,True,False,True,False,4.01,2025-03-25,80-120,2627.74
6907,Zaragoza,Delicias,Venta,Piso,125851.0,83.3,3.0,2.0,Obra nueva,2020-01-01,8,False,True,True,True,False,5.41,2024-12-25,80-120,1510.82
6908,Zaragoza,Zaragoza_Centro,Alquiler,Ático,230369.0,90.8,3.0,2.0,Buen estado,1977-01-01,Ático,False,True,False,True,False,6.08,2025-02-08,80-120,2537.1
6909,Zaragoza,Zaragoza_Centro,Venta,Piso,203028.0,73.4,2.0,1.0,Buen estado,1968-01-01,Bajo,True,False,True,True,False,3.56,,40-80,2766.05
6910,Zaragoza,San José,Venta,Piso,193789.0,69.0,2.0,1.0,Buen estado,1968-01-01,5,True,True,False,False,False,4.72,2025-01-28,40-80,2808.54
6911,Zaragoza,Delicias,Alquiler,Piso,209986.0,84.8,3.0,2.0,Buen estado,1975-01-01,8,False,True,False,True,False,1.82,,80-120,2476.25
6912,Zaragoza,La Romareda,Alquiler,Piso,252474.0,95.0,3.0,2.0,Buen estado,1982-01-01,6,True,False,False,True,False,4.98,2024-12-22,80-120,2657.62
6913,Zaragoza,San José,Venta,Piso,334097.0,109.9,3.0,2.0,Buen estado,1977-01-01,8,False,False,True,True,False,4.72,2024-11-02,80-120,3040.01
6914,Zaragoza,San José,Venta,Piso,274040.0,84.3,3.0,2.0,Buen estado,1993-01-01,1,False,True,False,True,False,3.98,2024-12-23,80-120,3250.77
6915,Zaragoza,La Romareda,Venta,Piso,189314.0,66.7,2.0,1.0,Reformado,1995-01-01,9,True,False,False,False,False,6.89,2025-03-19,40-80,2838.29
6916,Zaragoza,San José,Venta,Piso,231133.0,95.4,3.0,2.0,Buen estado,1969-01-01,Bajo,False,False,True,False,False,6.32,2024-10-17,80-120,2422.78
6917,Zaragoza,Delicias,Venta,Piso,132021.0,48.3,2.0,1.0,Reformado,1966-01-01,8,True,True,False,True,False,5.49,2024-10-13,40-80,2733.35
6918,Zaragoza,Delicias,Alquiler,Piso,257247.0,80.1,3.0,2.0,Obra nueva,2022-01-01,6,True,True,False,True,False,4.52,2025-02-12,80-120,3211.57
6919,Zaragoza,La Romareda,Alquiler,Piso,166252.0,72.6,2.0,1.0,Buen estado,1989-01-01,9,True,False,False,True,False,,2025-01-13,40-80,2289.97
6920,Zaragoza,Zaragoza_Centro,Alquiler,Estudio,76931.0,34.5,0.0,1.0,Buen estado,2004-01-01,7,True,False,False,False,False,5.25,2024-12-01,0-40,2229.88
6921,Zaragoza,Zaragoza_Centro,Venta,Piso,169872.0,81.7,3.0,2.0,Buen estado,1999-01-01,1,True,False,False,False,False,5.85,2025-01-18,80-120,2079.22
6922,Zaragoza,San José,Alquiler,Piso,225081.0,80.9,3.0,2.0,Buen estado,2000-01-01,Bajo,False,False,True,False,True,5.21,2024-12-06,80-120,2782.21
6923,Zaragoza,Delicias,Venta,Piso,292450.0,103.6,3.0,2.0,Buen estado,1964-01-01,1,False,True,True,True,False,3.16,2025-01-10,80-120,2822.88
6924,Zaragoza,Zaragoza_Centro,Venta,Piso,245742.0,86.4,3.0,2.0,Buen estado,1949-01-01,6,True,False,False,True,False,4.23,2025-01-15,80-120,2844.24
6925,Zaragoza,La Romareda,Venta,Piso,250089.0,80.5,3.0,2.0,Buen estado,1991-01-01,5,False,True,True,False,True,3.58,2024-12-04,80-120,3106.7
6926,Zaragoza,San José,Venta,Piso,498395.0,198.35,5.0,3.0,Buen estado,1989-01-01,7,False,False,False,True,True,,2025-01-18,160-200,2512.7
6927,Zaragoza,La Romareda,Alquiler,Piso,319382.0,114.3,3.0,2.0,Obra nueva,2022-01-01,5,True,True,False,True,False,3.18,2025-02-13,80-120,2794.24
6928,Zaragoza,Delicias,Venta,Ático,,,3.0,1.0,Buen estado,2017-01-01,Ático,True,False,False,True,True,5.5,2025-03-02,,
6929,Zaragoza,San José,Venta,Piso,221397.0,82.3,3.0,2.0,Buen estado,1980-01-01,1,False,True,False,False,False,5.54,2025-01-03,80-120,2690.12
6930,Zaragoza,San José,Venta,Piso,232731.0,79.6,2.0,1.0,Reformado,1961-01-01,2,True,False,False,True,True,5.41,2025-01-14,40-80,2923.76
6931,Zaragoza,Zaragoza_Centro,Venta,Piso,155821.0,77.9,2.0,1.0,Buen estado,1994-01-01,1,True,False,False,True,False,3.22,2025-01-23,40-80,2000.27
6932,Zaragoza,Delicias,Venta,Piso,211314.0,88.1,3.0,2.0,Obra nueva,2020-01-01,2,True,True,False,True,False,4.28,2025-01-27,80-120,2398.57
6933,Zaragoza,Delicias,Venta,Ático,214200.0,73.1,2.0,1.0,Buen estado,1985-01-01,Ático,True,False,False,True,True,5.31,2024-11-14,40-80,2930.23
6934,Zaragoza,San José,Alquiler,Piso,134204.0,59.6,2.0,1.0,A reformar,1965-01-01,4,False,True,True,False,True,4.0,2024-10-31,40-80,2251.74
6935,Zaragoza,Zaragoza_Centro,Alquiler,Piso,199599.0,71.4,2.0,1.0,Obra nueva,2022-01-01,Bajo,True,False,True,True,True,,2024-12-13,40-80,2795.5
6936,Zaragoza,San José,Alquiler,Piso,198823.0,72.8,2.0,1.0,Buen estado,1991-01-01,8,True,True,True,True,False,3.82,2024-11-27,40-80,2731.09
6937,Zaragoza,San José,Venta,Piso,180899.0,77.0,2.0,1.0,Buen estado,1997-01-01,2,True,False,True,False,False,,2024-12-27,40-80,2349.34
6938,Zaragoza,La Romareda,Alquiler,Piso,124197.0,89.6,3.0,2.0,Buen estado,2016-01-01,7,True,False,False,True,False,6.0,2024-12-20,80-120,1386.13
6939,Zaragoza,Zaragoza_Centro,Venta,Piso,287822.0,77.9,2.0,1.0,Obra nueva,2020-01-01,Bajo,False,True,False,True,False,7.52,2024-11-21,40-80,3694.76
6940,Zaragoza,San José,Venta,Piso,212459.0,87.0,3.0,2.0,Buen estado,1954-01-01,2,True,True,False,False,False,6.95,2024-12-31,80-120,2442.06
6941,Zaragoza,Delicias,Venta,Sin_clasificar,,,2.0,1.0,Buen estado,1967-01-01,6,True,False,True,False,True,3.88,,,
6942,Zaragoza,Zaragoza_Centro,Venta,Piso,265370.0,84.3,3.0,2.0,Buen estado,1974-01-01,5,True,False,True,True,False,6.08,2025-01-05,80-120,3147.92
6943,Zaragoza,Zaragoza_Centro,Alquiler,Piso,166791.0,63.9,2.0,1.0,Buen estado,1967-01-01,2,True,False,True,False,True,2.38,2025-03-18,40-80,2610.19
6944,Zaragoza,Delicias,Alquiler,Piso,231717.0,77.4,2.0,1.0,Buen estado,1987-01-01,5,False,True,False,False,True,5.19,2025-01-19,40-80,2993.76
6945,Zaragoza,Zaragoza_Centro,Venta,Piso,,86.2,3.0,2.0,Reformado,1960-01-01,2,True,False,False,False,False,3.17,2025-04-05,80-120,
6946,Zaragoza,Zaragoza_Centro,Venta,Piso,249520.0,102.4,3.0,2.0,Buen estado,1979-01-01,3,True,False,True,False,False,3.3,2024-11-30,80-120,2436.72
6947,Zaragoza,Delicias,Venta,Piso,234220.0,74.0,2.0,1.0,Buen estado,1987-01-01,3,False,True,False,False,False,4.0,2025-02-11,40-80,3165.14
6948,Zaragoza,Zaragoza_Centro,Alquiler,Piso,227080.0,71.1,2.0,1.0,Buen estado,1986-01-01,2,False,True,True,False,False,5.26,,40-80,3193.81
6949,Zaragoza,La Romareda,Venta,Piso,278820.0,93.2,3.0,2.0,Buen estado,1976-01-01,7,True,False,False,True,True,4.66,2025-01-26,80-120,2991.63
6950,Zaragoza,San José,Venta,Piso,108079.0,58.7,2.0,1.0,Buen estado,1949-01-01,8,False,False,False,True,True,3.88,2025-02-16,40-80,1841.21
6951,Zaragoza,Zaragoza_Centro,Venta,Piso,281900.0,102.6,3.0,2.0,Obra nueva,2022-01-01,7,True,True,True,False,False,2.95,2025-03-21,80-120,2747.56
6952,Zaragoza,San José,Alquiler,Piso,163614.0,52.5,2.0,1.0,Buen estado,1965-01-01,9,True,True,False,False,True,5.91,2024-12-22,40-80,3116.46
6953,Zaragoza,Delicias,Venta,Piso,121843.0,42.6,2.0,1.0,Buen estado,1991-01-01,6,False,True,True,True,True,3.0,2025-02-11,40-80,2860.16
6954,Zaragoza,Delicias,Venta,Piso,325692.0,91.4,3.0,2.0,A reformar,1985-01-01,6,True,True,False,True,False,4.54,2025-01-21,80-120,3563.37
6955,Zaragoza,Delicias,Alquiler,Ático,270624.0,98.8,3.0,2.0,Reformado,1982-01-01,Ático,True,False,False,True,False,6.83,2025-01-01,80-120,2739.11
6956,Zaragoza,La Romareda,Venta,Piso,132202.0,46.2,2.0,1.0,Buen estado,1973-01-01,8,True,False,False,False,False,4.69,2024-12-01,40-80,2861.52
6957,Zaragoza,La Romareda,Venta,Piso,172987.0,49.4,2.0,1.0,Buen estado,1970-01-01,3,False,True,False,True,False,6.04,2024-11-05,40-80,3501.76
6958,Zaragoza,San José,Venta,Piso,244029.0,87.0,3.0,2.0,Buen estado,1940-01-01,Bajo,True,True,False,False,True,,2024-12-01,80-120,2804.93
6959,Zaragoza,La Romareda,Venta,Ático,151736.0,84.4,3.0,2.0,Buen estado,1979-01-01,Ático,False,False,False,True,True,4.14,2024-11-02,80-120,1797.82
6960,Zaragoza,Zaragoza_Centro,Venta,Piso,195320.0,73.6,2.0,1.0,Buen estado,1983-01-01,Bajo,True,True,True,True,True,5.51,2024-11-18,40-80,2653.8
6961,Zaragoza,La Romareda,Venta,Estudio,96204.0,39.9,0.0,1.0,Reformado,2001-01-01,9,True,False,False,False,False,4.87,2024-12-04,0-40,2411.13
6962,Zaragoza,Delicias,Alquiler,Ático,140759.0,50.2,2.0,1.0,Buen estado,1985-01-01,Ático,True,True,False,False,True,6.13,2024-12-09,40-80,2803.96
6963,Zaragoza,San José,Venta,Piso,296992.0,87.3,3.0,2.0,Buen estado,2001-01-01,4,True,False,True,True,False,7.5,2024-10-31,80-120,3401.97
6964,Zaragoza,Delicias,Venta,Piso,175263.0,67.6,2.0,1.0,Buen estado,1974-01-01,6,False,False,False,True,True,5.61,2024-10-12,40-80,2592.65
6965,Zaragoza,San José,Alquiler,Piso,289623.0,102.4,3.0,2.0,Buen estado,1993-01-01,Bajo,False,True,False,False,True,6.48,2024-12-22,80-120,2828.35
6966,Zaragoza,San José,Venta,Ático,138403.0,57.0,2.0,1.0,Reformado,1991-01-01,Ático,True,True,False,False,True,4.22,2024-11-22,40-80,2428.12
6967,Zaragoza,La Romareda,Venta,Piso,111794.0,45.3,2.0,1.0,Buen estado,1983-01-01,9,True,False,True,False,False,4.8,2024-11-11,40-80,2467.86
6968,Zaragoza,La Romareda,Alquiler,Piso,141647.0,50.0,2.0,1.0,Buen estado,1971-01-01,8,True,False,False,True,False,5.58,2025-04-05,40-80,2832.94
6969,Zaragoza,La Romareda,Alquiler,Piso,265075.0,98.8,3.0,2.0,A reformar,1971-01-01,1,True,False,False,False,False,5.03,,80-120,2682.95
6970,Zaragoza,Delicias,Venta,Piso,279875.0,69.3,2.0,1.0,Buen estado,1987-01-01,8,True,False,True,True,False,1.39,2024-12-22,40-80,4038.6
6971,Zaragoza,Zaragoza_Centro,Venta,Piso,365302.0,115.3,3.0,2.0,Obra nueva,2022-01-01,7,True,True,False,True,True,5.77,2025-03-24,80-120,3168.27
6972,Zaragoza,Zaragoza_Centro,Venta,Piso,258785.0,93.5,3.0,2.0,Reformado,1999-01-01,1,False,False,False,False,False,5.32,2024-10-18,80-120,2767.75
6973,Zaragoza,San José,Venta,Piso,168600.0,88.3,3.0,2.0,A reformar,2004-01-01,8,True,True,False,False,True,4.24,2025-01-18,80-120,1909.4
6974,Zaragoza,San José,Alquiler,Piso,186567.0,87.1,3.0,2.0,Buen estado,1996-01-01,6,False,True,False,True,False,5.61,2025-02-27,80-120,2141.99
6975,Zaragoza,Zaragoza_Centro,Alquiler,Piso,182436.0,86.7,3.0,2.0,Obra nueva,2019-01-01,1,True,False,True,True,False,,2024-12-22,80-120,2104.22
6976,Zaragoza,Zaragoza_Centro,Venta,Piso,311912.0,106.3,3.0,2.0,A reformar,1987-01-01,Bajo,True,True,True,True,False,4.18,2025-02-20,80-120,2934.26
6977,Zaragoza,San José,Venta,Sin_clasificar,,,2.0,2.0,Buen estado,1986-01-01,Bajo,False,False,False,True,False,5.53,2024-11-27,,
6978,Zaragoza,Zaragoza_Centro,Venta,Piso,202138.0,53.1,2.0,1.0,Buen estado,1986-01-01,Bajo,True,True,False,False,False,3.6,2025-01-04,40-80,3806.74
6979,Zaragoza,San José,Venta,Ático,303753.0,104.9,3.0,2.0,Buen estado,1976-01-01,Ático,True,True,False,False,False,4.12,2024-11-23,80-120,2895.64
6980,Zaragoza,Delicias,Venta,Ático,291217.0,90.2,3.0,2.0,Buen estado,1956-01-01,Ático,True,True,True,False,False,3.51,2025-01-31,80-120,3228.57
6981,Zaragoza,La Romareda,Venta,Piso,210545.0,64.5,2.0,1.0,Buen estado,2018-01-01,1,True,True,False,True,False,6.82,2025-01-01,40-80,3264.26
6982,Zaragoza,La Romareda,Venta,Piso,,67.5,2.0,1.0,Buen estado,1995-01-01,2,False,False,False,True,True,3.56,2025-03-05,40-80,
6983,Zaragoza,San José,Venta,Piso,205772.0,72.2,2.0,1.0,Obra nueva,2020-01-01,Bajo,False,True,True,False,False,,2024-11-06,40-80,2850.03
6984,Zaragoza,Delicias,Venta,Ático,209323.0,64.9,2.0,1.0,Buen estado,2011-01-01,Ático,True,True,False,False,False,2.85,2024-12-23,40-80,3225.32
6985,Zaragoza,San José,Alquiler,Piso,236626.0,94.5,3.0,2.0,Buen estado,1990-01-01,1,True,False,False,True,True,5.85,2025-02-15,80-120,2503.98
6986,Zaragoza,San José,Alquiler,Piso,283510.0,116.8,3.0,2.0,Buen estado,1991-01-01,8,True,False,False,True,False,4.15,2024-10-22,80-120,2427.31
6987,Zaragoza,Zaragoza_Centro,Venta,Piso,128235.0,52.8,2.0,1.0,Obra nueva,2019-01-01,4,True,False,False,True,False,,2025-01-26,40-80,2428.69
6988,Zaragoza,La Romareda,Venta,Piso,336712.0,108.3,3.0,2.0,Obra nueva,2019-01-01,7,False,True,False,True,False,,2025-01-06,80-120,3109.07
6989,Zaragoza,Delicias,Alquiler,Piso,204224.0,69.9,2.0,1.0,Buen estado,2005-01-01,4,False,True,False,True,False,,2025-01-03,40-80,2921.66
6990,Zaragoza,La Romareda,Venta,Piso,266747.0,92.5,3.0,2.0,Buen estado,2005-01-01,7,True,False,False,False,False,4.83,2025-02-04,80-120,2883.75
6991,Zaragoza,Zaragoza_Centro,Venta,Piso,198632.0,83.8,3.0,2.0,Buen estado,1990-01-01,7,True,True,False,True,False,4.02,,80-120,2370.31
6992,Zaragoza,Zaragoza_Centro,Venta,Piso,280230.0,94.4,3.0,2.0,Buen estado,1992-01-01,5,False,False,False,True,False,3.17,2025-03-08,80-120,2968.54
6993,Zaragoza,Zaragoza_Centro,Venta,Piso,,57.3,2.0,1.0,Buen estado,1986-01-01,5,True,True,False,False,True,6.62,2025-03-30,40-80,
6994,Zaragoza,San José,Venta,Piso,204892.0,67.7,2.0,1.0,Buen estado,1990-01-01,1,True,True,False,True,True,5.39,2024-12-27,40-80,3026.47
6995,Zaragoza,San José,Venta,Piso,251575.0,82.7,3.0,2.0,Buen estado,1986-01-01,3,True,False,False,False,False,3.62,2024-12-31,80-120,3042.02
6996,Zaragoza,La Romareda,Venta,Piso,150411.0,70.5,2.0,1.0,Buen estado,1976-01-01,2,False,False,False,False,False,4.08,2025-01-15,40-80,2133.49
6997,Zaragoza,Zaragoza_Centro,Venta,Piso,147376.0,64.8,2.0,1.0,A reformar,1999-01-01,4,True,False,True,False,False,5.01,2024-11-11,40-80,2274.32
6998,Zaragoza,San José,Venta,Piso,461868.0,148.1,4.0,2.0,Buen estado,1956-01-01,6,False,True,False,True,False,5.59,2024-11-02,120-160,3118.62
6999,Zaragoza,Delicias,Venta,Piso,207797.0,66.3,2.0,1.0,Buen estado,1987-01-01,1,True,True,False,False,True,4.03,2024-10-10,40-80,3134.19
7000,Zaragoza,Zaragoza_Centro,Venta,Piso,236017.0,81.1,3.0,2.0,Buen estado,1985-01-01,9,True,False,False,False,False,3.11,2024-12-23,80-120,2910.2
